2025-05-01 19:13:59,097 - root - DEBUG - Logger configured with log file /home/revoo/work/NumDrift/Adder_service/internal/utils/Adder_service/internal/logs/outbox.log
2025-05-01 19:13:59,099 - root - DEBUG - Logger configured with log file /home/revoo/work/NumDrift/Adder_service/internal/utils/Adder_service/internal/logs/outbox.log
2025-05-01 19:13:59,116 - internal.adapters.database_initalizer - DEBUG - Initializing InitDB class
2025-05-01 19:13:59,117 - internal.adapters.database_initalizer - DEBUG - Loaded .env file from /home/revoo/work/NumDrift/Adder_service/.env
2025-05-01 19:13:59,117 - internal.adapters.database_initalizer - DEBUG - DB_URL loaded successfully
2025-05-01 19:13:59,139 - internal.adapters.database_initalizer - INFO - Database connection pool created successfully
2025-05-01 19:13:59,141 - internal.adapters.database_initalizer - DEBUG - Initializing InitDB class
2025-05-01 19:13:59,141 - internal.adapters.database_initalizer - DEBUG - Loaded .env file from /home/revoo/work/NumDrift/Adder_service/.env
2025-05-01 19:13:59,142 - internal.adapters.database_initalizer - DEBUG - DB_URL loaded successfully
2025-05-01 19:13:59,152 - internal.adapters.database_initalizer - INFO - Database connection pool created successfully
2025-05-01 19:13:59,152 - pika.adapters.select_connection - DEBUG - Using EPollPoller
2025-05-01 19:13:59,153 - pika.adapters.base_connection - DEBUG - Created default connection workflow <pika.adapters.utils.connection_workflow.AMQPConnectionWorkflow object at 0x748e0cba4ec0>
2025-05-01 19:13:59,153 - pika.adapters.utils.connection_workflow - DEBUG - Starting AMQP Connection workflow asynchronously.
2025-05-01 19:13:59,153 - pika.adapters.select_connection - DEBUG - call_later: added timeout <pika.adapters.select_connection._Timeout object at 0x748e0d356350> with deadline=67274.944038622 and callback=functools.partial(<bound method AMQPConnectionWorkflow._start_new_cycle_async of <pika.adapters.utils.connection_workflow.AMQPConnectionWorkflow object at 0x748e0cba4ec0>>, first=True); now=67274.944038622; delay=0
2025-05-01 19:13:59,153 - pika.adapters.utils.connection_workflow - DEBUG - Beginning a new AMQP connection workflow cycle; attempts remaining after this: 0
2025-05-01 19:13:59,153 - pika.adapters.select_connection - DEBUG - call_later: added timeout <pika.adapters.select_connection._Timeout object at 0x748e0d21cc70> with deadline=67274.944319909 and callback=<bound method AMQPConnectionWorkflow._try_next_config_async of <pika.adapters.utils.connection_workflow.AMQPConnectionWorkflow object at 0x748e0cba4ec0>>; now=67274.944319909; delay=0
2025-05-01 19:13:59,153 - pika.adapters.utils.connection_workflow - DEBUG - _try_next_config_async: 'localhost':5672
2025-05-01 19:13:59,157 - pika.adapters.select_connection - DEBUG - process_timeouts: invoking callback=<bound method _AddressResolver._dispatch_result of <pika.adapters.utils.selector_ioloop_adapter._AddressResolver object at 0x748e0cba5010>>
2025-05-01 19:13:59,157 - pika.adapters.utils.selector_ioloop_adapter - DEBUG - Invoking asynchronous getaddrinfo() completion callback; host='localhost'
2025-05-01 19:13:59,157 - pika.adapters.utils.connection_workflow - DEBUG - getaddrinfo returned 2 records
2025-05-01 19:13:59,157 - pika.adapters.utils.connection_workflow - DEBUG - Attempting to connect using address record (<AddressFamily.AF_INET6: 10>, <SocketKind.SOCK_STREAM: 1>, 6, '', ('::1', 5672, 0, 0))
2025-05-01 19:13:59,157 - pika.adapters.select_connection - DEBUG - add_callback_threadsafe: added callback=<bound method _AddressResolver._dispatch_result of <pika.adapters.utils.selector_ioloop_adapter._AddressResolver object at 0x748e0cba5010>>
2025-05-01 19:13:59,158 - pika.adapters.utils.connection_workflow - INFO - Pika version 1.3.2 connecting to ('::1', 5672, 0, 0)
2025-05-01 19:13:59,158 - pika.adapters.select_connection - DEBUG - add_callback_threadsafe: added callback=<bound method _AsyncSocketConnector._start_async of <pika.adapters.utils.io_services_utils._AsyncSocketConnector object at 0x748e0cba56a0>>
2025-05-01 19:13:59,158 - pika.adapters.select_connection - DEBUG - call_later: added timeout <pika.adapters.select_connection._Timeout object at 0x748e0d356350> with deadline=67284.949452244 and callback=<bound method AMQPConnector._on_tcp_connection_timeout of <pika.adapters.utils.connection_workflow.AMQPConnector object at 0x748e0cba52b0>>; now=67274.949452244; delay=10.0
2025-05-01 19:13:59,158 - pika.adapters.select_connection - DEBUG - call_later: added timeout <pika.adapters.select_connection._Timeout object at 0x748e0cb94610> with deadline=67289.949597574 and callback=<bound method AMQPConnector._on_overall_timeout of <pika.adapters.utils.connection_workflow.AMQPConnector object at 0x748e0cba52b0>>; now=67274.949597574; delay=15.0
2025-05-01 19:13:59,159 - pika.adapters.select_connection - DEBUG - process_timeouts: invoking callback=<bound method _AsyncSocketConnector._start_async of <pika.adapters.utils.io_services_utils._AsyncSocketConnector object at 0x748e0cba56a0>>
2025-05-01 19:13:59,159 - pika.adapters.utils.selector_ioloop_adapter - DEBUG - SelectorIOServicesAdapter.set_writer(13, <bound method _AsyncSocketConnector._on_writable of <pika.adapters.utils.io_services_utils._AsyncSocketConnector object at 0x748e0cba56a0>>)
2025-05-01 19:13:59,159 - pika.adapters.utils.selector_ioloop_adapter - DEBUG - set_writer(13, _) added handler Wr
2025-05-01 19:13:59,159 - pika.adapters.utils.io_services_utils - DEBUG - Connection-establishment is in progress for <socket.socket fd=13, family=10, type=1, proto=6, laddr=('::1', 34570, 0, 0), raddr=('::1', 5672, 0, 0)>.
2025-05-01 19:13:59,160 - pika.adapters.utils.io_services_utils - INFO - Socket connected: <socket.socket fd=13, family=10, type=1, proto=6, laddr=('::1', 34570, 0, 0), raddr=('::1', 5672, 0, 0)>
2025-05-01 19:13:59,160 - pika.adapters.utils.io_services_utils - DEBUG - _AsyncSocketConnector._report_completion(None); <socket.socket fd=13, family=10, type=1, proto=6, laddr=('::1', 34570, 0, 0), raddr=('::1', 5672, 0, 0)>
2025-05-01 19:13:59,160 - pika.adapters.utils.selector_ioloop_adapter - DEBUG - SelectorIOServicesAdapter.remove_writer(13)
2025-05-01 19:13:59,161 - pika.adapters.utils.selector_ioloop_adapter - DEBUG - remove_writer(13) removed handler
2025-05-01 19:13:59,161 - pika.adapters.select_connection - DEBUG - remove_timeout: removing timeout <pika.adapters.select_connection._Timeout object at 0x748e0d356350> with deadline=67284.949452244 and callback=<bound method AMQPConnector._on_tcp_connection_timeout of <pika.adapters.utils.connection_workflow.AMQPConnector object at 0x748e0cba52b0>>
2025-05-01 19:13:59,161 - pika.adapters.utils.connection_workflow - DEBUG - TCP connection to broker established: <socket.socket fd=13, family=10, type=1, proto=6, laddr=('::1', 34570, 0, 0), raddr=('::1', 5672, 0, 0)>.
2025-05-01 19:13:59,161 - pika.adapters.utils.io_services_utils - DEBUG - _AsyncStreamConnector.start(); <socket.socket fd=13, family=10, type=1, proto=6, laddr=('::1', 34570, 0, 0), raddr=('::1', 5672, 0, 0)>
2025-05-01 19:13:59,162 - pika.adapters.select_connection - DEBUG - add_callback_threadsafe: added callback=<bound method _AsyncStreamConnector._start_async of <pika.adapters.utils.io_services_utils._AsyncStreamConnector object at 0x748e0cba5010>>
2025-05-01 19:13:59,162 - pika.adapters.select_connection - DEBUG - process_timeouts: invoking callback=<bound method _AsyncStreamConnector._start_async of <pika.adapters.utils.io_services_utils._AsyncStreamConnector object at 0x748e0cba5010>>
2025-05-01 19:13:59,162 - pika.adapters.utils.io_services_utils - DEBUG - _AsyncStreamConnector._start_async(); <socket.socket fd=13, family=10, type=1, proto=6, laddr=('::1', 34570, 0, 0), raddr=('::1', 5672, 0, 0)>
2025-05-01 19:13:59,162 - pika.adapters.utils.io_services_utils - DEBUG - _AsyncStreamConnector._linkup()
2025-05-01 19:13:59,163 - pika.connection - DEBUG - New Connection state: CLOSED (prev=CLOSED)
2025-05-01 19:13:59,163 - pika.callback - DEBUG - Added: {'callback': <bound method Connection._on_connection_start of <SelectConnection CLOSED transport=None params=<ConnectionParameters host=localhost port=5672 virtual_host=/ ssl=False>>>, 'one_shot': True, 'only': None, 'arguments': None, 'calls': 1}
2025-05-01 19:13:59,163 - pika.callback - DEBUG - Added: {'callback': <bound method Connection._on_connection_close_from_broker of <SelectConnection CLOSED transport=None params=<ConnectionParameters host=localhost port=5672 virtual_host=/ ssl=False>>>, 'one_shot': True, 'only': None, 'arguments': None, 'calls': 1}
2025-05-01 19:13:59,163 - pika.callback - DEBUG - Added: {'callback': <bound method Connection._default_on_connection_error of <SelectConnection CLOSED transport=None params=<ConnectionParameters host=localhost port=5672 virtual_host=/ ssl=False>>>, 'one_shot': False, 'only': None, 'arguments': None}
2025-05-01 19:13:59,164 - pika.connection - DEBUG - New Connection state: INIT (prev=CLOSED)
2025-05-01 19:13:59,164 - pika.connection - DEBUG - Using external connection workflow.
2025-05-01 19:13:59,164 - pika.adapters.utils.io_services_utils - DEBUG - _AsyncTransportBase.__init__: <socket.socket fd=13, family=10, type=1, proto=6, laddr=('::1', 34570, 0, 0), raddr=('::1', 5672, 0, 0)>
2025-05-01 19:13:59,164 - pika.adapters.utils.selector_ioloop_adapter - DEBUG - SelectorIOServicesAdapter.set_reader(13, <bound method _AsyncPlaintextTransport._on_socket_readable of <pika.adapters.utils.io_services_utils._AsyncPlaintextTransport object at 0x748e0cba5940>>)
2025-05-01 19:13:59,165 - pika.adapters.utils.selector_ioloop_adapter - DEBUG - set_reader(13, _) added handler Rd
2025-05-01 19:13:59,165 - pika.adapters.utils.io_services_utils - DEBUG - _linkup(): created transport <pika.adapters.utils.io_services_utils._AsyncPlaintextTransport object at 0x748e0cba5940>
2025-05-01 19:13:59,165 - pika.connection - DEBUG - New Connection state: PROTOCOL (prev=INIT)
2025-05-01 19:13:59,165 - pika.adapters.utils.selector_ioloop_adapter - DEBUG - SelectorIOServicesAdapter.set_writer(13, <bound method _AsyncPlaintextTransport._on_socket_writable of <pika.adapters.utils.io_services_utils._AsyncPlaintextTransport object at 0x748e0cba5940>>)
2025-05-01 19:13:59,165 - pika.adapters.utils.selector_ioloop_adapter - DEBUG - set_writer(13, _) updated handler RdWr
2025-05-01 19:13:59,166 - pika.adapters.utils.io_services_utils - DEBUG - Turned on writability watcher: <socket.socket fd=13, family=10, type=1, proto=6, laddr=('::1', 34570, 0, 0), raddr=('::1', 5672, 0, 0)>
2025-05-01 19:13:59,166 - pika.adapters.utils.io_services_utils - DEBUG - _linkup(): introduced transport to protocol <pika.adapters.utils.io_services_utils._AsyncPlaintextTransport object at 0x748e0cba5940>; _StreamingProtocolShim: <SelectConnection PROTOCOL transport=<pika.adapters.utils.io_services_utils._AsyncPlaintextTransport object at 0x748e0cba5940> params=<ConnectionParameters host=localhost port=5672 virtual_host=/ ssl=False>>
2025-05-01 19:13:59,166 - pika.adapters.utils.io_services_utils - DEBUG - _AsyncStreamConnector._report_completion((<pika.adapters.utils.io_services_utils._AsyncPlaintextTransport object at 0x748e0cba5940>, _StreamingProtocolShim: <SelectConnection PROTOCOL transport=<pika.adapters.utils.io_services_utils._AsyncPlaintextTransport object at 0x748e0cba5940> params=<ConnectionParameters host=localhost port=5672 virtual_host=/ ssl=False>>)); <socket.socket fd=13, family=10, type=1, proto=6, laddr=('::1', 34570, 0, 0), raddr=('::1', 5672, 0, 0)>
2025-05-01 19:13:59,166 - pika.adapters.utils.connection_workflow - INFO - Streaming transport linked up: (<pika.adapters.utils.io_services_utils._AsyncPlaintextTransport object at 0x748e0cba5940>, _StreamingProtocolShim: <SelectConnection PROTOCOL transport=<pika.adapters.utils.io_services_utils._AsyncPlaintextTransport object at 0x748e0cba5940> params=<ConnectionParameters host=localhost port=5672 virtual_host=/ ssl=False>>).
2025-05-01 19:13:59,167 - pika.callback - DEBUG - Removing callback #0: {'callback': <bound method Connection._default_on_connection_error of <SelectConnection PROTOCOL transport=<pika.adapters.utils.io_services_utils._AsyncPlaintextTransport object at 0x748e0cba5940> params=<ConnectionParameters host=localhost port=5672 virtual_host=/ ssl=False>>>, 'one_shot': False, 'only': None, 'arguments': None}
2025-05-01 19:13:59,167 - pika.callback - DEBUG - Added: {'callback': <bound method AMQPConnector._on_amqp_handshake_done of <pika.adapters.utils.connection_workflow.AMQPConnector object at 0x748e0cba52b0>>, 'one_shot': False, 'only': None, 'arguments': None}
2025-05-01 19:13:59,167 - pika.callback - DEBUG - Added: {'callback': <bound method AMQPConnector._on_amqp_handshake_done of <pika.adapters.utils.connection_workflow.AMQPConnector object at 0x748e0cba52b0>>, 'one_shot': False, 'only': None, 'arguments': None}
2025-05-01 19:13:59,167 - pika.adapters.utils.io_services_utils - DEBUG - _AsyncStreamConnector._cleanup(False)
2025-05-01 19:13:59,168 - pika.adapters.utils.selector_ioloop_adapter - DEBUG - SelectorIOServicesAdapter.remove_writer(13)
2025-05-01 19:13:59,168 - pika.adapters.utils.selector_ioloop_adapter - DEBUG - remove_writer(13) updated handler Rd
2025-05-01 19:13:59,168 - pika.adapters.utils.io_services_utils - DEBUG - Turned off writability watcher: <socket.socket fd=13, family=10, type=1, proto=6, laddr=('::1', 34570, 0, 0), raddr=('::1', 5672, 0, 0)>
2025-05-01 19:13:59,170 - pika.callback - DEBUG - Processing 0:Connection.Start
2025-05-01 19:13:59,170 - pika.callback - DEBUG - Processing use of oneshot callback
2025-05-01 19:13:59,170 - pika.callback - DEBUG - 0 registered uses left
2025-05-01 19:13:59,170 - pika.callback - DEBUG - Removing callback #0: {'callback': <bound method Connection._on_connection_start of <SelectConnection PROTOCOL transport=<pika.adapters.utils.io_services_utils._AsyncPlaintextTransport object at 0x748e0cba5940> params=<ConnectionParameters host=localhost port=5672 virtual_host=/ ssl=False>>>, 'one_shot': True, 'only': None, 'arguments': None, 'calls': 0}
2025-05-01 19:13:59,171 - pika.callback - DEBUG - Calling <bound method Connection._on_connection_start of <SelectConnection PROTOCOL transport=<pika.adapters.utils.io_services_utils._AsyncPlaintextTransport object at 0x748e0cba5940> params=<ConnectionParameters host=localhost port=5672 virtual_host=/ ssl=False>>> for "0:Connection.Start"
2025-05-01 19:13:59,171 - pika.connection - DEBUG - New Connection state: START (prev=PROTOCOL)
2025-05-01 19:13:59,171 - pika.callback - DEBUG - Added: {'callback': <bound method Connection._on_connection_tune of <SelectConnection START transport=<pika.adapters.utils.io_services_utils._AsyncPlaintextTransport object at 0x748e0cba5940> params=<ConnectionParameters host=localhost port=5672 virtual_host=/ ssl=False>>>, 'one_shot': True, 'only': None, 'arguments': None, 'calls': 1}
2025-05-01 19:13:59,172 - pika.adapters.utils.selector_ioloop_adapter - DEBUG - SelectorIOServicesAdapter.set_writer(13, <bound method _AsyncPlaintextTransport._on_socket_writable of <pika.adapters.utils.io_services_utils._AsyncPlaintextTransport object at 0x748e0cba5940>>)
2025-05-01 19:13:59,172 - pika.adapters.utils.selector_ioloop_adapter - DEBUG - set_writer(13, _) updated handler RdWr
2025-05-01 19:13:59,172 - pika.adapters.utils.io_services_utils - DEBUG - Turned on writability watcher: <socket.socket fd=13, family=10, type=1, proto=6, laddr=('::1', 34570, 0, 0), raddr=('::1', 5672, 0, 0)>
2025-05-01 19:13:59,173 - pika.adapters.utils.io_services_utils - DEBUG - Recv would block on <socket.socket fd=13, family=10, type=1, proto=6, laddr=('::1', 34570, 0, 0), raddr=('::1', 5672, 0, 0)>
2025-05-01 19:13:59,173 - pika.adapters.utils.selector_ioloop_adapter - DEBUG - SelectorIOServicesAdapter.remove_writer(13)
2025-05-01 19:13:59,173 - pika.adapters.utils.selector_ioloop_adapter - DEBUG - remove_writer(13) updated handler Rd
2025-05-01 19:13:59,174 - pika.adapters.utils.io_services_utils - DEBUG - Turned off writability watcher: <socket.socket fd=13, family=10, type=1, proto=6, laddr=('::1', 34570, 0, 0), raddr=('::1', 5672, 0, 0)>
2025-05-01 19:13:59,183 - pika.callback - DEBUG - Processing 0:Connection.Tune
2025-05-01 19:13:59,183 - pika.callback - DEBUG - Processing use of oneshot callback
2025-05-01 19:13:59,183 - pika.callback - DEBUG - 0 registered uses left
2025-05-01 19:13:59,184 - pika.callback - DEBUG - Removing callback #0: {'callback': <bound method Connection._on_connection_tune of <SelectConnection START transport=<pika.adapters.utils.io_services_utils._AsyncPlaintextTransport object at 0x748e0cba5940> params=<ConnectionParameters host=localhost port=5672 virtual_host=/ ssl=False>>>, 'one_shot': True, 'only': None, 'arguments': None, 'calls': 0}
2025-05-01 19:13:59,184 - pika.callback - DEBUG - Calling <bound method Connection._on_connection_tune of <SelectConnection START transport=<pika.adapters.utils.io_services_utils._AsyncPlaintextTransport object at 0x748e0cba5940> params=<ConnectionParameters host=localhost port=5672 virtual_host=/ ssl=False>>> for "0:Connection.Tune"
2025-05-01 19:13:59,184 - pika.connection - DEBUG - New Connection state: TUNE (prev=START)
2025-05-01 19:13:59,184 - pika.connection - DEBUG - Creating a HeartbeatChecker: 60
2025-05-01 19:13:59,184 - pika.heartbeat - DEBUG - timeout: 60.000000 send_interval: 30.000000 check_interval: 65.000000
2025-05-01 19:13:59,184 - pika.adapters.select_connection - DEBUG - call_later: added timeout <pika.adapters.select_connection._Timeout object at 0x748e0caf18a0> with deadline=67304.975362894 and callback=<bound method HeartbeatChecker._send_heartbeat of <pika.heartbeat.HeartbeatChecker object at 0x748e0cba5a90>>; now=67274.975362894; delay=30.0
2025-05-01 19:13:59,184 - pika.adapters.select_connection - DEBUG - call_later: added timeout <pika.adapters.select_connection._Timeout object at 0x748e0cb95c00> with deadline=67339.97545133 and callback=<bound method HeartbeatChecker._check_heartbeat of <pika.heartbeat.HeartbeatChecker object at 0x748e0cba5a90>>; now=67274.97545133; delay=65
2025-05-01 19:13:59,184 - pika.adapters.utils.selector_ioloop_adapter - DEBUG - SelectorIOServicesAdapter.set_writer(13, <bound method _AsyncPlaintextTransport._on_socket_writable of <pika.adapters.utils.io_services_utils._AsyncPlaintextTransport object at 0x748e0cba5940>>)
2025-05-01 19:13:59,185 - pika.adapters.utils.selector_ioloop_adapter - DEBUG - set_writer(13, _) updated handler RdWr
2025-05-01 19:13:59,185 - pika.adapters.utils.io_services_utils - DEBUG - Turned on writability watcher: <socket.socket fd=13, family=10, type=1, proto=6, laddr=('::1', 34570, 0, 0), raddr=('::1', 5672, 0, 0)>
2025-05-01 19:13:59,185 - pika.callback - DEBUG - Added: {'callback': <bound method Connection._on_connection_open_ok of <SelectConnection TUNE transport=<pika.adapters.utils.io_services_utils._AsyncPlaintextTransport object at 0x748e0cba5940> params=<ConnectionParameters host=localhost port=5672 virtual_host=/ ssl=False>>>, 'one_shot': True, 'only': None, 'arguments': None, 'calls': 1}
2025-05-01 19:13:59,185 - pika.adapters.utils.io_services_utils - DEBUG - Recv would block on <socket.socket fd=13, family=10, type=1, proto=6, laddr=('::1', 34570, 0, 0), raddr=('::1', 5672, 0, 0)>
2025-05-01 19:13:59,185 - pika.adapters.utils.selector_ioloop_adapter - DEBUG - SelectorIOServicesAdapter.remove_writer(13)
2025-05-01 19:13:59,185 - pika.adapters.utils.selector_ioloop_adapter - DEBUG - remove_writer(13) updated handler Rd
2025-05-01 19:13:59,186 - pika.adapters.utils.io_services_utils - DEBUG - Turned off writability watcher: <socket.socket fd=13, family=10, type=1, proto=6, laddr=('::1', 34570, 0, 0), raddr=('::1', 5672, 0, 0)>
2025-05-01 19:13:59,187 - pika.callback - DEBUG - Processing 0:Connection.OpenOk
2025-05-01 19:13:59,187 - pika.callback - DEBUG - Processing use of oneshot callback
2025-05-01 19:13:59,188 - pika.callback - DEBUG - 0 registered uses left
2025-05-01 19:13:59,188 - pika.callback - DEBUG - Removing callback #0: {'callback': <bound method Connection._on_connection_open_ok of <SelectConnection TUNE transport=<pika.adapters.utils.io_services_utils._AsyncPlaintextTransport object at 0x748e0cba5940> params=<ConnectionParameters host=localhost port=5672 virtual_host=/ ssl=False>>>, 'one_shot': True, 'only': None, 'arguments': None, 'calls': 0}
2025-05-01 19:13:59,188 - pika.callback - DEBUG - Calling <bound method Connection._on_connection_open_ok of <SelectConnection TUNE transport=<pika.adapters.utils.io_services_utils._AsyncPlaintextTransport object at 0x748e0cba5940> params=<ConnectionParameters host=localhost port=5672 virtual_host=/ ssl=False>>> for "0:Connection.OpenOk"
2025-05-01 19:13:59,188 - pika.connection - DEBUG - New Connection state: OPEN (prev=TUNE)
2025-05-01 19:13:59,188 - pika.callback - DEBUG - Processing 0:_on_connection_open_ok
2025-05-01 19:13:59,188 - pika.callback - DEBUG - Calling <bound method AMQPConnector._on_amqp_handshake_done of <pika.adapters.utils.connection_workflow.AMQPConnector object at 0x748e0cba52b0>> for "0:_on_connection_open_ok"
2025-05-01 19:13:59,188 - pika.adapters.utils.connection_workflow - DEBUG - AMQPConnector: AMQP handshake attempt completed; state=3; error=None; 'localhost'/(<AddressFamily.AF_INET6: 10>, <SocketKind.SOCK_STREAM: 1>, 6, '', ('::1', 5672, 0, 0))
2025-05-01 19:13:59,189 - pika.adapters.utils.connection_workflow - DEBUG - AMQPConnector: AMQP connection established for 'localhost'/(<AddressFamily.AF_INET6: 10>, <SocketKind.SOCK_STREAM: 1>, 6, '', ('::1', 5672, 0, 0)): <SelectConnection OPEN transport=<pika.adapters.utils.io_services_utils._AsyncPlaintextTransport object at 0x748e0cba5940> params=<ConnectionParameters host=localhost port=5672 virtual_host=/ ssl=False>>
2025-05-01 19:13:59,189 - pika.adapters.utils.connection_workflow - INFO - AMQPConnector - reporting success: <SelectConnection OPEN transport=<pika.adapters.utils.io_services_utils._AsyncPlaintextTransport object at 0x748e0cba5940> params=<ConnectionParameters host=localhost port=5672 virtual_host=/ ssl=False>>
2025-05-01 19:13:59,189 - pika.adapters.select_connection - DEBUG - remove_timeout: removing timeout <pika.adapters.select_connection._Timeout object at 0x748e0cb94610> with deadline=67289.949597574 and callback=<bound method AMQPConnector._on_overall_timeout of <pika.adapters.utils.connection_workflow.AMQPConnector object at 0x748e0cba52b0>>
2025-05-01 19:13:59,189 - pika.adapters.utils.connection_workflow - DEBUG - Connection attempt completed with <SelectConnection OPEN transport=<pika.adapters.utils.io_services_utils._AsyncPlaintextTransport object at 0x748e0cba5940> params=<ConnectionParameters host=localhost port=5672 virtual_host=/ ssl=False>>
2025-05-01 19:13:59,189 - pika.adapters.utils.connection_workflow - INFO - AMQPConnectionWorkflow - reporting success: <SelectConnection OPEN transport=<pika.adapters.utils.io_services_utils._AsyncPlaintextTransport object at 0x748e0cba5940> params=<ConnectionParameters host=localhost port=5672 virtual_host=/ ssl=False>>
2025-05-01 19:13:59,189 - pika.adapters.utils.io_services_utils - DEBUG - Recv would block on <socket.socket fd=13, family=10, type=1, proto=6, laddr=('::1', 34570, 0, 0), raddr=('::1', 5672, 0, 0)>
2025-05-01 19:13:59,189 - pika.adapters.blocking_connection - INFO - Connection workflow succeeded: <SelectConnection OPEN transport=<pika.adapters.utils.io_services_utils._AsyncPlaintextTransport object at 0x748e0cba5940> params=<ConnectionParameters host=localhost port=5672 virtual_host=/ ssl=False>>
2025-05-01 19:13:59,189 - pika.callback - DEBUG - Added: {'callback': <bound method _CallbackResult.set_value_once of <pika.adapters.blocking_connection._CallbackResult object at 0x748e0cb0cd00>>, 'one_shot': False, 'only': None, 'arguments': None}
2025-05-01 19:13:59,189 - pika.connection - DEBUG - Creating channel 1
2025-05-01 19:13:59,190 - pika.callback - DEBUG - Added: {'callback': <bound method Connection._on_channel_cleanup of <SelectConnection OPEN transport=<pika.adapters.utils.io_services_utils._AsyncPlaintextTransport object at 0x748e0cba5940> params=<ConnectionParameters host=localhost port=5672 virtual_host=/ ssl=False>>>, 'one_shot': True, 'only': <Channel number=1 CLOSED conn=<SelectConnection OPEN transport=<pika.adapters.utils.io_services_utils._AsyncPlaintextTransport object at 0x748e0cba5940> params=<ConnectionParameters host=localhost port=5672 virtual_host=/ ssl=False>>>, 'arguments': None, 'calls': 1}
2025-05-01 19:13:59,190 - pika.callback - DEBUG - Added: {'callback': <bound method Channel._on_getempty of <Channel number=1 OPENING conn=<SelectConnection OPEN transport=<pika.adapters.utils.io_services_utils._AsyncPlaintextTransport object at 0x748e0cba5940> params=<ConnectionParameters host=localhost port=5672 virtual_host=/ ssl=False>>>>, 'one_shot': False, 'only': None, 'arguments': None}
2025-05-01 19:13:59,190 - pika.callback - DEBUG - Added: {'callback': <bound method Channel._on_cancel of <Channel number=1 OPENING conn=<SelectConnection OPEN transport=<pika.adapters.utils.io_services_utils._AsyncPlaintextTransport object at 0x748e0cba5940> params=<ConnectionParameters host=localhost port=5672 virtual_host=/ ssl=False>>>>, 'one_shot': False, 'only': None, 'arguments': None}
2025-05-01 19:13:59,190 - pika.callback - DEBUG - Added: {'callback': <bound method Channel._on_flow of <Channel number=1 OPENING conn=<SelectConnection OPEN transport=<pika.adapters.utils.io_services_utils._AsyncPlaintextTransport object at 0x748e0cba5940> params=<ConnectionParameters host=localhost port=5672 virtual_host=/ ssl=False>>>>, 'one_shot': False, 'only': None, 'arguments': None}
2025-05-01 19:13:59,190 - pika.callback - DEBUG - Added: {'callback': <bound method Channel._on_close_from_broker of <Channel number=1 OPENING conn=<SelectConnection OPEN transport=<pika.adapters.utils.io_services_utils._AsyncPlaintextTransport object at 0x748e0cba5940> params=<ConnectionParameters host=localhost port=5672 virtual_host=/ ssl=False>>>>, 'one_shot': True, 'only': None, 'arguments': None, 'calls': 1}
2025-05-01 19:13:59,190 - pika.adapters.utils.selector_ioloop_adapter - DEBUG - SelectorIOServicesAdapter.set_writer(13, <bound method _AsyncPlaintextTransport._on_socket_writable of <pika.adapters.utils.io_services_utils._AsyncPlaintextTransport object at 0x748e0cba5940>>)
2025-05-01 19:13:59,191 - pika.adapters.utils.selector_ioloop_adapter - DEBUG - set_writer(13, _) updated handler RdWr
2025-05-01 19:13:59,191 - pika.adapters.utils.io_services_utils - DEBUG - Turned on writability watcher: <socket.socket fd=13, family=10, type=1, proto=6, laddr=('::1', 34570, 0, 0), raddr=('::1', 5672, 0, 0)>
2025-05-01 19:13:59,191 - pika.channel - DEBUG - Entering blocking state on frame <Channel.Open(['out_of_band='])>; acceptable_replies=[<class 'pika.spec.Channel.OpenOk'>]
2025-05-01 19:13:59,192 - pika.channel - DEBUG - Adding on_synchronous_complete callback
2025-05-01 19:13:59,192 - pika.callback - DEBUG - Added: {'callback': <bound method Channel._on_synchronous_complete of <Channel number=1 OPENING conn=<SelectConnection OPEN transport=<pika.adapters.utils.io_services_utils._AsyncPlaintextTransport object at 0x748e0cba5940> params=<ConnectionParameters host=localhost port=5672 virtual_host=/ ssl=False>>>>, 'one_shot': True, 'only': None, 'arguments': None, 'calls': 1}
2025-05-01 19:13:59,192 - pika.channel - DEBUG - Adding passed-in RPC response callback
2025-05-01 19:13:59,192 - pika.callback - DEBUG - Added: {'callback': <bound method Channel._on_openok of <Channel number=1 OPENING conn=<SelectConnection OPEN transport=<pika.adapters.utils.io_services_utils._AsyncPlaintextTransport object at 0x748e0cba5940> params=<ConnectionParameters host=localhost port=5672 virtual_host=/ ssl=False>>>>, 'one_shot': True, 'only': None, 'arguments': None, 'calls': 1}
2025-05-01 19:13:59,193 - pika.callback - DEBUG - Added: {'callback': <bound method BlockingChannel._on_consumer_cancelled_by_broker of <BlockingChannel impl=<Channel number=1 OPENING conn=<SelectConnection OPEN transport=<pika.adapters.utils.io_services_utils._AsyncPlaintextTransport object at 0x748e0cba5940> params=<ConnectionParameters host=localhost port=5672 virtual_host=/ ssl=False>>>>>, 'one_shot': False, 'only': None, 'arguments': None}
2025-05-01 19:13:59,193 - pika.callback - DEBUG - Added: {'callback': <bound method _CallbackResult.signal_once of <pika.adapters.blocking_connection._CallbackResult object at 0x748e0cbc4e40>>, 'one_shot': False, 'only': None, 'arguments': None}
2025-05-01 19:13:59,193 - pika.callback - DEBUG - Added: {'callback': <bound method BlockingChannel._on_channel_closed of <BlockingChannel impl=<Channel number=1 OPENING conn=<SelectConnection OPEN transport=<pika.adapters.utils.io_services_utils._AsyncPlaintextTransport object at 0x748e0cba5940> params=<ConnectionParameters host=localhost port=5672 virtual_host=/ ssl=False>>>>>, 'one_shot': False, 'only': <Channel number=1 OPENING conn=<SelectConnection OPEN transport=<pika.adapters.utils.io_services_utils._AsyncPlaintextTransport object at 0x748e0cba5940> params=<ConnectionParameters host=localhost port=5672 virtual_host=/ ssl=False>>>, 'arguments': None}
2025-05-01 19:13:59,193 - pika.callback - DEBUG - Added: {'callback': <bound method _CallbackResult.set_value_once of <pika.adapters.blocking_connection._CallbackResult object at 0x748e0cbc4e80>>, 'one_shot': False, 'only': None, 'arguments': None}
2025-05-01 19:13:59,194 - pika.adapters.blocking_connection - INFO - Created channel=1
2025-05-01 19:13:59,194 - pika.adapters.utils.selector_ioloop_adapter - DEBUG - SelectorIOServicesAdapter.remove_writer(13)
2025-05-01 19:13:59,194 - pika.adapters.utils.selector_ioloop_adapter - DEBUG - remove_writer(13) updated handler Rd
2025-05-01 19:13:59,194 - pika.adapters.utils.io_services_utils - DEBUG - Turned off writability watcher: <socket.socket fd=13, family=10, type=1, proto=6, laddr=('::1', 34570, 0, 0), raddr=('::1', 5672, 0, 0)>
2025-05-01 19:13:59,195 - pika.callback - DEBUG - Processing 1:Channel.OpenOk
2025-05-01 19:13:59,195 - pika.callback - DEBUG - Processing use of oneshot callback
2025-05-01 19:13:59,195 - pika.callback - DEBUG - 0 registered uses left
2025-05-01 19:13:59,196 - pika.callback - DEBUG - Removing callback #0: {'callback': <bound method Channel._on_synchronous_complete of <Channel number=1 OPENING conn=<SelectConnection OPEN transport=<pika.adapters.utils.io_services_utils._AsyncPlaintextTransport object at 0x748e0cba5940> params=<ConnectionParameters host=localhost port=5672 virtual_host=/ ssl=False>>>>, 'one_shot': True, 'only': None, 'arguments': None, 'calls': 0}
2025-05-01 19:13:59,196 - pika.callback - DEBUG - Processing use of oneshot callback
2025-05-01 19:13:59,196 - pika.callback - DEBUG - 0 registered uses left
2025-05-01 19:13:59,196 - pika.callback - DEBUG - Removing callback #0: {'callback': <bound method Channel._on_openok of <Channel number=1 OPENING conn=<SelectConnection OPEN transport=<pika.adapters.utils.io_services_utils._AsyncPlaintextTransport object at 0x748e0cba5940> params=<ConnectionParameters host=localhost port=5672 virtual_host=/ ssl=False>>>>, 'one_shot': True, 'only': None, 'arguments': None, 'calls': 0}
2025-05-01 19:13:59,196 - pika.callback - DEBUG - Calling <bound method Channel._on_synchronous_complete of <Channel number=1 OPENING conn=<SelectConnection OPEN transport=<pika.adapters.utils.io_services_utils._AsyncPlaintextTransport object at 0x748e0cba5940> params=<ConnectionParameters host=localhost port=5672 virtual_host=/ ssl=False>>>> for "1:Channel.OpenOk"
2025-05-01 19:13:59,196 - pika.channel - DEBUG - 0 blocked frames
2025-05-01 19:13:59,196 - pika.callback - DEBUG - Calling <bound method Channel._on_openok of <Channel number=1 OPENING conn=<SelectConnection OPEN transport=<pika.adapters.utils.io_services_utils._AsyncPlaintextTransport object at 0x748e0cba5940> params=<ConnectionParameters host=localhost port=5672 virtual_host=/ ssl=False>>>> for "1:Channel.OpenOk"
2025-05-01 19:13:59,196 - pika.adapters.utils.io_services_utils - DEBUG - Recv would block on <socket.socket fd=13, family=10, type=1, proto=6, laddr=('::1', 34570, 0, 0), raddr=('::1', 5672, 0, 0)>
2025-05-01 19:13:59,196 - pika.adapters.utils.selector_ioloop_adapter - DEBUG - SelectorIOServicesAdapter.set_writer(13, <bound method _AsyncPlaintextTransport._on_socket_writable of <pika.adapters.utils.io_services_utils._AsyncPlaintextTransport object at 0x748e0cba5940>>)
2025-05-01 19:13:59,197 - pika.adapters.utils.selector_ioloop_adapter - DEBUG - set_writer(13, _) updated handler RdWr
2025-05-01 19:13:59,197 - pika.adapters.utils.io_services_utils - DEBUG - Turned on writability watcher: <socket.socket fd=13, family=10, type=1, proto=6, laddr=('::1', 34570, 0, 0), raddr=('::1', 5672, 0, 0)>
2025-05-01 19:13:59,197 - pika.channel - DEBUG - Entering blocking state on frame <Queue.Declare(['arguments={}', 'auto_delete=False', 'durable=False', 'exclusive=False', 'nowait=False', 'passive=False', 'queue=sums', 'ticket=0'])>; acceptable_replies=[(<class 'pika.spec.Queue.DeclareOk'>, {'queue': 'sums'})]
2025-05-01 19:13:59,197 - pika.channel - DEBUG - Adding on_synchronous_complete callback
2025-05-01 19:13:59,197 - pika.callback - DEBUG - Added: {'callback': <bound method Channel._on_synchronous_complete of <Channel number=1 OPEN conn=<SelectConnection OPEN transport=<pika.adapters.utils.io_services_utils._AsyncPlaintextTransport object at 0x748e0cba5940> params=<ConnectionParameters host=localhost port=5672 virtual_host=/ ssl=False>>>>, 'one_shot': True, 'only': None, 'arguments': {'queue': 'sums'}, 'calls': 1}
2025-05-01 19:13:59,197 - pika.channel - DEBUG - Adding passed-in RPC response callback
2025-05-01 19:13:59,197 - pika.callback - DEBUG - Added: {'callback': <bound method _CallbackResult.set_value_once of <pika.adapters.blocking_connection._CallbackResult object at 0x748e0f1604c0>>, 'one_shot': True, 'only': None, 'arguments': {'queue': 'sums'}, 'calls': 1}
2025-05-01 19:13:59,197 - pika.adapters.utils.selector_ioloop_adapter - DEBUG - SelectorIOServicesAdapter.remove_writer(13)
2025-05-01 19:13:59,197 - pika.adapters.utils.selector_ioloop_adapter - DEBUG - remove_writer(13) updated handler Rd
2025-05-01 19:13:59,198 - pika.adapters.utils.io_services_utils - DEBUG - Turned off writability watcher: <socket.socket fd=13, family=10, type=1, proto=6, laddr=('::1', 34570, 0, 0), raddr=('::1', 5672, 0, 0)>
2025-05-01 19:13:59,200 - pika.callback - DEBUG - Processing 1:Queue.DeclareOk
2025-05-01 19:13:59,200 - pika.callback - DEBUG - Processing use of oneshot callback
2025-05-01 19:13:59,200 - pika.callback - DEBUG - 0 registered uses left
2025-05-01 19:13:59,200 - pika.callback - DEBUG - Comparing {'queue': 'sums'} to {'queue': 'sums'}
2025-05-01 19:13:59,200 - pika.callback - DEBUG - Removing callback #0: {'callback': <bound method Channel._on_synchronous_complete of <Channel number=1 OPEN conn=<SelectConnection OPEN transport=<pika.adapters.utils.io_services_utils._AsyncPlaintextTransport object at 0x748e0cba5940> params=<ConnectionParameters host=localhost port=5672 virtual_host=/ ssl=False>>>>, 'one_shot': True, 'only': None, 'arguments': {'queue': 'sums'}, 'calls': 0}
2025-05-01 19:13:59,201 - pika.callback - DEBUG - Processing use of oneshot callback
2025-05-01 19:13:59,201 - pika.callback - DEBUG - 0 registered uses left
2025-05-01 19:13:59,201 - pika.callback - DEBUG - Comparing {'queue': 'sums'} to {'queue': 'sums'}
2025-05-01 19:13:59,201 - pika.callback - DEBUG - Removing callback #0: {'callback': <bound method _CallbackResult.set_value_once of <pika.adapters.blocking_connection._CallbackResult object at 0x748e0f1604c0>>, 'one_shot': True, 'only': None, 'arguments': {'queue': 'sums'}, 'calls': 0}
2025-05-01 19:13:59,201 - pika.callback - DEBUG - Calling <bound method Channel._on_synchronous_complete of <Channel number=1 OPEN conn=<SelectConnection OPEN transport=<pika.adapters.utils.io_services_utils._AsyncPlaintextTransport object at 0x748e0cba5940> params=<ConnectionParameters host=localhost port=5672 virtual_host=/ ssl=False>>>> for "1:Queue.DeclareOk"
2025-05-01 19:13:59,201 - pika.channel - DEBUG - 0 blocked frames
2025-05-01 19:13:59,201 - pika.callback - DEBUG - Calling <bound method _CallbackResult.set_value_once of <pika.adapters.blocking_connection._CallbackResult object at 0x748e0f1604c0>> for "1:Queue.DeclareOk"
2025-05-01 19:13:59,201 - pika.adapters.utils.io_services_utils - DEBUG - Recv would block on <socket.socket fd=13, family=10, type=1, proto=6, laddr=('::1', 34570, 0, 0), raddr=('::1', 5672, 0, 0)>
2025-05-01 19:13:59,202 - root - INFO - Starting outbox processor
2025-05-01 19:13:59,202 - root - INFO - Fetching pending messages from outbox
2025-05-01 19:13:59,202 - internal.adapters.database_initalizer - DEBUG - Requesting cursor via context manager
2025-05-01 19:13:59,202 - internal.adapters.database_initalizer - INFO - Successfully retrieved connection from pool
2025-05-01 19:13:59,205 - internal.adapters.database_initalizer - DEBUG - Returning connection to pool
2025-05-01 19:13:59,205 - internal.adapters.database_initalizer - INFO - Connection returned to pool
2025-05-01 19:13:59,205 - root - INFO - There are no outbox messages to be processed
2025-05-01 19:14:04,206 - root - INFO - Fetching pending messages from outbox
2025-05-01 19:14:04,206 - internal.adapters.database_initalizer - DEBUG - Requesting cursor via context manager
2025-05-01 19:14:04,207 - internal.adapters.database_initalizer - INFO - Successfully retrieved connection from pool
2025-05-01 19:14:04,210 - internal.adapters.database_initalizer - DEBUG - Returning connection to pool
2025-05-01 19:14:04,210 - internal.adapters.database_initalizer - INFO - Connection returned to pool
2025-05-01 19:14:04,211 - root - INFO - There are no outbox messages to be processed
2025-05-01 19:14:09,212 - root - INFO - Fetching pending messages from outbox
2025-05-01 19:14:09,212 - internal.adapters.database_initalizer - DEBUG - Requesting cursor via context manager
2025-05-01 19:14:09,213 - internal.adapters.database_initalizer - INFO - Successfully retrieved connection from pool
2025-05-01 19:14:09,218 - internal.adapters.database_initalizer - DEBUG - Returning connection to pool
2025-05-01 19:14:09,218 - internal.adapters.database_initalizer - INFO - Connection returned to pool
2025-05-01 19:14:09,218 - root - INFO - There are no outbox messages to be processed
2025-05-01 19:14:14,219 - root - INFO - Fetching pending messages from outbox
2025-05-01 19:14:14,219 - internal.adapters.database_initalizer - DEBUG - Requesting cursor via context manager
2025-05-01 19:14:14,219 - internal.adapters.database_initalizer - INFO - Successfully retrieved connection from pool
2025-05-01 19:14:14,221 - internal.adapters.database_initalizer - DEBUG - Returning connection to pool
2025-05-01 19:14:14,221 - internal.adapters.database_initalizer - INFO - Connection returned to pool
2025-05-01 19:14:14,221 - root - INFO - There are no outbox messages to be processed
2025-05-01 19:14:19,221 - root - INFO - Fetching pending messages from outbox
2025-05-01 19:14:19,222 - internal.adapters.database_initalizer - DEBUG - Requesting cursor via context manager
2025-05-01 19:14:19,222 - internal.adapters.database_initalizer - INFO - Successfully retrieved connection from pool
2025-05-01 19:14:19,224 - internal.adapters.database_initalizer - DEBUG - Returning connection to pool
2025-05-01 19:14:19,224 - internal.adapters.database_initalizer - INFO - Connection returned to pool
2025-05-01 19:14:19,224 - root - INFO - There are no outbox messages to be processed
2025-05-01 19:14:24,225 - root - INFO - Fetching pending messages from outbox
2025-05-01 19:14:24,225 - internal.adapters.database_initalizer - DEBUG - Requesting cursor via context manager
2025-05-01 19:14:24,225 - internal.adapters.database_initalizer - INFO - Successfully retrieved connection from pool
2025-05-01 19:14:24,235 - internal.adapters.database_initalizer - DEBUG - Returning connection to pool
2025-05-01 19:14:24,238 - internal.adapters.database_initalizer - INFO - Connection returned to pool
2025-05-01 19:14:24,239 - root - INFO - There are no outbox messages to be processed
2025-05-01 19:14:29,242 - root - INFO - Fetching pending messages from outbox
2025-05-01 19:14:29,242 - internal.adapters.database_initalizer - DEBUG - Requesting cursor via context manager
2025-05-01 19:14:29,242 - internal.adapters.database_initalizer - INFO - Successfully retrieved connection from pool
2025-05-01 19:14:29,246 - internal.adapters.database_initalizer - DEBUG - Returning connection to pool
2025-05-01 19:14:29,246 - internal.adapters.database_initalizer - INFO - Connection returned to pool
2025-05-01 19:14:29,247 - root - INFO - There are no outbox messages to be processed
2025-05-01 19:14:34,247 - root - INFO - Fetching pending messages from outbox
2025-05-01 19:14:34,247 - internal.adapters.database_initalizer - DEBUG - Requesting cursor via context manager
2025-05-01 19:14:34,247 - internal.adapters.database_initalizer - INFO - Successfully retrieved connection from pool
2025-05-01 19:14:34,249 - internal.adapters.database_initalizer - DEBUG - Returning connection to pool
2025-05-01 19:14:34,249 - internal.adapters.database_initalizer - INFO - Connection returned to pool
2025-05-01 19:14:34,249 - root - INFO - There are no outbox messages to be processed
2025-05-01 19:14:39,249 - root - INFO - Fetching pending messages from outbox
2025-05-01 19:14:39,250 - internal.adapters.database_initalizer - DEBUG - Requesting cursor via context manager
2025-05-01 19:14:39,250 - internal.adapters.database_initalizer - INFO - Successfully retrieved connection from pool
2025-05-01 19:14:39,252 - internal.adapters.database_initalizer - DEBUG - Returning connection to pool
2025-05-01 19:14:39,252 - internal.adapters.database_initalizer - INFO - Connection returned to pool
2025-05-01 19:14:39,252 - root - INFO - There are no outbox messages to be processed
2025-05-01 19:14:44,252 - root - INFO - Fetching pending messages from outbox
2025-05-01 19:14:44,253 - internal.adapters.database_initalizer - DEBUG - Requesting cursor via context manager
2025-05-01 19:14:44,253 - internal.adapters.database_initalizer - INFO - Successfully retrieved connection from pool
2025-05-01 19:14:44,255 - internal.adapters.database_initalizer - DEBUG - Returning connection to pool
2025-05-01 19:14:44,255 - internal.adapters.database_initalizer - INFO - Connection returned to pool
2025-05-01 19:14:44,255 - root - INFO - There are no outbox messages to be processed
2025-05-01 19:14:49,256 - root - INFO - Fetching pending messages from outbox
2025-05-01 19:14:49,256 - internal.adapters.database_initalizer - DEBUG - Requesting cursor via context manager
2025-05-01 19:14:49,256 - internal.adapters.database_initalizer - INFO - Successfully retrieved connection from pool
2025-05-01 19:14:49,261 - internal.adapters.database_initalizer - DEBUG - Returning connection to pool
2025-05-01 19:14:49,262 - internal.adapters.database_initalizer - INFO - Connection returned to pool
2025-05-01 19:14:49,262 - root - INFO - There are no outbox messages to be processed
2025-05-01 19:14:54,262 - root - INFO - Fetching pending messages from outbox
2025-05-01 19:14:54,263 - internal.adapters.database_initalizer - DEBUG - Requesting cursor via context manager
2025-05-01 19:14:54,263 - internal.adapters.database_initalizer - INFO - Successfully retrieved connection from pool
2025-05-01 19:14:54,268 - internal.adapters.database_initalizer - DEBUG - Returning connection to pool
2025-05-01 19:14:54,268 - internal.adapters.database_initalizer - INFO - Connection returned to pool
2025-05-01 19:14:54,268 - root - INFO - There are no outbox messages to be processed
2025-05-01 19:14:59,269 - root - INFO - Fetching pending messages from outbox
2025-05-01 19:14:59,269 - internal.adapters.database_initalizer - DEBUG - Requesting cursor via context manager
2025-05-01 19:14:59,270 - internal.adapters.database_initalizer - INFO - Successfully retrieved connection from pool
2025-05-01 19:14:59,275 - internal.adapters.database_initalizer - DEBUG - Returning connection to pool
2025-05-01 19:14:59,275 - internal.adapters.database_initalizer - INFO - Connection returned to pool
2025-05-01 19:14:59,275 - root - INFO - There are no outbox messages to be processed
2025-05-01 19:15:04,276 - root - INFO - Fetching pending messages from outbox
2025-05-01 19:15:04,276 - internal.adapters.database_initalizer - DEBUG - Requesting cursor via context manager
2025-05-01 19:15:04,276 - internal.adapters.database_initalizer - INFO - Successfully retrieved connection from pool
2025-05-01 19:15:04,278 - internal.adapters.database_initalizer - DEBUG - Returning connection to pool
2025-05-01 19:15:04,278 - internal.adapters.database_initalizer - INFO - Connection returned to pool
2025-05-01 19:15:04,278 - root - INFO - There are no outbox messages to be processed
2025-05-01 19:15:09,278 - root - INFO - Fetching pending messages from outbox
2025-05-01 19:15:09,278 - internal.adapters.database_initalizer - DEBUG - Requesting cursor via context manager
2025-05-01 19:15:09,279 - internal.adapters.database_initalizer - INFO - Successfully retrieved connection from pool
2025-05-01 19:15:09,281 - internal.adapters.database_initalizer - DEBUG - Returning connection to pool
2025-05-01 19:15:09,281 - internal.adapters.database_initalizer - INFO - Connection returned to pool
2025-05-01 19:15:09,281 - root - INFO - There are no outbox messages to be processed
2025-05-01 19:15:14,281 - root - INFO - Fetching pending messages from outbox
2025-05-01 19:15:14,282 - internal.adapters.database_initalizer - DEBUG - Requesting cursor via context manager
2025-05-01 19:15:14,282 - internal.adapters.database_initalizer - INFO - Successfully retrieved connection from pool
2025-05-01 19:15:14,283 - internal.adapters.database_initalizer - DEBUG - Returning connection to pool
2025-05-01 19:15:14,283 - internal.adapters.database_initalizer - INFO - Connection returned to pool
2025-05-01 19:15:14,284 - root - INFO - There are no outbox messages to be processed
2025-05-01 19:15:19,284 - root - INFO - Fetching pending messages from outbox
2025-05-01 19:15:19,284 - internal.adapters.database_initalizer - DEBUG - Requesting cursor via context manager
2025-05-01 19:15:19,284 - internal.adapters.database_initalizer - INFO - Successfully retrieved connection from pool
2025-05-01 19:15:19,286 - internal.adapters.database_initalizer - DEBUG - Returning connection to pool
2025-05-01 19:15:19,286 - internal.adapters.database_initalizer - INFO - Connection returned to pool
2025-05-01 19:15:19,286 - root - INFO - There are no outbox messages to be processed
2025-05-01 19:15:24,287 - root - INFO - Fetching pending messages from outbox
2025-05-01 19:15:24,287 - internal.adapters.database_initalizer - DEBUG - Requesting cursor via context manager
2025-05-01 19:15:24,287 - internal.adapters.database_initalizer - INFO - Successfully retrieved connection from pool
2025-05-01 19:15:24,292 - internal.adapters.database_initalizer - DEBUG - Returning connection to pool
2025-05-01 19:15:24,293 - internal.adapters.database_initalizer - INFO - Connection returned to pool
2025-05-01 19:15:24,293 - root - INFO - There are no outbox messages to be processed
2025-05-01 19:15:29,293 - root - INFO - Fetching pending messages from outbox
2025-05-01 19:15:29,294 - internal.adapters.database_initalizer - DEBUG - Requesting cursor via context manager
2025-05-01 19:15:29,294 - internal.adapters.database_initalizer - INFO - Successfully retrieved connection from pool
2025-05-01 19:15:29,299 - internal.adapters.database_initalizer - DEBUG - Returning connection to pool
2025-05-01 19:15:29,299 - internal.adapters.database_initalizer - INFO - Connection returned to pool
2025-05-01 19:15:29,300 - root - INFO - There are no outbox messages to be processed
2025-05-01 19:15:34,300 - root - INFO - Fetching pending messages from outbox
2025-05-01 19:15:34,301 - internal.adapters.database_initalizer - DEBUG - Requesting cursor via context manager
2025-05-01 19:15:34,301 - internal.adapters.database_initalizer - INFO - Successfully retrieved connection from pool
2025-05-01 19:15:34,304 - internal.adapters.database_initalizer - DEBUG - Returning connection to pool
2025-05-01 19:15:34,305 - internal.adapters.database_initalizer - INFO - Connection returned to pool
2025-05-01 19:15:34,305 - root - INFO - There are no outbox messages to be processed
2025-05-01 19:15:39,305 - root - INFO - Fetching pending messages from outbox
2025-05-01 19:15:39,306 - internal.adapters.database_initalizer - DEBUG - Requesting cursor via context manager
2025-05-01 19:15:39,306 - internal.adapters.database_initalizer - INFO - Successfully retrieved connection from pool
2025-05-01 19:15:39,310 - internal.adapters.database_initalizer - DEBUG - Returning connection to pool
2025-05-01 19:15:39,310 - internal.adapters.database_initalizer - INFO - Connection returned to pool
2025-05-01 19:15:39,310 - root - INFO - There are no outbox messages to be processed
2025-05-01 19:15:44,310 - root - INFO - Fetching pending messages from outbox
2025-05-01 19:15:44,311 - internal.adapters.database_initalizer - DEBUG - Requesting cursor via context manager
2025-05-01 19:15:44,311 - internal.adapters.database_initalizer - INFO - Successfully retrieved connection from pool
2025-05-01 19:15:44,312 - internal.adapters.database_initalizer - DEBUG - Returning connection to pool
2025-05-01 19:15:44,313 - internal.adapters.database_initalizer - INFO - Connection returned to pool
2025-05-01 19:15:44,313 - root - INFO - There are no outbox messages to be processed
2025-05-01 19:15:49,313 - root - INFO - Fetching pending messages from outbox
2025-05-01 19:15:49,313 - internal.adapters.database_initalizer - DEBUG - Requesting cursor via context manager
2025-05-01 19:15:49,313 - internal.adapters.database_initalizer - INFO - Successfully retrieved connection from pool
2025-05-01 19:15:49,315 - internal.adapters.database_initalizer - DEBUG - Returning connection to pool
2025-05-01 19:15:49,315 - internal.adapters.database_initalizer - INFO - Connection returned to pool
2025-05-01 19:15:49,315 - root - INFO - There are no outbox messages to be processed
2025-05-01 19:15:54,315 - root - INFO - Fetching pending messages from outbox
2025-05-01 19:15:54,316 - internal.adapters.database_initalizer - DEBUG - Requesting cursor via context manager
2025-05-01 19:15:54,316 - internal.adapters.database_initalizer - INFO - Successfully retrieved connection from pool
2025-05-01 19:15:54,318 - internal.adapters.database_initalizer - DEBUG - Returning connection to pool
2025-05-01 19:15:54,318 - internal.adapters.database_initalizer - INFO - Connection returned to pool
2025-05-01 19:15:54,319 - root - INFO - There are no outbox messages to be processed
2025-05-01 19:15:59,322 - root - INFO - Fetching pending messages from outbox
2025-05-01 19:15:59,322 - internal.adapters.database_initalizer - DEBUG - Requesting cursor via context manager
2025-05-01 19:15:59,322 - internal.adapters.database_initalizer - INFO - Successfully retrieved connection from pool
2025-05-01 19:15:59,325 - internal.adapters.database_initalizer - DEBUG - Returning connection to pool
2025-05-01 19:15:59,325 - internal.adapters.database_initalizer - INFO - Connection returned to pool
2025-05-01 19:15:59,325 - root - INFO - There are no outbox messages to be processed
2025-05-01 19:16:04,325 - root - INFO - Fetching pending messages from outbox
2025-05-01 19:16:04,325 - internal.adapters.database_initalizer - DEBUG - Requesting cursor via context manager
2025-05-01 19:16:04,325 - internal.adapters.database_initalizer - INFO - Successfully retrieved connection from pool
2025-05-01 19:16:04,329 - internal.adapters.database_initalizer - DEBUG - Returning connection to pool
2025-05-01 19:16:04,329 - internal.adapters.database_initalizer - INFO - Connection returned to pool
2025-05-01 19:16:04,330 - root - INFO - There are no outbox messages to be processed
2025-05-01 19:16:09,330 - root - INFO - Fetching pending messages from outbox
2025-05-01 19:16:09,330 - internal.adapters.database_initalizer - DEBUG - Requesting cursor via context manager
2025-05-01 19:16:09,330 - internal.adapters.database_initalizer - INFO - Successfully retrieved connection from pool
2025-05-01 19:16:09,332 - internal.adapters.database_initalizer - DEBUG - Returning connection to pool
2025-05-01 19:16:09,333 - internal.adapters.database_initalizer - INFO - Connection returned to pool
2025-05-01 19:16:09,333 - root - INFO - There are no outbox messages to be processed
2025-05-01 19:16:14,333 - root - INFO - Fetching pending messages from outbox
2025-05-01 19:16:14,333 - internal.adapters.database_initalizer - DEBUG - Requesting cursor via context manager
2025-05-01 19:16:14,333 - internal.adapters.database_initalizer - INFO - Successfully retrieved connection from pool
2025-05-01 19:16:14,335 - internal.adapters.database_initalizer - DEBUG - Returning connection to pool
2025-05-01 19:16:14,335 - internal.adapters.database_initalizer - INFO - Connection returned to pool
2025-05-01 19:16:14,335 - root - INFO - There are no outbox messages to be processed
2025-05-01 19:16:19,335 - root - INFO - Fetching pending messages from outbox
2025-05-01 19:16:19,337 - internal.adapters.database_initalizer - DEBUG - Requesting cursor via context manager
2025-05-01 19:16:19,337 - internal.adapters.database_initalizer - INFO - Successfully retrieved connection from pool
2025-05-01 19:16:19,340 - internal.adapters.database_initalizer - DEBUG - Returning connection to pool
2025-05-01 19:16:19,340 - internal.adapters.database_initalizer - INFO - Connection returned to pool
2025-05-01 19:16:19,341 - root - INFO - There are no outbox messages to be processed
2025-05-01 19:16:24,341 - root - INFO - Fetching pending messages from outbox
2025-05-01 19:16:24,341 - internal.adapters.database_initalizer - DEBUG - Requesting cursor via context manager
2025-05-01 19:16:24,342 - internal.adapters.database_initalizer - INFO - Successfully retrieved connection from pool
2025-05-01 19:16:24,343 - internal.adapters.database_initalizer - DEBUG - Returning connection to pool
2025-05-01 19:16:24,343 - internal.adapters.database_initalizer - INFO - Connection returned to pool
2025-05-01 19:16:24,343 - root - INFO - There are no outbox messages to be processed
2025-05-01 19:16:29,343 - root - INFO - Fetching pending messages from outbox
2025-05-01 19:16:29,343 - internal.adapters.database_initalizer - DEBUG - Requesting cursor via context manager
2025-05-01 19:16:29,343 - internal.adapters.database_initalizer - INFO - Successfully retrieved connection from pool
2025-05-01 19:16:29,345 - internal.adapters.database_initalizer - DEBUG - Returning connection to pool
2025-05-01 19:16:29,345 - internal.adapters.database_initalizer - INFO - Connection returned to pool
2025-05-01 19:16:29,345 - root - INFO - There are no outbox messages to be processed
2025-05-01 19:16:34,345 - root - INFO - Fetching pending messages from outbox
2025-05-01 19:16:34,345 - internal.adapters.database_initalizer - DEBUG - Requesting cursor via context manager
2025-05-01 19:16:34,345 - internal.adapters.database_initalizer - INFO - Successfully retrieved connection from pool
2025-05-01 19:16:34,347 - internal.adapters.database_initalizer - DEBUG - Returning connection to pool
2025-05-01 19:16:34,347 - internal.adapters.database_initalizer - INFO - Connection returned to pool
2025-05-01 19:16:34,347 - root - INFO - There are no outbox messages to be processed
2025-05-01 19:16:39,348 - root - INFO - Fetching pending messages from outbox
2025-05-01 19:16:39,348 - internal.adapters.database_initalizer - DEBUG - Requesting cursor via context manager
2025-05-01 19:16:39,348 - internal.adapters.database_initalizer - INFO - Successfully retrieved connection from pool
2025-05-01 19:16:39,354 - internal.adapters.database_initalizer - DEBUG - Returning connection to pool
2025-05-01 19:16:39,354 - internal.adapters.database_initalizer - INFO - Connection returned to pool
2025-05-01 19:16:39,354 - root - INFO - There are no outbox messages to be processed
2025-05-01 19:16:44,355 - root - INFO - Fetching pending messages from outbox
2025-05-01 19:16:44,355 - internal.adapters.database_initalizer - DEBUG - Requesting cursor via context manager
2025-05-01 19:16:44,355 - internal.adapters.database_initalizer - INFO - Successfully retrieved connection from pool
2025-05-01 19:16:44,357 - internal.adapters.database_initalizer - DEBUG - Returning connection to pool
2025-05-01 19:16:44,357 - internal.adapters.database_initalizer - INFO - Connection returned to pool
2025-05-01 19:16:44,357 - root - INFO - There are no outbox messages to be processed
2025-05-01 19:16:49,357 - root - INFO - Fetching pending messages from outbox
2025-05-01 19:16:49,357 - internal.adapters.database_initalizer - DEBUG - Requesting cursor via context manager
2025-05-01 19:16:49,357 - internal.adapters.database_initalizer - INFO - Successfully retrieved connection from pool
2025-05-01 19:16:49,359 - internal.adapters.database_initalizer - DEBUG - Returning connection to pool
2025-05-01 19:16:49,359 - internal.adapters.database_initalizer - INFO - Connection returned to pool
2025-05-01 19:16:49,360 - root - INFO - There are no outbox messages to be processed
2025-05-01 19:16:54,360 - root - INFO - Fetching pending messages from outbox
2025-05-01 19:16:54,360 - internal.adapters.database_initalizer - DEBUG - Requesting cursor via context manager
2025-05-01 19:16:54,361 - internal.adapters.database_initalizer - INFO - Successfully retrieved connection from pool
2025-05-01 19:16:54,362 - internal.adapters.database_initalizer - DEBUG - Returning connection to pool
2025-05-01 19:16:54,362 - internal.adapters.database_initalizer - INFO - Connection returned to pool
2025-05-01 19:16:54,362 - root - INFO - There are no outbox messages to be processed
2025-05-01 19:16:59,363 - root - INFO - Fetching pending messages from outbox
2025-05-01 19:16:59,363 - internal.adapters.database_initalizer - DEBUG - Requesting cursor via context manager
2025-05-01 19:16:59,363 - internal.adapters.database_initalizer - INFO - Successfully retrieved connection from pool
2025-05-01 19:16:59,364 - internal.adapters.database_initalizer - DEBUG - Returning connection to pool
2025-05-01 19:16:59,365 - internal.adapters.database_initalizer - INFO - Connection returned to pool
2025-05-01 19:16:59,365 - root - INFO - There are no outbox messages to be processed
2025-05-01 19:17:04,365 - root - INFO - Fetching pending messages from outbox
2025-05-01 19:17:04,365 - internal.adapters.database_initalizer - DEBUG - Requesting cursor via context manager
2025-05-01 19:17:04,365 - internal.adapters.database_initalizer - INFO - Successfully retrieved connection from pool
2025-05-01 19:17:04,367 - internal.adapters.database_initalizer - DEBUG - Returning connection to pool
2025-05-01 19:17:04,368 - internal.adapters.database_initalizer - INFO - Connection returned to pool
2025-05-01 19:17:04,368 - root - INFO - There are no outbox messages to be processed
2025-05-01 19:17:09,368 - root - INFO - Fetching pending messages from outbox
2025-05-01 19:17:09,368 - internal.adapters.database_initalizer - DEBUG - Requesting cursor via context manager
2025-05-01 19:17:09,368 - internal.adapters.database_initalizer - INFO - Successfully retrieved connection from pool
2025-05-01 19:17:09,373 - internal.adapters.database_initalizer - DEBUG - Returning connection to pool
2025-05-01 19:17:09,373 - internal.adapters.database_initalizer - INFO - Connection returned to pool
2025-05-01 19:17:09,373 - root - INFO - There are no outbox messages to be processed
2025-05-01 19:17:13,968 - internal.adapters.database_initalizer - DEBUG - Requesting cursor via context manager
2025-05-01 19:17:13,968 - internal.adapters.database_initalizer - INFO - Successfully retrieved connection from pool
2025-05-01 19:17:13,970 - root - INFO - Row with ID 4a306872-8ba0-42fe-9d3c-34814df9cf0a inserted into outbox table
2025-05-01 19:17:13,971 - internal.adapters.database_initalizer - DEBUG - Returning connection to pool
2025-05-01 19:17:13,971 - internal.adapters.database_initalizer - INFO - Connection returned to pool
2025-05-01 19:17:14,374 - root - INFO - Fetching pending messages from outbox
2025-05-01 19:17:14,374 - internal.adapters.database_initalizer - DEBUG - Requesting cursor via context manager
2025-05-01 19:17:14,374 - internal.adapters.database_initalizer - INFO - Successfully retrieved connection from pool
2025-05-01 19:17:14,376 - internal.adapters.database_initalizer - DEBUG - Returning connection to pool
2025-05-01 19:17:14,376 - internal.adapters.database_initalizer - INFO - Connection returned to pool
2025-05-01 19:17:14,376 - root - ERROR - Error processing message ID 4a306872-8ba0-42fe-9d3c-34814df9cf0a: 'RabbitMQPublisher' object has no attribute 'publish_message'
2025-05-01 19:17:19,377 - root - INFO - Fetching pending messages from outbox
2025-05-01 19:17:19,377 - internal.adapters.database_initalizer - DEBUG - Requesting cursor via context manager
2025-05-01 19:17:19,378 - internal.adapters.database_initalizer - INFO - Successfully retrieved connection from pool
2025-05-01 19:17:19,382 - internal.adapters.database_initalizer - DEBUG - Returning connection to pool
2025-05-01 19:17:19,383 - internal.adapters.database_initalizer - INFO - Connection returned to pool
2025-05-01 19:17:19,384 - root - ERROR - Error processing message ID 4a306872-8ba0-42fe-9d3c-34814df9cf0a: 'RabbitMQPublisher' object has no attribute 'publish_message'
2025-05-01 19:17:24,385 - root - INFO - Fetching pending messages from outbox
2025-05-01 19:17:24,385 - internal.adapters.database_initalizer - DEBUG - Requesting cursor via context manager
2025-05-01 19:17:24,385 - internal.adapters.database_initalizer - INFO - Successfully retrieved connection from pool
2025-05-01 19:17:24,387 - internal.adapters.database_initalizer - DEBUG - Returning connection to pool
2025-05-01 19:17:24,387 - internal.adapters.database_initalizer - INFO - Connection returned to pool
2025-05-01 19:17:24,387 - root - ERROR - Error processing message ID 4a306872-8ba0-42fe-9d3c-34814df9cf0a: 'RabbitMQPublisher' object has no attribute 'publish_message'
2025-05-01 19:17:29,388 - root - INFO - Fetching pending messages from outbox
2025-05-01 19:17:29,388 - internal.adapters.database_initalizer - DEBUG - Requesting cursor via context manager
2025-05-01 19:17:29,388 - internal.adapters.database_initalizer - INFO - Successfully retrieved connection from pool
2025-05-01 19:17:29,393 - internal.adapters.database_initalizer - DEBUG - Returning connection to pool
2025-05-01 19:17:29,393 - internal.adapters.database_initalizer - INFO - Connection returned to pool
2025-05-01 19:17:29,394 - root - ERROR - Error processing message ID 4a306872-8ba0-42fe-9d3c-34814df9cf0a: 'RabbitMQPublisher' object has no attribute 'publish_message'
2025-05-01 19:17:34,395 - root - INFO - Fetching pending messages from outbox
2025-05-01 19:17:34,396 - internal.adapters.database_initalizer - DEBUG - Requesting cursor via context manager
2025-05-01 19:17:34,396 - internal.adapters.database_initalizer - INFO - Successfully retrieved connection from pool
2025-05-01 19:17:34,400 - internal.adapters.database_initalizer - DEBUG - Returning connection to pool
2025-05-01 19:17:34,400 - internal.adapters.database_initalizer - INFO - Connection returned to pool
2025-05-01 19:17:34,401 - root - ERROR - Error processing message ID 4a306872-8ba0-42fe-9d3c-34814df9cf0a: 'RabbitMQPublisher' object has no attribute 'publish_message'
2025-05-01 19:17:39,402 - root - INFO - Fetching pending messages from outbox
2025-05-01 19:17:39,402 - internal.adapters.database_initalizer - DEBUG - Requesting cursor via context manager
2025-05-01 19:17:39,403 - internal.adapters.database_initalizer - INFO - Successfully retrieved connection from pool
2025-05-01 19:17:39,405 - internal.adapters.database_initalizer - DEBUG - Returning connection to pool
2025-05-01 19:17:39,405 - internal.adapters.database_initalizer - INFO - Connection returned to pool
2025-05-01 19:17:39,405 - root - ERROR - Error processing message ID 4a306872-8ba0-42fe-9d3c-34814df9cf0a: 'RabbitMQPublisher' object has no attribute 'publish_message'
2025-05-01 19:17:44,406 - root - INFO - Fetching pending messages from outbox
2025-05-01 19:17:44,407 - internal.adapters.database_initalizer - DEBUG - Requesting cursor via context manager
2025-05-01 19:17:44,407 - internal.adapters.database_initalizer - INFO - Successfully retrieved connection from pool
2025-05-01 19:17:44,408 - internal.adapters.database_initalizer - DEBUG - Returning connection to pool
2025-05-01 19:17:44,408 - internal.adapters.database_initalizer - INFO - Connection returned to pool
2025-05-01 19:17:44,409 - root - ERROR - Error processing message ID 4a306872-8ba0-42fe-9d3c-34814df9cf0a: 'RabbitMQPublisher' object has no attribute 'publish_message'
2025-05-01 19:17:49,409 - root - INFO - Fetching pending messages from outbox
2025-05-01 19:17:49,409 - internal.adapters.database_initalizer - DEBUG - Requesting cursor via context manager
2025-05-01 19:17:49,410 - internal.adapters.database_initalizer - INFO - Successfully retrieved connection from pool
2025-05-01 19:17:49,415 - internal.adapters.database_initalizer - DEBUG - Returning connection to pool
2025-05-01 19:17:49,415 - internal.adapters.database_initalizer - INFO - Connection returned to pool
2025-05-01 19:17:49,416 - root - ERROR - Error processing message ID 4a306872-8ba0-42fe-9d3c-34814df9cf0a: 'RabbitMQPublisher' object has no attribute 'publish_message'
2025-05-01 19:17:54,417 - root - INFO - Fetching pending messages from outbox
2025-05-01 19:17:54,418 - internal.adapters.database_initalizer - DEBUG - Requesting cursor via context manager
2025-05-01 19:17:54,418 - internal.adapters.database_initalizer - INFO - Successfully retrieved connection from pool
2025-05-01 19:17:54,422 - internal.adapters.database_initalizer - DEBUG - Returning connection to pool
2025-05-01 19:17:54,422 - internal.adapters.database_initalizer - INFO - Connection returned to pool
2025-05-01 19:17:54,423 - root - ERROR - Error processing message ID 4a306872-8ba0-42fe-9d3c-34814df9cf0a: 'RabbitMQPublisher' object has no attribute 'publish_message'
2025-05-01 19:17:59,424 - root - INFO - Fetching pending messages from outbox
2025-05-01 19:17:59,424 - internal.adapters.database_initalizer - DEBUG - Requesting cursor via context manager
2025-05-01 19:17:59,424 - internal.adapters.database_initalizer - INFO - Successfully retrieved connection from pool
2025-05-01 19:17:59,429 - internal.adapters.database_initalizer - DEBUG - Returning connection to pool
2025-05-01 19:17:59,430 - internal.adapters.database_initalizer - INFO - Connection returned to pool
2025-05-01 19:17:59,430 - root - ERROR - Error processing message ID 4a306872-8ba0-42fe-9d3c-34814df9cf0a: 'RabbitMQPublisher' object has no attribute 'publish_message'
2025-05-01 19:18:04,432 - root - INFO - Fetching pending messages from outbox
2025-05-01 19:18:04,432 - internal.adapters.database_initalizer - DEBUG - Requesting cursor via context manager
2025-05-01 19:18:04,433 - internal.adapters.database_initalizer - INFO - Successfully retrieved connection from pool
2025-05-01 19:18:04,438 - internal.adapters.database_initalizer - DEBUG - Returning connection to pool
2025-05-01 19:18:04,439 - internal.adapters.database_initalizer - INFO - Connection returned to pool
2025-05-01 19:18:04,441 - root - ERROR - Error processing message ID 4a306872-8ba0-42fe-9d3c-34814df9cf0a: 'RabbitMQPublisher' object has no attribute 'publish_message'
2025-05-01 19:18:09,442 - root - INFO - Fetching pending messages from outbox
2025-05-01 19:18:09,442 - internal.adapters.database_initalizer - DEBUG - Requesting cursor via context manager
2025-05-01 19:18:09,442 - internal.adapters.database_initalizer - INFO - Successfully retrieved connection from pool
2025-05-01 19:18:09,445 - internal.adapters.database_initalizer - DEBUG - Returning connection to pool
2025-05-01 19:18:09,445 - internal.adapters.database_initalizer - INFO - Connection returned to pool
2025-05-01 19:18:09,446 - root - ERROR - Error processing message ID 4a306872-8ba0-42fe-9d3c-34814df9cf0a: 'RabbitMQPublisher' object has no attribute 'publish_message'
2025-05-01 19:18:14,446 - root - INFO - Fetching pending messages from outbox
2025-05-01 19:18:14,446 - internal.adapters.database_initalizer - DEBUG - Requesting cursor via context manager
2025-05-01 19:18:14,447 - internal.adapters.database_initalizer - INFO - Successfully retrieved connection from pool
2025-05-01 19:18:14,452 - internal.adapters.database_initalizer - DEBUG - Returning connection to pool
2025-05-01 19:18:14,452 - internal.adapters.database_initalizer - INFO - Connection returned to pool
2025-05-01 19:18:14,453 - root - ERROR - Error processing message ID 4a306872-8ba0-42fe-9d3c-34814df9cf0a: 'RabbitMQPublisher' object has no attribute 'publish_message'
2025-05-01 19:18:19,454 - root - INFO - Fetching pending messages from outbox
2025-05-01 19:18:19,454 - internal.adapters.database_initalizer - DEBUG - Requesting cursor via context manager
2025-05-01 19:18:19,455 - internal.adapters.database_initalizer - INFO - Successfully retrieved connection from pool
2025-05-01 19:18:19,456 - internal.adapters.database_initalizer - DEBUG - Returning connection to pool
2025-05-01 19:18:19,456 - internal.adapters.database_initalizer - INFO - Connection returned to pool
2025-05-01 19:18:19,456 - root - ERROR - Error processing message ID 4a306872-8ba0-42fe-9d3c-34814df9cf0a: 'RabbitMQPublisher' object has no attribute 'publish_message'
2025-05-01 19:18:24,456 - root - INFO - Fetching pending messages from outbox
2025-05-01 19:18:24,457 - internal.adapters.database_initalizer - DEBUG - Requesting cursor via context manager
2025-05-01 19:18:24,457 - internal.adapters.database_initalizer - INFO - Successfully retrieved connection from pool
2025-05-01 19:18:24,459 - internal.adapters.database_initalizer - DEBUG - Returning connection to pool
2025-05-01 19:18:24,459 - internal.adapters.database_initalizer - INFO - Connection returned to pool
2025-05-01 19:18:24,459 - root - ERROR - Error processing message ID 4a306872-8ba0-42fe-9d3c-34814df9cf0a: 'RabbitMQPublisher' object has no attribute 'publish_message'
2025-05-01 19:18:29,460 - root - INFO - Fetching pending messages from outbox
2025-05-01 19:18:29,460 - internal.adapters.database_initalizer - DEBUG - Requesting cursor via context manager
2025-05-01 19:18:29,460 - internal.adapters.database_initalizer - INFO - Successfully retrieved connection from pool
2025-05-01 19:18:29,465 - internal.adapters.database_initalizer - DEBUG - Returning connection to pool
2025-05-01 19:18:29,466 - internal.adapters.database_initalizer - INFO - Connection returned to pool
2025-05-01 19:18:29,467 - root - ERROR - Error processing message ID 4a306872-8ba0-42fe-9d3c-34814df9cf0a: 'RabbitMQPublisher' object has no attribute 'publish_message'
2025-05-01 19:18:34,468 - root - INFO - Fetching pending messages from outbox
2025-05-01 19:18:34,468 - internal.adapters.database_initalizer - DEBUG - Requesting cursor via context manager
2025-05-01 19:18:34,468 - internal.adapters.database_initalizer - INFO - Successfully retrieved connection from pool
2025-05-01 19:18:34,470 - internal.adapters.database_initalizer - DEBUG - Returning connection to pool
2025-05-01 19:18:34,471 - internal.adapters.database_initalizer - INFO - Connection returned to pool
2025-05-01 19:18:34,471 - root - ERROR - Error processing message ID 4a306872-8ba0-42fe-9d3c-34814df9cf0a: 'RabbitMQPublisher' object has no attribute 'publish_message'
2025-05-01 19:18:39,471 - root - INFO - Fetching pending messages from outbox
2025-05-01 19:18:39,471 - internal.adapters.database_initalizer - DEBUG - Requesting cursor via context manager
2025-05-01 19:18:39,472 - internal.adapters.database_initalizer - INFO - Successfully retrieved connection from pool
2025-05-01 19:18:39,474 - internal.adapters.database_initalizer - DEBUG - Returning connection to pool
2025-05-01 19:18:39,474 - internal.adapters.database_initalizer - INFO - Connection returned to pool
2025-05-01 19:18:39,474 - root - ERROR - Error processing message ID 4a306872-8ba0-42fe-9d3c-34814df9cf0a: 'RabbitMQPublisher' object has no attribute 'publish_message'
2025-05-01 19:18:44,475 - root - INFO - Fetching pending messages from outbox
2025-05-01 19:18:44,475 - internal.adapters.database_initalizer - DEBUG - Requesting cursor via context manager
2025-05-01 19:18:44,475 - internal.adapters.database_initalizer - INFO - Successfully retrieved connection from pool
2025-05-01 19:18:44,476 - internal.adapters.database_initalizer - DEBUG - Returning connection to pool
2025-05-01 19:18:44,476 - internal.adapters.database_initalizer - INFO - Connection returned to pool
2025-05-01 19:18:44,477 - root - ERROR - Error processing message ID 4a306872-8ba0-42fe-9d3c-34814df9cf0a: 'RabbitMQPublisher' object has no attribute 'publish_message'
2025-05-01 19:18:49,477 - root - INFO - Fetching pending messages from outbox
2025-05-01 19:18:49,477 - internal.adapters.database_initalizer - DEBUG - Requesting cursor via context manager
2025-05-01 19:18:49,478 - internal.adapters.database_initalizer - INFO - Successfully retrieved connection from pool
2025-05-01 19:18:49,481 - internal.adapters.database_initalizer - DEBUG - Returning connection to pool
2025-05-01 19:18:49,482 - internal.adapters.database_initalizer - INFO - Connection returned to pool
2025-05-01 19:18:49,482 - root - ERROR - Error processing message ID 4a306872-8ba0-42fe-9d3c-34814df9cf0a: 'RabbitMQPublisher' object has no attribute 'publish_message'
2025-05-01 19:18:54,483 - root - INFO - Fetching pending messages from outbox
2025-05-01 19:18:54,484 - internal.adapters.database_initalizer - DEBUG - Requesting cursor via context manager
2025-05-01 19:18:54,484 - internal.adapters.database_initalizer - INFO - Successfully retrieved connection from pool
2025-05-01 19:18:54,488 - internal.adapters.database_initalizer - DEBUG - Returning connection to pool
2025-05-01 19:18:54,488 - internal.adapters.database_initalizer - INFO - Connection returned to pool
2025-05-01 19:18:54,488 - root - ERROR - Error processing message ID 4a306872-8ba0-42fe-9d3c-34814df9cf0a: 'RabbitMQPublisher' object has no attribute 'publish_message'
2025-05-01 19:19:07,693 - root - DEBUG - Logger configured with log file /home/revoo/work/NumDrift/Adder_service/internal/utils/Adder_service/internal/logs/outbox.log
2025-05-01 19:19:07,694 - root - DEBUG - Logger configured with log file /home/revoo/work/NumDrift/Adder_service/internal/utils/Adder_service/internal/logs/outbox.log
2025-05-01 19:19:07,700 - internal.adapters.database_initalizer - DEBUG - Initializing InitDB class
2025-05-01 19:19:07,701 - internal.adapters.database_initalizer - DEBUG - Loaded .env file from /home/revoo/work/NumDrift/Adder_service/.env
2025-05-01 19:19:07,701 - internal.adapters.database_initalizer - DEBUG - DB_URL loaded successfully
2025-05-01 19:19:07,719 - internal.adapters.database_initalizer - INFO - Database connection pool created successfully
2025-05-01 19:19:07,720 - internal.adapters.database_initalizer - DEBUG - Initializing InitDB class
2025-05-01 19:19:07,721 - internal.adapters.database_initalizer - DEBUG - Loaded .env file from /home/revoo/work/NumDrift/Adder_service/.env
2025-05-01 19:19:07,723 - internal.adapters.database_initalizer - DEBUG - DB_URL loaded successfully
2025-05-01 19:19:07,738 - internal.adapters.database_initalizer - INFO - Database connection pool created successfully
2025-05-01 19:19:07,739 - pika.adapters.select_connection - DEBUG - Using EPollPoller
2025-05-01 19:19:07,739 - pika.adapters.base_connection - DEBUG - Created default connection workflow <pika.adapters.utils.connection_workflow.AMQPConnectionWorkflow object at 0x714a9cdccec0>
2025-05-01 19:19:07,739 - pika.adapters.utils.connection_workflow - DEBUG - Starting AMQP Connection workflow asynchronously.
2025-05-01 19:19:07,739 - pika.adapters.select_connection - DEBUG - call_later: added timeout <pika.adapters.select_connection._Timeout object at 0x714a9cdbc490> with deadline=67583.53035323 and callback=functools.partial(<bound method AMQPConnectionWorkflow._start_new_cycle_async of <pika.adapters.utils.connection_workflow.AMQPConnectionWorkflow object at 0x714a9cdccec0>>, first=True); now=67583.53035323; delay=0
2025-05-01 19:19:07,739 - pika.adapters.utils.connection_workflow - DEBUG - Beginning a new AMQP connection workflow cycle; attempts remaining after this: 0
2025-05-01 19:19:07,740 - pika.adapters.select_connection - DEBUG - call_later: added timeout <pika.adapters.select_connection._Timeout object at 0x714a9cdbc4c0> with deadline=67583.530636681 and callback=<bound method AMQPConnectionWorkflow._try_next_config_async of <pika.adapters.utils.connection_workflow.AMQPConnectionWorkflow object at 0x714a9cdccec0>>; now=67583.530636681; delay=0
2025-05-01 19:19:07,740 - pika.adapters.utils.connection_workflow - DEBUG - _try_next_config_async: 'localhost':5672
2025-05-01 19:19:07,745 - pika.adapters.select_connection - DEBUG - process_timeouts: invoking callback=<bound method _AddressResolver._dispatch_result of <pika.adapters.utils.selector_ioloop_adapter._AddressResolver object at 0x714a9cdcd010>>
2025-05-01 19:19:07,746 - pika.adapters.utils.selector_ioloop_adapter - DEBUG - Invoking asynchronous getaddrinfo() completion callback; host='localhost'
2025-05-01 19:19:07,746 - pika.adapters.utils.connection_workflow - DEBUG - getaddrinfo returned 2 records
2025-05-01 19:19:07,746 - pika.adapters.utils.connection_workflow - DEBUG - Attempting to connect using address record (<AddressFamily.AF_INET6: 10>, <SocketKind.SOCK_STREAM: 1>, 6, '', ('::1', 5672, 0, 0))
2025-05-01 19:19:07,746 - pika.adapters.select_connection - DEBUG - add_callback_threadsafe: added callback=<bound method _AddressResolver._dispatch_result of <pika.adapters.utils.selector_ioloop_adapter._AddressResolver object at 0x714a9cdcd010>>
2025-05-01 19:19:07,746 - pika.adapters.utils.connection_workflow - INFO - Pika version 1.3.2 connecting to ('::1', 5672, 0, 0)
2025-05-01 19:19:07,746 - pika.adapters.select_connection - DEBUG - add_callback_threadsafe: added callback=<bound method _AsyncSocketConnector._start_async of <pika.adapters.utils.io_services_utils._AsyncSocketConnector object at 0x714a9cdcd6a0>>
2025-05-01 19:19:07,747 - pika.adapters.select_connection - DEBUG - call_later: added timeout <pika.adapters.select_connection._Timeout object at 0x714a9d7fc9a0> with deadline=67593.537671056 and callback=<bound method AMQPConnector._on_tcp_connection_timeout of <pika.adapters.utils.connection_workflow.AMQPConnector object at 0x714a9cdcd2b0>>; now=67583.537671056; delay=10.0
2025-05-01 19:19:07,747 - pika.adapters.select_connection - DEBUG - call_later: added timeout <pika.adapters.select_connection._Timeout object at 0x714a9d652710> with deadline=67598.537782797 and callback=<bound method AMQPConnector._on_overall_timeout of <pika.adapters.utils.connection_workflow.AMQPConnector object at 0x714a9cdcd2b0>>; now=67583.537782797; delay=15.0
2025-05-01 19:19:07,747 - pika.adapters.select_connection - DEBUG - process_timeouts: invoking callback=<bound method _AsyncSocketConnector._start_async of <pika.adapters.utils.io_services_utils._AsyncSocketConnector object at 0x714a9cdcd6a0>>
2025-05-01 19:19:07,747 - pika.adapters.utils.selector_ioloop_adapter - DEBUG - SelectorIOServicesAdapter.set_writer(13, <bound method _AsyncSocketConnector._on_writable of <pika.adapters.utils.io_services_utils._AsyncSocketConnector object at 0x714a9cdcd6a0>>)
2025-05-01 19:19:07,747 - pika.adapters.utils.selector_ioloop_adapter - DEBUG - set_writer(13, _) added handler Wr
2025-05-01 19:19:07,747 - pika.adapters.utils.io_services_utils - DEBUG - Connection-establishment is in progress for <socket.socket fd=13, family=10, type=1, proto=6, laddr=('::1', 34428, 0, 0), raddr=('::1', 5672, 0, 0)>.
2025-05-01 19:19:07,747 - pika.adapters.utils.io_services_utils - INFO - Socket connected: <socket.socket fd=13, family=10, type=1, proto=6, laddr=('::1', 34428, 0, 0), raddr=('::1', 5672, 0, 0)>
2025-05-01 19:19:07,748 - pika.adapters.utils.io_services_utils - DEBUG - _AsyncSocketConnector._report_completion(None); <socket.socket fd=13, family=10, type=1, proto=6, laddr=('::1', 34428, 0, 0), raddr=('::1', 5672, 0, 0)>
2025-05-01 19:19:07,748 - pika.adapters.utils.selector_ioloop_adapter - DEBUG - SelectorIOServicesAdapter.remove_writer(13)
2025-05-01 19:19:07,748 - pika.adapters.utils.selector_ioloop_adapter - DEBUG - remove_writer(13) removed handler
2025-05-01 19:19:07,748 - pika.adapters.select_connection - DEBUG - remove_timeout: removing timeout <pika.adapters.select_connection._Timeout object at 0x714a9d7fc9a0> with deadline=67593.537671056 and callback=<bound method AMQPConnector._on_tcp_connection_timeout of <pika.adapters.utils.connection_workflow.AMQPConnector object at 0x714a9cdcd2b0>>
2025-05-01 19:19:07,748 - pika.adapters.utils.connection_workflow - DEBUG - TCP connection to broker established: <socket.socket fd=13, family=10, type=1, proto=6, laddr=('::1', 34428, 0, 0), raddr=('::1', 5672, 0, 0)>.
2025-05-01 19:19:07,748 - pika.adapters.utils.io_services_utils - DEBUG - _AsyncStreamConnector.start(); <socket.socket fd=13, family=10, type=1, proto=6, laddr=('::1', 34428, 0, 0), raddr=('::1', 5672, 0, 0)>
2025-05-01 19:19:07,748 - pika.adapters.select_connection - DEBUG - add_callback_threadsafe: added callback=<bound method _AsyncStreamConnector._start_async of <pika.adapters.utils.io_services_utils._AsyncStreamConnector object at 0x714a9cdcd010>>
2025-05-01 19:19:07,748 - pika.adapters.select_connection - DEBUG - process_timeouts: invoking callback=<bound method _AsyncStreamConnector._start_async of <pika.adapters.utils.io_services_utils._AsyncStreamConnector object at 0x714a9cdcd010>>
2025-05-01 19:19:07,749 - pika.adapters.utils.io_services_utils - DEBUG - _AsyncStreamConnector._start_async(); <socket.socket fd=13, family=10, type=1, proto=6, laddr=('::1', 34428, 0, 0), raddr=('::1', 5672, 0, 0)>
2025-05-01 19:19:07,749 - pika.adapters.utils.io_services_utils - DEBUG - _AsyncStreamConnector._linkup()
2025-05-01 19:19:07,749 - pika.connection - DEBUG - New Connection state: CLOSED (prev=CLOSED)
2025-05-01 19:19:07,749 - pika.callback - DEBUG - Added: {'callback': <bound method Connection._on_connection_start of <SelectConnection CLOSED transport=None params=<ConnectionParameters host=localhost port=5672 virtual_host=/ ssl=False>>>, 'one_shot': True, 'only': None, 'arguments': None, 'calls': 1}
2025-05-01 19:19:07,749 - pika.callback - DEBUG - Added: {'callback': <bound method Connection._on_connection_close_from_broker of <SelectConnection CLOSED transport=None params=<ConnectionParameters host=localhost port=5672 virtual_host=/ ssl=False>>>, 'one_shot': True, 'only': None, 'arguments': None, 'calls': 1}
2025-05-01 19:19:07,749 - pika.callback - DEBUG - Added: {'callback': <bound method Connection._default_on_connection_error of <SelectConnection CLOSED transport=None params=<ConnectionParameters host=localhost port=5672 virtual_host=/ ssl=False>>>, 'one_shot': False, 'only': None, 'arguments': None}
2025-05-01 19:19:07,749 - pika.connection - DEBUG - New Connection state: INIT (prev=CLOSED)
2025-05-01 19:19:07,749 - pika.connection - DEBUG - Using external connection workflow.
2025-05-01 19:19:07,750 - pika.adapters.utils.io_services_utils - DEBUG - _AsyncTransportBase.__init__: <socket.socket fd=13, family=10, type=1, proto=6, laddr=('::1', 34428, 0, 0), raddr=('::1', 5672, 0, 0)>
2025-05-01 19:19:07,750 - pika.adapters.utils.selector_ioloop_adapter - DEBUG - SelectorIOServicesAdapter.set_reader(13, <bound method _AsyncPlaintextTransport._on_socket_readable of <pika.adapters.utils.io_services_utils._AsyncPlaintextTransport object at 0x714a9cdcd940>>)
2025-05-01 19:19:07,750 - pika.adapters.utils.selector_ioloop_adapter - DEBUG - set_reader(13, _) added handler Rd
2025-05-01 19:19:07,750 - pika.adapters.utils.io_services_utils - DEBUG - _linkup(): created transport <pika.adapters.utils.io_services_utils._AsyncPlaintextTransport object at 0x714a9cdcd940>
2025-05-01 19:19:07,750 - pika.connection - DEBUG - New Connection state: PROTOCOL (prev=INIT)
2025-05-01 19:19:07,750 - pika.adapters.utils.selector_ioloop_adapter - DEBUG - SelectorIOServicesAdapter.set_writer(13, <bound method _AsyncPlaintextTransport._on_socket_writable of <pika.adapters.utils.io_services_utils._AsyncPlaintextTransport object at 0x714a9cdcd940>>)
2025-05-01 19:19:07,750 - pika.adapters.utils.selector_ioloop_adapter - DEBUG - set_writer(13, _) updated handler RdWr
2025-05-01 19:19:07,750 - pika.adapters.utils.io_services_utils - DEBUG - Turned on writability watcher: <socket.socket fd=13, family=10, type=1, proto=6, laddr=('::1', 34428, 0, 0), raddr=('::1', 5672, 0, 0)>
2025-05-01 19:19:07,751 - pika.adapters.utils.io_services_utils - DEBUG - _linkup(): introduced transport to protocol <pika.adapters.utils.io_services_utils._AsyncPlaintextTransport object at 0x714a9cdcd940>; _StreamingProtocolShim: <SelectConnection PROTOCOL transport=<pika.adapters.utils.io_services_utils._AsyncPlaintextTransport object at 0x714a9cdcd940> params=<ConnectionParameters host=localhost port=5672 virtual_host=/ ssl=False>>
2025-05-01 19:19:07,751 - pika.adapters.utils.io_services_utils - DEBUG - _AsyncStreamConnector._report_completion((<pika.adapters.utils.io_services_utils._AsyncPlaintextTransport object at 0x714a9cdcd940>, _StreamingProtocolShim: <SelectConnection PROTOCOL transport=<pika.adapters.utils.io_services_utils._AsyncPlaintextTransport object at 0x714a9cdcd940> params=<ConnectionParameters host=localhost port=5672 virtual_host=/ ssl=False>>)); <socket.socket fd=13, family=10, type=1, proto=6, laddr=('::1', 34428, 0, 0), raddr=('::1', 5672, 0, 0)>
2025-05-01 19:19:07,751 - pika.adapters.utils.connection_workflow - INFO - Streaming transport linked up: (<pika.adapters.utils.io_services_utils._AsyncPlaintextTransport object at 0x714a9cdcd940>, _StreamingProtocolShim: <SelectConnection PROTOCOL transport=<pika.adapters.utils.io_services_utils._AsyncPlaintextTransport object at 0x714a9cdcd940> params=<ConnectionParameters host=localhost port=5672 virtual_host=/ ssl=False>>).
2025-05-01 19:19:07,751 - pika.callback - DEBUG - Removing callback #0: {'callback': <bound method Connection._default_on_connection_error of <SelectConnection PROTOCOL transport=<pika.adapters.utils.io_services_utils._AsyncPlaintextTransport object at 0x714a9cdcd940> params=<ConnectionParameters host=localhost port=5672 virtual_host=/ ssl=False>>>, 'one_shot': False, 'only': None, 'arguments': None}
2025-05-01 19:19:07,751 - pika.callback - DEBUG - Added: {'callback': <bound method AMQPConnector._on_amqp_handshake_done of <pika.adapters.utils.connection_workflow.AMQPConnector object at 0x714a9cdcd2b0>>, 'one_shot': False, 'only': None, 'arguments': None}
2025-05-01 19:19:07,751 - pika.callback - DEBUG - Added: {'callback': <bound method AMQPConnector._on_amqp_handshake_done of <pika.adapters.utils.connection_workflow.AMQPConnector object at 0x714a9cdcd2b0>>, 'one_shot': False, 'only': None, 'arguments': None}
2025-05-01 19:19:07,751 - pika.adapters.utils.io_services_utils - DEBUG - _AsyncStreamConnector._cleanup(False)
2025-05-01 19:19:07,752 - pika.adapters.utils.selector_ioloop_adapter - DEBUG - SelectorIOServicesAdapter.remove_writer(13)
2025-05-01 19:19:07,752 - pika.adapters.utils.selector_ioloop_adapter - DEBUG - remove_writer(13) updated handler Rd
2025-05-01 19:19:07,752 - pika.adapters.utils.io_services_utils - DEBUG - Turned off writability watcher: <socket.socket fd=13, family=10, type=1, proto=6, laddr=('::1', 34428, 0, 0), raddr=('::1', 5672, 0, 0)>
2025-05-01 19:19:07,757 - pika.callback - DEBUG - Processing 0:Connection.Start
2025-05-01 19:19:07,757 - pika.callback - DEBUG - Processing use of oneshot callback
2025-05-01 19:19:07,757 - pika.callback - DEBUG - 0 registered uses left
2025-05-01 19:19:07,757 - pika.callback - DEBUG - Removing callback #0: {'callback': <bound method Connection._on_connection_start of <SelectConnection PROTOCOL transport=<pika.adapters.utils.io_services_utils._AsyncPlaintextTransport object at 0x714a9cdcd940> params=<ConnectionParameters host=localhost port=5672 virtual_host=/ ssl=False>>>, 'one_shot': True, 'only': None, 'arguments': None, 'calls': 0}
2025-05-01 19:19:07,758 - pika.callback - DEBUG - Calling <bound method Connection._on_connection_start of <SelectConnection PROTOCOL transport=<pika.adapters.utils.io_services_utils._AsyncPlaintextTransport object at 0x714a9cdcd940> params=<ConnectionParameters host=localhost port=5672 virtual_host=/ ssl=False>>> for "0:Connection.Start"
2025-05-01 19:19:07,758 - pika.connection - DEBUG - New Connection state: START (prev=PROTOCOL)
2025-05-01 19:19:07,758 - pika.callback - DEBUG - Added: {'callback': <bound method Connection._on_connection_tune of <SelectConnection START transport=<pika.adapters.utils.io_services_utils._AsyncPlaintextTransport object at 0x714a9cdcd940> params=<ConnectionParameters host=localhost port=5672 virtual_host=/ ssl=False>>>, 'one_shot': True, 'only': None, 'arguments': None, 'calls': 1}
2025-05-01 19:19:07,759 - pika.adapters.utils.selector_ioloop_adapter - DEBUG - SelectorIOServicesAdapter.set_writer(13, <bound method _AsyncPlaintextTransport._on_socket_writable of <pika.adapters.utils.io_services_utils._AsyncPlaintextTransport object at 0x714a9cdcd940>>)
2025-05-01 19:19:07,759 - pika.adapters.utils.selector_ioloop_adapter - DEBUG - set_writer(13, _) updated handler RdWr
2025-05-01 19:19:07,760 - pika.adapters.utils.io_services_utils - DEBUG - Turned on writability watcher: <socket.socket fd=13, family=10, type=1, proto=6, laddr=('::1', 34428, 0, 0), raddr=('::1', 5672, 0, 0)>
2025-05-01 19:19:07,760 - pika.adapters.utils.io_services_utils - DEBUG - Recv would block on <socket.socket fd=13, family=10, type=1, proto=6, laddr=('::1', 34428, 0, 0), raddr=('::1', 5672, 0, 0)>
2025-05-01 19:19:07,760 - pika.adapters.utils.selector_ioloop_adapter - DEBUG - SelectorIOServicesAdapter.remove_writer(13)
2025-05-01 19:19:07,760 - pika.adapters.utils.selector_ioloop_adapter - DEBUG - remove_writer(13) updated handler Rd
2025-05-01 19:19:07,761 - pika.adapters.utils.io_services_utils - DEBUG - Turned off writability watcher: <socket.socket fd=13, family=10, type=1, proto=6, laddr=('::1', 34428, 0, 0), raddr=('::1', 5672, 0, 0)>
2025-05-01 19:19:07,762 - pika.callback - DEBUG - Processing 0:Connection.Tune
2025-05-01 19:19:07,763 - pika.callback - DEBUG - Processing use of oneshot callback
2025-05-01 19:19:07,763 - pika.callback - DEBUG - 0 registered uses left
2025-05-01 19:19:07,763 - pika.callback - DEBUG - Removing callback #0: {'callback': <bound method Connection._on_connection_tune of <SelectConnection START transport=<pika.adapters.utils.io_services_utils._AsyncPlaintextTransport object at 0x714a9cdcd940> params=<ConnectionParameters host=localhost port=5672 virtual_host=/ ssl=False>>>, 'one_shot': True, 'only': None, 'arguments': None, 'calls': 0}
2025-05-01 19:19:07,764 - pika.callback - DEBUG - Calling <bound method Connection._on_connection_tune of <SelectConnection START transport=<pika.adapters.utils.io_services_utils._AsyncPlaintextTransport object at 0x714a9cdcd940> params=<ConnectionParameters host=localhost port=5672 virtual_host=/ ssl=False>>> for "0:Connection.Tune"
2025-05-01 19:19:07,764 - pika.connection - DEBUG - New Connection state: TUNE (prev=START)
2025-05-01 19:19:07,764 - pika.connection - DEBUG - Creating a HeartbeatChecker: 60
2025-05-01 19:19:07,764 - pika.heartbeat - DEBUG - timeout: 60.000000 send_interval: 30.000000 check_interval: 65.000000
2025-05-01 19:19:07,764 - pika.adapters.select_connection - DEBUG - call_later: added timeout <pika.adapters.select_connection._Timeout object at 0x714a9cd22560> with deadline=67613.555485048 and callback=<bound method HeartbeatChecker._send_heartbeat of <pika.heartbeat.HeartbeatChecker object at 0x714a9cdcda90>>; now=67583.555485048; delay=30.0
2025-05-01 19:19:07,764 - pika.adapters.select_connection - DEBUG - call_later: added timeout <pika.adapters.select_connection._Timeout object at 0x714a9f1a8b80> with deadline=67648.555589308 and callback=<bound method HeartbeatChecker._check_heartbeat of <pika.heartbeat.HeartbeatChecker object at 0x714a9cdcda90>>; now=67583.555589308; delay=65
2025-05-01 19:19:07,765 - pika.adapters.utils.selector_ioloop_adapter - DEBUG - SelectorIOServicesAdapter.set_writer(13, <bound method _AsyncPlaintextTransport._on_socket_writable of <pika.adapters.utils.io_services_utils._AsyncPlaintextTransport object at 0x714a9cdcd940>>)
2025-05-01 19:19:07,765 - pika.adapters.utils.selector_ioloop_adapter - DEBUG - set_writer(13, _) updated handler RdWr
2025-05-01 19:19:07,765 - pika.adapters.utils.io_services_utils - DEBUG - Turned on writability watcher: <socket.socket fd=13, family=10, type=1, proto=6, laddr=('::1', 34428, 0, 0), raddr=('::1', 5672, 0, 0)>
2025-05-01 19:19:07,765 - pika.callback - DEBUG - Added: {'callback': <bound method Connection._on_connection_open_ok of <SelectConnection TUNE transport=<pika.adapters.utils.io_services_utils._AsyncPlaintextTransport object at 0x714a9cdcd940> params=<ConnectionParameters host=localhost port=5672 virtual_host=/ ssl=False>>>, 'one_shot': True, 'only': None, 'arguments': None, 'calls': 1}
2025-05-01 19:19:07,765 - pika.adapters.utils.io_services_utils - DEBUG - Recv would block on <socket.socket fd=13, family=10, type=1, proto=6, laddr=('::1', 34428, 0, 0), raddr=('::1', 5672, 0, 0)>
2025-05-01 19:19:07,766 - pika.adapters.utils.selector_ioloop_adapter - DEBUG - SelectorIOServicesAdapter.remove_writer(13)
2025-05-01 19:19:07,766 - pika.adapters.utils.selector_ioloop_adapter - DEBUG - remove_writer(13) updated handler Rd
2025-05-01 19:19:07,767 - pika.adapters.utils.io_services_utils - DEBUG - Turned off writability watcher: <socket.socket fd=13, family=10, type=1, proto=6, laddr=('::1', 34428, 0, 0), raddr=('::1', 5672, 0, 0)>
2025-05-01 19:19:07,769 - pika.callback - DEBUG - Processing 0:Connection.OpenOk
2025-05-01 19:19:07,769 - pika.callback - DEBUG - Processing use of oneshot callback
2025-05-01 19:19:07,769 - pika.callback - DEBUG - 0 registered uses left
2025-05-01 19:19:07,769 - pika.callback - DEBUG - Removing callback #0: {'callback': <bound method Connection._on_connection_open_ok of <SelectConnection TUNE transport=<pika.adapters.utils.io_services_utils._AsyncPlaintextTransport object at 0x714a9cdcd940> params=<ConnectionParameters host=localhost port=5672 virtual_host=/ ssl=False>>>, 'one_shot': True, 'only': None, 'arguments': None, 'calls': 0}
2025-05-01 19:19:07,769 - pika.callback - DEBUG - Calling <bound method Connection._on_connection_open_ok of <SelectConnection TUNE transport=<pika.adapters.utils.io_services_utils._AsyncPlaintextTransport object at 0x714a9cdcd940> params=<ConnectionParameters host=localhost port=5672 virtual_host=/ ssl=False>>> for "0:Connection.OpenOk"
2025-05-01 19:19:07,769 - pika.connection - DEBUG - New Connection state: OPEN (prev=TUNE)
2025-05-01 19:19:07,769 - pika.callback - DEBUG - Processing 0:_on_connection_open_ok
2025-05-01 19:19:07,769 - pika.callback - DEBUG - Calling <bound method AMQPConnector._on_amqp_handshake_done of <pika.adapters.utils.connection_workflow.AMQPConnector object at 0x714a9cdcd2b0>> for "0:_on_connection_open_ok"
2025-05-01 19:19:07,769 - pika.adapters.utils.connection_workflow - DEBUG - AMQPConnector: AMQP handshake attempt completed; state=3; error=None; 'localhost'/(<AddressFamily.AF_INET6: 10>, <SocketKind.SOCK_STREAM: 1>, 6, '', ('::1', 5672, 0, 0))
2025-05-01 19:19:07,769 - pika.adapters.utils.connection_workflow - DEBUG - AMQPConnector: AMQP connection established for 'localhost'/(<AddressFamily.AF_INET6: 10>, <SocketKind.SOCK_STREAM: 1>, 6, '', ('::1', 5672, 0, 0)): <SelectConnection OPEN transport=<pika.adapters.utils.io_services_utils._AsyncPlaintextTransport object at 0x714a9cdcd940> params=<ConnectionParameters host=localhost port=5672 virtual_host=/ ssl=False>>
2025-05-01 19:19:07,769 - pika.adapters.utils.connection_workflow - INFO - AMQPConnector - reporting success: <SelectConnection OPEN transport=<pika.adapters.utils.io_services_utils._AsyncPlaintextTransport object at 0x714a9cdcd940> params=<ConnectionParameters host=localhost port=5672 virtual_host=/ ssl=False>>
2025-05-01 19:19:07,770 - pika.adapters.select_connection - DEBUG - remove_timeout: removing timeout <pika.adapters.select_connection._Timeout object at 0x714a9d652710> with deadline=67598.537782797 and callback=<bound method AMQPConnector._on_overall_timeout of <pika.adapters.utils.connection_workflow.AMQPConnector object at 0x714a9cdcd2b0>>
2025-05-01 19:19:07,770 - pika.adapters.utils.connection_workflow - DEBUG - Connection attempt completed with <SelectConnection OPEN transport=<pika.adapters.utils.io_services_utils._AsyncPlaintextTransport object at 0x714a9cdcd940> params=<ConnectionParameters host=localhost port=5672 virtual_host=/ ssl=False>>
2025-05-01 19:19:07,770 - pika.adapters.utils.connection_workflow - INFO - AMQPConnectionWorkflow - reporting success: <SelectConnection OPEN transport=<pika.adapters.utils.io_services_utils._AsyncPlaintextTransport object at 0x714a9cdcd940> params=<ConnectionParameters host=localhost port=5672 virtual_host=/ ssl=False>>
2025-05-01 19:19:07,770 - pika.adapters.utils.io_services_utils - DEBUG - Recv would block on <socket.socket fd=13, family=10, type=1, proto=6, laddr=('::1', 34428, 0, 0), raddr=('::1', 5672, 0, 0)>
2025-05-01 19:19:07,770 - pika.adapters.blocking_connection - INFO - Connection workflow succeeded: <SelectConnection OPEN transport=<pika.adapters.utils.io_services_utils._AsyncPlaintextTransport object at 0x714a9cdcd940> params=<ConnectionParameters host=localhost port=5672 virtual_host=/ ssl=False>>
2025-05-01 19:19:07,770 - pika.callback - DEBUG - Added: {'callback': <bound method _CallbackResult.set_value_once of <pika.adapters.blocking_connection._CallbackResult object at 0x714a9cd47a40>>, 'one_shot': False, 'only': None, 'arguments': None}
2025-05-01 19:19:07,770 - pika.connection - DEBUG - Creating channel 1
2025-05-01 19:19:07,770 - pika.callback - DEBUG - Added: {'callback': <bound method Connection._on_channel_cleanup of <SelectConnection OPEN transport=<pika.adapters.utils.io_services_utils._AsyncPlaintextTransport object at 0x714a9cdcd940> params=<ConnectionParameters host=localhost port=5672 virtual_host=/ ssl=False>>>, 'one_shot': True, 'only': <Channel number=1 CLOSED conn=<SelectConnection OPEN transport=<pika.adapters.utils.io_services_utils._AsyncPlaintextTransport object at 0x714a9cdcd940> params=<ConnectionParameters host=localhost port=5672 virtual_host=/ ssl=False>>>, 'arguments': None, 'calls': 1}
2025-05-01 19:19:07,771 - pika.callback - DEBUG - Added: {'callback': <bound method Channel._on_getempty of <Channel number=1 OPENING conn=<SelectConnection OPEN transport=<pika.adapters.utils.io_services_utils._AsyncPlaintextTransport object at 0x714a9cdcd940> params=<ConnectionParameters host=localhost port=5672 virtual_host=/ ssl=False>>>>, 'one_shot': False, 'only': None, 'arguments': None}
2025-05-01 19:19:07,771 - pika.callback - DEBUG - Added: {'callback': <bound method Channel._on_cancel of <Channel number=1 OPENING conn=<SelectConnection OPEN transport=<pika.adapters.utils.io_services_utils._AsyncPlaintextTransport object at 0x714a9cdcd940> params=<ConnectionParameters host=localhost port=5672 virtual_host=/ ssl=False>>>>, 'one_shot': False, 'only': None, 'arguments': None}
2025-05-01 19:19:07,772 - pika.callback - DEBUG - Added: {'callback': <bound method Channel._on_flow of <Channel number=1 OPENING conn=<SelectConnection OPEN transport=<pika.adapters.utils.io_services_utils._AsyncPlaintextTransport object at 0x714a9cdcd940> params=<ConnectionParameters host=localhost port=5672 virtual_host=/ ssl=False>>>>, 'one_shot': False, 'only': None, 'arguments': None}
2025-05-01 19:19:07,772 - pika.callback - DEBUG - Added: {'callback': <bound method Channel._on_close_from_broker of <Channel number=1 OPENING conn=<SelectConnection OPEN transport=<pika.adapters.utils.io_services_utils._AsyncPlaintextTransport object at 0x714a9cdcd940> params=<ConnectionParameters host=localhost port=5672 virtual_host=/ ssl=False>>>>, 'one_shot': True, 'only': None, 'arguments': None, 'calls': 1}
2025-05-01 19:19:07,772 - pika.adapters.utils.selector_ioloop_adapter - DEBUG - SelectorIOServicesAdapter.set_writer(13, <bound method _AsyncPlaintextTransport._on_socket_writable of <pika.adapters.utils.io_services_utils._AsyncPlaintextTransport object at 0x714a9cdcd940>>)
2025-05-01 19:19:07,772 - pika.adapters.utils.selector_ioloop_adapter - DEBUG - set_writer(13, _) updated handler RdWr
2025-05-01 19:19:07,772 - pika.adapters.utils.io_services_utils - DEBUG - Turned on writability watcher: <socket.socket fd=13, family=10, type=1, proto=6, laddr=('::1', 34428, 0, 0), raddr=('::1', 5672, 0, 0)>
2025-05-01 19:19:07,772 - pika.channel - DEBUG - Entering blocking state on frame <Channel.Open(['out_of_band='])>; acceptable_replies=[<class 'pika.spec.Channel.OpenOk'>]
2025-05-01 19:19:07,772 - pika.channel - DEBUG - Adding on_synchronous_complete callback
2025-05-01 19:19:07,773 - pika.callback - DEBUG - Added: {'callback': <bound method Channel._on_synchronous_complete of <Channel number=1 OPENING conn=<SelectConnection OPEN transport=<pika.adapters.utils.io_services_utils._AsyncPlaintextTransport object at 0x714a9cdcd940> params=<ConnectionParameters host=localhost port=5672 virtual_host=/ ssl=False>>>>, 'one_shot': True, 'only': None, 'arguments': None, 'calls': 1}
2025-05-01 19:19:07,773 - pika.channel - DEBUG - Adding passed-in RPC response callback
2025-05-01 19:19:07,773 - pika.callback - DEBUG - Added: {'callback': <bound method Channel._on_openok of <Channel number=1 OPENING conn=<SelectConnection OPEN transport=<pika.adapters.utils.io_services_utils._AsyncPlaintextTransport object at 0x714a9cdcd940> params=<ConnectionParameters host=localhost port=5672 virtual_host=/ ssl=False>>>>, 'one_shot': True, 'only': None, 'arguments': None, 'calls': 1}
2025-05-01 19:19:07,773 - pika.callback - DEBUG - Added: {'callback': <bound method BlockingChannel._on_consumer_cancelled_by_broker of <BlockingChannel impl=<Channel number=1 OPENING conn=<SelectConnection OPEN transport=<pika.adapters.utils.io_services_utils._AsyncPlaintextTransport object at 0x714a9cdcd940> params=<ConnectionParameters host=localhost port=5672 virtual_host=/ ssl=False>>>>>, 'one_shot': False, 'only': None, 'arguments': None}
2025-05-01 19:19:07,773 - pika.callback - DEBUG - Added: {'callback': <bound method _CallbackResult.signal_once of <pika.adapters.blocking_connection._CallbackResult object at 0x714a9cdf1280>>, 'one_shot': False, 'only': None, 'arguments': None}
2025-05-01 19:19:07,774 - pika.callback - DEBUG - Added: {'callback': <bound method BlockingChannel._on_channel_closed of <BlockingChannel impl=<Channel number=1 OPENING conn=<SelectConnection OPEN transport=<pika.adapters.utils.io_services_utils._AsyncPlaintextTransport object at 0x714a9cdcd940> params=<ConnectionParameters host=localhost port=5672 virtual_host=/ ssl=False>>>>>, 'one_shot': False, 'only': <Channel number=1 OPENING conn=<SelectConnection OPEN transport=<pika.adapters.utils.io_services_utils._AsyncPlaintextTransport object at 0x714a9cdcd940> params=<ConnectionParameters host=localhost port=5672 virtual_host=/ ssl=False>>>, 'arguments': None}
2025-05-01 19:19:07,774 - pika.callback - DEBUG - Added: {'callback': <bound method _CallbackResult.set_value_once of <pika.adapters.blocking_connection._CallbackResult object at 0x714a9cdf12c0>>, 'one_shot': False, 'only': None, 'arguments': None}
2025-05-01 19:19:07,774 - pika.adapters.blocking_connection - INFO - Created channel=1
2025-05-01 19:19:07,776 - pika.adapters.utils.selector_ioloop_adapter - DEBUG - SelectorIOServicesAdapter.remove_writer(13)
2025-05-01 19:19:07,776 - pika.adapters.utils.selector_ioloop_adapter - DEBUG - remove_writer(13) updated handler Rd
2025-05-01 19:19:07,776 - pika.adapters.utils.io_services_utils - DEBUG - Turned off writability watcher: <socket.socket fd=13, family=10, type=1, proto=6, laddr=('::1', 34428, 0, 0), raddr=('::1', 5672, 0, 0)>
2025-05-01 19:19:07,777 - pika.callback - DEBUG - Processing 1:Channel.OpenOk
2025-05-01 19:19:07,777 - pika.callback - DEBUG - Processing use of oneshot callback
2025-05-01 19:19:07,778 - pika.callback - DEBUG - 0 registered uses left
2025-05-01 19:19:07,778 - pika.callback - DEBUG - Removing callback #0: {'callback': <bound method Channel._on_synchronous_complete of <Channel number=1 OPENING conn=<SelectConnection OPEN transport=<pika.adapters.utils.io_services_utils._AsyncPlaintextTransport object at 0x714a9cdcd940> params=<ConnectionParameters host=localhost port=5672 virtual_host=/ ssl=False>>>>, 'one_shot': True, 'only': None, 'arguments': None, 'calls': 0}
2025-05-01 19:19:07,778 - pika.callback - DEBUG - Processing use of oneshot callback
2025-05-01 19:19:07,778 - pika.callback - DEBUG - 0 registered uses left
2025-05-01 19:19:07,779 - pika.callback - DEBUG - Removing callback #0: {'callback': <bound method Channel._on_openok of <Channel number=1 OPENING conn=<SelectConnection OPEN transport=<pika.adapters.utils.io_services_utils._AsyncPlaintextTransport object at 0x714a9cdcd940> params=<ConnectionParameters host=localhost port=5672 virtual_host=/ ssl=False>>>>, 'one_shot': True, 'only': None, 'arguments': None, 'calls': 0}
2025-05-01 19:19:07,779 - pika.callback - DEBUG - Calling <bound method Channel._on_synchronous_complete of <Channel number=1 OPENING conn=<SelectConnection OPEN transport=<pika.adapters.utils.io_services_utils._AsyncPlaintextTransport object at 0x714a9cdcd940> params=<ConnectionParameters host=localhost port=5672 virtual_host=/ ssl=False>>>> for "1:Channel.OpenOk"
2025-05-01 19:19:07,779 - pika.channel - DEBUG - 0 blocked frames
2025-05-01 19:19:07,779 - pika.callback - DEBUG - Calling <bound method Channel._on_openok of <Channel number=1 OPENING conn=<SelectConnection OPEN transport=<pika.adapters.utils.io_services_utils._AsyncPlaintextTransport object at 0x714a9cdcd940> params=<ConnectionParameters host=localhost port=5672 virtual_host=/ ssl=False>>>> for "1:Channel.OpenOk"
2025-05-01 19:19:07,780 - pika.adapters.utils.io_services_utils - DEBUG - Recv would block on <socket.socket fd=13, family=10, type=1, proto=6, laddr=('::1', 34428, 0, 0), raddr=('::1', 5672, 0, 0)>
2025-05-01 19:19:07,780 - pika.adapters.utils.selector_ioloop_adapter - DEBUG - SelectorIOServicesAdapter.set_writer(13, <bound method _AsyncPlaintextTransport._on_socket_writable of <pika.adapters.utils.io_services_utils._AsyncPlaintextTransport object at 0x714a9cdcd940>>)
2025-05-01 19:19:07,781 - pika.adapters.utils.selector_ioloop_adapter - DEBUG - set_writer(13, _) updated handler RdWr
2025-05-01 19:19:07,781 - pika.adapters.utils.io_services_utils - DEBUG - Turned on writability watcher: <socket.socket fd=13, family=10, type=1, proto=6, laddr=('::1', 34428, 0, 0), raddr=('::1', 5672, 0, 0)>
2025-05-01 19:19:07,781 - pika.channel - DEBUG - Entering blocking state on frame <Queue.Declare(['arguments={}', 'auto_delete=False', 'durable=False', 'exclusive=False', 'nowait=False', 'passive=False', 'queue=sums', 'ticket=0'])>; acceptable_replies=[(<class 'pika.spec.Queue.DeclareOk'>, {'queue': 'sums'})]
2025-05-01 19:19:07,781 - pika.channel - DEBUG - Adding on_synchronous_complete callback
2025-05-01 19:19:07,782 - pika.callback - DEBUG - Added: {'callback': <bound method Channel._on_synchronous_complete of <Channel number=1 OPEN conn=<SelectConnection OPEN transport=<pika.adapters.utils.io_services_utils._AsyncPlaintextTransport object at 0x714a9cdcd940> params=<ConnectionParameters host=localhost port=5672 virtual_host=/ ssl=False>>>>, 'one_shot': True, 'only': None, 'arguments': {'queue': 'sums'}, 'calls': 1}
2025-05-01 19:19:07,782 - pika.channel - DEBUG - Adding passed-in RPC response callback
2025-05-01 19:19:07,782 - pika.callback - DEBUG - Added: {'callback': <bound method _CallbackResult.set_value_once of <pika.adapters.blocking_connection._CallbackResult object at 0x714a9cdf0b00>>, 'one_shot': True, 'only': None, 'arguments': {'queue': 'sums'}, 'calls': 1}
2025-05-01 19:19:07,782 - pika.adapters.utils.selector_ioloop_adapter - DEBUG - SelectorIOServicesAdapter.remove_writer(13)
2025-05-01 19:19:07,783 - pika.adapters.utils.selector_ioloop_adapter - DEBUG - remove_writer(13) updated handler Rd
2025-05-01 19:19:07,783 - pika.adapters.utils.io_services_utils - DEBUG - Turned off writability watcher: <socket.socket fd=13, family=10, type=1, proto=6, laddr=('::1', 34428, 0, 0), raddr=('::1', 5672, 0, 0)>
2025-05-01 19:19:07,783 - pika.callback - DEBUG - Processing 1:Queue.DeclareOk
2025-05-01 19:19:07,784 - pika.callback - DEBUG - Processing use of oneshot callback
2025-05-01 19:19:07,784 - pika.callback - DEBUG - 0 registered uses left
2025-05-01 19:19:07,785 - pika.callback - DEBUG - Comparing {'queue': 'sums'} to {'queue': 'sums'}
2025-05-01 19:19:07,785 - pika.callback - DEBUG - Removing callback #0: {'callback': <bound method Channel._on_synchronous_complete of <Channel number=1 OPEN conn=<SelectConnection OPEN transport=<pika.adapters.utils.io_services_utils._AsyncPlaintextTransport object at 0x714a9cdcd940> params=<ConnectionParameters host=localhost port=5672 virtual_host=/ ssl=False>>>>, 'one_shot': True, 'only': None, 'arguments': {'queue': 'sums'}, 'calls': 0}
2025-05-01 19:19:07,785 - pika.callback - DEBUG - Processing use of oneshot callback
2025-05-01 19:19:07,785 - pika.callback - DEBUG - 0 registered uses left
2025-05-01 19:19:07,785 - pika.callback - DEBUG - Comparing {'queue': 'sums'} to {'queue': 'sums'}
2025-05-01 19:19:07,785 - pika.callback - DEBUG - Removing callback #0: {'callback': <bound method _CallbackResult.set_value_once of <pika.adapters.blocking_connection._CallbackResult object at 0x714a9cdf0b00>>, 'one_shot': True, 'only': None, 'arguments': {'queue': 'sums'}, 'calls': 0}
2025-05-01 19:19:07,785 - pika.callback - DEBUG - Calling <bound method Channel._on_synchronous_complete of <Channel number=1 OPEN conn=<SelectConnection OPEN transport=<pika.adapters.utils.io_services_utils._AsyncPlaintextTransport object at 0x714a9cdcd940> params=<ConnectionParameters host=localhost port=5672 virtual_host=/ ssl=False>>>> for "1:Queue.DeclareOk"
2025-05-01 19:19:07,785 - pika.channel - DEBUG - 0 blocked frames
2025-05-01 19:19:07,785 - pika.callback - DEBUG - Calling <bound method _CallbackResult.set_value_once of <pika.adapters.blocking_connection._CallbackResult object at 0x714a9cdf0b00>> for "1:Queue.DeclareOk"
2025-05-01 19:19:07,785 - pika.adapters.utils.io_services_utils - DEBUG - Recv would block on <socket.socket fd=13, family=10, type=1, proto=6, laddr=('::1', 34428, 0, 0), raddr=('::1', 5672, 0, 0)>
2025-05-01 19:19:07,786 - root - INFO - Starting outbox processor
2025-05-01 19:19:07,786 - root - INFO - Fetching pending messages from outbox
2025-05-01 19:19:07,786 - internal.adapters.database_initalizer - DEBUG - Requesting cursor via context manager
2025-05-01 19:19:07,786 - internal.adapters.database_initalizer - INFO - Successfully retrieved connection from pool
2025-05-01 19:19:07,789 - internal.adapters.database_initalizer - DEBUG - Returning connection to pool
2025-05-01 19:19:07,789 - internal.adapters.database_initalizer - INFO - Connection returned to pool
2025-05-01 19:19:07,789 - root - ERROR - Error processing message ID 4a306872-8ba0-42fe-9d3c-34814df9cf0a: RabbitMQPublisher.publish_message() takes 2 positional arguments but 3 were given
2025-05-01 19:19:12,790 - root - INFO - Fetching pending messages from outbox
2025-05-01 19:19:12,790 - internal.adapters.database_initalizer - DEBUG - Requesting cursor via context manager
2025-05-01 19:19:12,790 - internal.adapters.database_initalizer - INFO - Successfully retrieved connection from pool
2025-05-01 19:19:12,792 - internal.adapters.database_initalizer - DEBUG - Returning connection to pool
2025-05-01 19:19:12,792 - internal.adapters.database_initalizer - INFO - Connection returned to pool
2025-05-01 19:19:12,793 - root - ERROR - Error processing message ID 4a306872-8ba0-42fe-9d3c-34814df9cf0a: RabbitMQPublisher.publish_message() takes 2 positional arguments but 3 were given
2025-05-01 19:19:17,793 - root - INFO - Fetching pending messages from outbox
2025-05-01 19:19:17,793 - internal.adapters.database_initalizer - DEBUG - Requesting cursor via context manager
2025-05-01 19:19:17,794 - internal.adapters.database_initalizer - INFO - Successfully retrieved connection from pool
2025-05-01 19:19:17,800 - internal.adapters.database_initalizer - DEBUG - Returning connection to pool
2025-05-01 19:19:17,800 - internal.adapters.database_initalizer - INFO - Connection returned to pool
2025-05-01 19:19:17,801 - root - ERROR - Error processing message ID 4a306872-8ba0-42fe-9d3c-34814df9cf0a: RabbitMQPublisher.publish_message() takes 2 positional arguments but 3 were given
2025-05-01 19:19:22,802 - root - INFO - Fetching pending messages from outbox
2025-05-01 19:19:22,803 - internal.adapters.database_initalizer - DEBUG - Requesting cursor via context manager
2025-05-01 19:19:22,804 - internal.adapters.database_initalizer - INFO - Successfully retrieved connection from pool
2025-05-01 19:19:22,810 - internal.adapters.database_initalizer - DEBUG - Returning connection to pool
2025-05-01 19:19:22,810 - internal.adapters.database_initalizer - INFO - Connection returned to pool
2025-05-01 19:19:22,811 - root - ERROR - Error processing message ID 4a306872-8ba0-42fe-9d3c-34814df9cf0a: RabbitMQPublisher.publish_message() takes 2 positional arguments but 3 were given
2025-05-01 19:19:54,144 - root - DEBUG - Logger configured with log file /home/revoo/work/NumDrift/Adder_service/internal/utils/Adder_service/internal/logs/outbox.log
2025-05-01 19:19:54,145 - root - DEBUG - Logger configured with log file /home/revoo/work/NumDrift/Adder_service/internal/utils/Adder_service/internal/logs/outbox.log
2025-05-01 19:19:54,152 - internal.adapters.database_initalizer - DEBUG - Initializing InitDB class
2025-05-01 19:19:54,152 - internal.adapters.database_initalizer - DEBUG - Loaded .env file from /home/revoo/work/NumDrift/Adder_service/.env
2025-05-01 19:19:54,152 - internal.adapters.database_initalizer - DEBUG - DB_URL loaded successfully
2025-05-01 19:19:54,169 - internal.adapters.database_initalizer - INFO - Database connection pool created successfully
2025-05-01 19:19:54,170 - internal.adapters.database_initalizer - DEBUG - Initializing InitDB class
2025-05-01 19:19:54,171 - internal.adapters.database_initalizer - DEBUG - Loaded .env file from /home/revoo/work/NumDrift/Adder_service/.env
2025-05-01 19:19:54,172 - internal.adapters.database_initalizer - DEBUG - DB_URL loaded successfully
2025-05-01 19:19:54,185 - internal.adapters.database_initalizer - INFO - Database connection pool created successfully
2025-05-01 19:19:54,186 - pika.adapters.select_connection - DEBUG - Using EPollPoller
2025-05-01 19:19:54,186 - pika.adapters.base_connection - DEBUG - Created default connection workflow <pika.adapters.utils.connection_workflow.AMQPConnectionWorkflow object at 0x79d83dbc0ec0>
2025-05-01 19:19:54,186 - pika.adapters.utils.connection_workflow - DEBUG - Starting AMQP Connection workflow asynchronously.
2025-05-01 19:19:54,186 - pika.adapters.select_connection - DEBUG - call_later: added timeout <pika.adapters.select_connection._Timeout object at 0x79d83dbb0820> with deadline=67629.977501959 and callback=functools.partial(<bound method AMQPConnectionWorkflow._start_new_cycle_async of <pika.adapters.utils.connection_workflow.AMQPConnectionWorkflow object at 0x79d83dbc0ec0>>, first=True); now=67629.977501959; delay=0
2025-05-01 19:19:54,187 - pika.adapters.utils.connection_workflow - DEBUG - Beginning a new AMQP connection workflow cycle; attempts remaining after this: 0
2025-05-01 19:19:54,187 - pika.adapters.select_connection - DEBUG - call_later: added timeout <pika.adapters.select_connection._Timeout object at 0x79d83dbb0850> with deadline=67629.977790795 and callback=<bound method AMQPConnectionWorkflow._try_next_config_async of <pika.adapters.utils.connection_workflow.AMQPConnectionWorkflow object at 0x79d83dbc0ec0>>; now=67629.977790795; delay=0
2025-05-01 19:19:54,187 - pika.adapters.utils.connection_workflow - DEBUG - _try_next_config_async: 'localhost':5672
2025-05-01 19:19:54,190 - pika.adapters.select_connection - DEBUG - process_timeouts: invoking callback=<bound method _AddressResolver._dispatch_result of <pika.adapters.utils.selector_ioloop_adapter._AddressResolver object at 0x79d83dbc1010>>
2025-05-01 19:19:54,190 - pika.adapters.select_connection - DEBUG - add_callback_threadsafe: added callback=<bound method _AddressResolver._dispatch_result of <pika.adapters.utils.selector_ioloop_adapter._AddressResolver object at 0x79d83dbc1010>>
2025-05-01 19:19:54,190 - pika.adapters.utils.selector_ioloop_adapter - DEBUG - Invoking asynchronous getaddrinfo() completion callback; host='localhost'
2025-05-01 19:19:54,190 - pika.adapters.utils.connection_workflow - DEBUG - getaddrinfo returned 2 records
2025-05-01 19:19:54,190 - pika.adapters.utils.connection_workflow - DEBUG - Attempting to connect using address record (<AddressFamily.AF_INET6: 10>, <SocketKind.SOCK_STREAM: 1>, 6, '', ('::1', 5672, 0, 0))
2025-05-01 19:19:54,191 - pika.adapters.utils.connection_workflow - INFO - Pika version 1.3.2 connecting to ('::1', 5672, 0, 0)
2025-05-01 19:19:54,191 - pika.adapters.select_connection - DEBUG - add_callback_threadsafe: added callback=<bound method _AsyncSocketConnector._start_async of <pika.adapters.utils.io_services_utils._AsyncSocketConnector object at 0x79d83dbc16a0>>
2025-05-01 19:19:54,191 - pika.adapters.select_connection - DEBUG - call_later: added timeout <pika.adapters.select_connection._Timeout object at 0x79d83e1ac9a0> with deadline=67639.982089241 and callback=<bound method AMQPConnector._on_tcp_connection_timeout of <pika.adapters.utils.connection_workflow.AMQPConnector object at 0x79d83dbc12b0>>; now=67629.982089241; delay=10.0
2025-05-01 19:19:54,191 - pika.adapters.select_connection - DEBUG - call_later: added timeout <pika.adapters.select_connection._Timeout object at 0x79d83db92890> with deadline=67644.982195123 and callback=<bound method AMQPConnector._on_overall_timeout of <pika.adapters.utils.connection_workflow.AMQPConnector object at 0x79d83dbc12b0>>; now=67629.982195123; delay=15.0
2025-05-01 19:19:54,191 - pika.adapters.select_connection - DEBUG - process_timeouts: invoking callback=<bound method _AsyncSocketConnector._start_async of <pika.adapters.utils.io_services_utils._AsyncSocketConnector object at 0x79d83dbc16a0>>
2025-05-01 19:19:54,191 - pika.adapters.utils.selector_ioloop_adapter - DEBUG - SelectorIOServicesAdapter.set_writer(13, <bound method _AsyncSocketConnector._on_writable of <pika.adapters.utils.io_services_utils._AsyncSocketConnector object at 0x79d83dbc16a0>>)
2025-05-01 19:19:54,192 - pika.adapters.utils.selector_ioloop_adapter - DEBUG - set_writer(13, _) added handler Wr
2025-05-01 19:19:54,192 - pika.adapters.utils.io_services_utils - DEBUG - Connection-establishment is in progress for <socket.socket fd=13, family=10, type=1, proto=6, laddr=('::1', 47814, 0, 0), raddr=('::1', 5672, 0, 0)>.
2025-05-01 19:19:54,192 - pika.adapters.utils.io_services_utils - INFO - Socket connected: <socket.socket fd=13, family=10, type=1, proto=6, laddr=('::1', 47814, 0, 0), raddr=('::1', 5672, 0, 0)>
2025-05-01 19:19:54,192 - pika.adapters.utils.io_services_utils - DEBUG - _AsyncSocketConnector._report_completion(None); <socket.socket fd=13, family=10, type=1, proto=6, laddr=('::1', 47814, 0, 0), raddr=('::1', 5672, 0, 0)>
2025-05-01 19:19:54,192 - pika.adapters.utils.selector_ioloop_adapter - DEBUG - SelectorIOServicesAdapter.remove_writer(13)
2025-05-01 19:19:54,192 - pika.adapters.utils.selector_ioloop_adapter - DEBUG - remove_writer(13) removed handler
2025-05-01 19:19:54,192 - pika.adapters.select_connection - DEBUG - remove_timeout: removing timeout <pika.adapters.select_connection._Timeout object at 0x79d83e1ac9a0> with deadline=67639.982089241 and callback=<bound method AMQPConnector._on_tcp_connection_timeout of <pika.adapters.utils.connection_workflow.AMQPConnector object at 0x79d83dbc12b0>>
2025-05-01 19:19:54,192 - pika.adapters.utils.connection_workflow - DEBUG - TCP connection to broker established: <socket.socket fd=13, family=10, type=1, proto=6, laddr=('::1', 47814, 0, 0), raddr=('::1', 5672, 0, 0)>.
2025-05-01 19:19:54,192 - pika.adapters.utils.io_services_utils - DEBUG - _AsyncStreamConnector.start(); <socket.socket fd=13, family=10, type=1, proto=6, laddr=('::1', 47814, 0, 0), raddr=('::1', 5672, 0, 0)>
2025-05-01 19:19:54,193 - pika.adapters.select_connection - DEBUG - add_callback_threadsafe: added callback=<bound method _AsyncStreamConnector._start_async of <pika.adapters.utils.io_services_utils._AsyncStreamConnector object at 0x79d83dbc1010>>
2025-05-01 19:19:54,193 - pika.adapters.select_connection - DEBUG - process_timeouts: invoking callback=<bound method _AsyncStreamConnector._start_async of <pika.adapters.utils.io_services_utils._AsyncStreamConnector object at 0x79d83dbc1010>>
2025-05-01 19:19:54,193 - pika.adapters.utils.io_services_utils - DEBUG - _AsyncStreamConnector._start_async(); <socket.socket fd=13, family=10, type=1, proto=6, laddr=('::1', 47814, 0, 0), raddr=('::1', 5672, 0, 0)>
2025-05-01 19:19:54,193 - pika.adapters.utils.io_services_utils - DEBUG - _AsyncStreamConnector._linkup()
2025-05-01 19:19:54,193 - pika.connection - DEBUG - New Connection state: CLOSED (prev=CLOSED)
2025-05-01 19:19:54,193 - pika.callback - DEBUG - Added: {'callback': <bound method Connection._on_connection_start of <SelectConnection CLOSED transport=None params=<ConnectionParameters host=localhost port=5672 virtual_host=/ ssl=False>>>, 'one_shot': True, 'only': None, 'arguments': None, 'calls': 1}
2025-05-01 19:19:54,194 - pika.callback - DEBUG - Added: {'callback': <bound method Connection._on_connection_close_from_broker of <SelectConnection CLOSED transport=None params=<ConnectionParameters host=localhost port=5672 virtual_host=/ ssl=False>>>, 'one_shot': True, 'only': None, 'arguments': None, 'calls': 1}
2025-05-01 19:19:54,194 - pika.callback - DEBUG - Added: {'callback': <bound method Connection._default_on_connection_error of <SelectConnection CLOSED transport=None params=<ConnectionParameters host=localhost port=5672 virtual_host=/ ssl=False>>>, 'one_shot': False, 'only': None, 'arguments': None}
2025-05-01 19:19:54,194 - pika.connection - DEBUG - New Connection state: INIT (prev=CLOSED)
2025-05-01 19:19:54,194 - pika.connection - DEBUG - Using external connection workflow.
2025-05-01 19:19:54,194 - pika.adapters.utils.io_services_utils - DEBUG - _AsyncTransportBase.__init__: <socket.socket fd=13, family=10, type=1, proto=6, laddr=('::1', 47814, 0, 0), raddr=('::1', 5672, 0, 0)>
2025-05-01 19:19:54,194 - pika.adapters.utils.selector_ioloop_adapter - DEBUG - SelectorIOServicesAdapter.set_reader(13, <bound method _AsyncPlaintextTransport._on_socket_readable of <pika.adapters.utils.io_services_utils._AsyncPlaintextTransport object at 0x79d83dbc1940>>)
2025-05-01 19:19:54,194 - pika.adapters.utils.selector_ioloop_adapter - DEBUG - set_reader(13, _) added handler Rd
2025-05-01 19:19:54,194 - pika.adapters.utils.io_services_utils - DEBUG - _linkup(): created transport <pika.adapters.utils.io_services_utils._AsyncPlaintextTransport object at 0x79d83dbc1940>
2025-05-01 19:19:54,194 - pika.connection - DEBUG - New Connection state: PROTOCOL (prev=INIT)
2025-05-01 19:19:54,194 - pika.adapters.utils.selector_ioloop_adapter - DEBUG - SelectorIOServicesAdapter.set_writer(13, <bound method _AsyncPlaintextTransport._on_socket_writable of <pika.adapters.utils.io_services_utils._AsyncPlaintextTransport object at 0x79d83dbc1940>>)
2025-05-01 19:19:54,194 - pika.adapters.utils.selector_ioloop_adapter - DEBUG - set_writer(13, _) updated handler RdWr
2025-05-01 19:19:54,194 - pika.adapters.utils.io_services_utils - DEBUG - Turned on writability watcher: <socket.socket fd=13, family=10, type=1, proto=6, laddr=('::1', 47814, 0, 0), raddr=('::1', 5672, 0, 0)>
2025-05-01 19:19:54,195 - pika.adapters.utils.io_services_utils - DEBUG - _linkup(): introduced transport to protocol <pika.adapters.utils.io_services_utils._AsyncPlaintextTransport object at 0x79d83dbc1940>; _StreamingProtocolShim: <SelectConnection PROTOCOL transport=<pika.adapters.utils.io_services_utils._AsyncPlaintextTransport object at 0x79d83dbc1940> params=<ConnectionParameters host=localhost port=5672 virtual_host=/ ssl=False>>
2025-05-01 19:19:54,195 - pika.adapters.utils.io_services_utils - DEBUG - _AsyncStreamConnector._report_completion((<pika.adapters.utils.io_services_utils._AsyncPlaintextTransport object at 0x79d83dbc1940>, _StreamingProtocolShim: <SelectConnection PROTOCOL transport=<pika.adapters.utils.io_services_utils._AsyncPlaintextTransport object at 0x79d83dbc1940> params=<ConnectionParameters host=localhost port=5672 virtual_host=/ ssl=False>>)); <socket.socket fd=13, family=10, type=1, proto=6, laddr=('::1', 47814, 0, 0), raddr=('::1', 5672, 0, 0)>
2025-05-01 19:19:54,195 - pika.adapters.utils.connection_workflow - INFO - Streaming transport linked up: (<pika.adapters.utils.io_services_utils._AsyncPlaintextTransport object at 0x79d83dbc1940>, _StreamingProtocolShim: <SelectConnection PROTOCOL transport=<pika.adapters.utils.io_services_utils._AsyncPlaintextTransport object at 0x79d83dbc1940> params=<ConnectionParameters host=localhost port=5672 virtual_host=/ ssl=False>>).
2025-05-01 19:19:54,195 - pika.callback - DEBUG - Removing callback #0: {'callback': <bound method Connection._default_on_connection_error of <SelectConnection PROTOCOL transport=<pika.adapters.utils.io_services_utils._AsyncPlaintextTransport object at 0x79d83dbc1940> params=<ConnectionParameters host=localhost port=5672 virtual_host=/ ssl=False>>>, 'one_shot': False, 'only': None, 'arguments': None}
2025-05-01 19:19:54,195 - pika.callback - DEBUG - Added: {'callback': <bound method AMQPConnector._on_amqp_handshake_done of <pika.adapters.utils.connection_workflow.AMQPConnector object at 0x79d83dbc12b0>>, 'one_shot': False, 'only': None, 'arguments': None}
2025-05-01 19:19:54,195 - pika.callback - DEBUG - Added: {'callback': <bound method AMQPConnector._on_amqp_handshake_done of <pika.adapters.utils.connection_workflow.AMQPConnector object at 0x79d83dbc12b0>>, 'one_shot': False, 'only': None, 'arguments': None}
2025-05-01 19:19:54,195 - pika.adapters.utils.io_services_utils - DEBUG - _AsyncStreamConnector._cleanup(False)
2025-05-01 19:19:54,195 - pika.adapters.utils.selector_ioloop_adapter - DEBUG - SelectorIOServicesAdapter.remove_writer(13)
2025-05-01 19:19:54,196 - pika.adapters.utils.selector_ioloop_adapter - DEBUG - remove_writer(13) updated handler Rd
2025-05-01 19:19:54,196 - pika.adapters.utils.io_services_utils - DEBUG - Turned off writability watcher: <socket.socket fd=13, family=10, type=1, proto=6, laddr=('::1', 47814, 0, 0), raddr=('::1', 5672, 0, 0)>
2025-05-01 19:19:54,199 - pika.callback - DEBUG - Processing 0:Connection.Start
2025-05-01 19:19:54,202 - pika.callback - DEBUG - Processing use of oneshot callback
2025-05-01 19:19:54,202 - pika.callback - DEBUG - 0 registered uses left
2025-05-01 19:19:54,202 - pika.callback - DEBUG - Removing callback #0: {'callback': <bound method Connection._on_connection_start of <SelectConnection PROTOCOL transport=<pika.adapters.utils.io_services_utils._AsyncPlaintextTransport object at 0x79d83dbc1940> params=<ConnectionParameters host=localhost port=5672 virtual_host=/ ssl=False>>>, 'one_shot': True, 'only': None, 'arguments': None, 'calls': 0}
2025-05-01 19:19:54,203 - pika.callback - DEBUG - Calling <bound method Connection._on_connection_start of <SelectConnection PROTOCOL transport=<pika.adapters.utils.io_services_utils._AsyncPlaintextTransport object at 0x79d83dbc1940> params=<ConnectionParameters host=localhost port=5672 virtual_host=/ ssl=False>>> for "0:Connection.Start"
2025-05-01 19:19:54,203 - pika.connection - DEBUG - New Connection state: START (prev=PROTOCOL)
2025-05-01 19:19:54,203 - pika.callback - DEBUG - Added: {'callback': <bound method Connection._on_connection_tune of <SelectConnection START transport=<pika.adapters.utils.io_services_utils._AsyncPlaintextTransport object at 0x79d83dbc1940> params=<ConnectionParameters host=localhost port=5672 virtual_host=/ ssl=False>>>, 'one_shot': True, 'only': None, 'arguments': None, 'calls': 1}
2025-05-01 19:19:54,204 - pika.adapters.utils.selector_ioloop_adapter - DEBUG - SelectorIOServicesAdapter.set_writer(13, <bound method _AsyncPlaintextTransport._on_socket_writable of <pika.adapters.utils.io_services_utils._AsyncPlaintextTransport object at 0x79d83dbc1940>>)
2025-05-01 19:19:54,204 - pika.adapters.utils.selector_ioloop_adapter - DEBUG - set_writer(13, _) updated handler RdWr
2025-05-01 19:19:54,204 - pika.adapters.utils.io_services_utils - DEBUG - Turned on writability watcher: <socket.socket fd=13, family=10, type=1, proto=6, laddr=('::1', 47814, 0, 0), raddr=('::1', 5672, 0, 0)>
2025-05-01 19:19:54,204 - pika.adapters.utils.io_services_utils - DEBUG - Recv would block on <socket.socket fd=13, family=10, type=1, proto=6, laddr=('::1', 47814, 0, 0), raddr=('::1', 5672, 0, 0)>
2025-05-01 19:19:54,205 - pika.adapters.utils.selector_ioloop_adapter - DEBUG - SelectorIOServicesAdapter.remove_writer(13)
2025-05-01 19:19:54,206 - pika.adapters.utils.selector_ioloop_adapter - DEBUG - remove_writer(13) updated handler Rd
2025-05-01 19:19:54,206 - pika.adapters.utils.io_services_utils - DEBUG - Turned off writability watcher: <socket.socket fd=13, family=10, type=1, proto=6, laddr=('::1', 47814, 0, 0), raddr=('::1', 5672, 0, 0)>
2025-05-01 19:19:54,207 - pika.callback - DEBUG - Processing 0:Connection.Tune
2025-05-01 19:19:54,207 - pika.callback - DEBUG - Processing use of oneshot callback
2025-05-01 19:19:54,208 - pika.callback - DEBUG - 0 registered uses left
2025-05-01 19:19:54,208 - pika.callback - DEBUG - Removing callback #0: {'callback': <bound method Connection._on_connection_tune of <SelectConnection START transport=<pika.adapters.utils.io_services_utils._AsyncPlaintextTransport object at 0x79d83dbc1940> params=<ConnectionParameters host=localhost port=5672 virtual_host=/ ssl=False>>>, 'one_shot': True, 'only': None, 'arguments': None, 'calls': 0}
2025-05-01 19:19:54,208 - pika.callback - DEBUG - Calling <bound method Connection._on_connection_tune of <SelectConnection START transport=<pika.adapters.utils.io_services_utils._AsyncPlaintextTransport object at 0x79d83dbc1940> params=<ConnectionParameters host=localhost port=5672 virtual_host=/ ssl=False>>> for "0:Connection.Tune"
2025-05-01 19:19:54,208 - pika.connection - DEBUG - New Connection state: TUNE (prev=START)
2025-05-01 19:19:54,209 - pika.connection - DEBUG - Creating a HeartbeatChecker: 60
2025-05-01 19:19:54,210 - pika.heartbeat - DEBUG - timeout: 60.000000 send_interval: 30.000000 check_interval: 65.000000
2025-05-01 19:19:54,210 - pika.adapters.select_connection - DEBUG - call_later: added timeout <pika.adapters.select_connection._Timeout object at 0x79d83e5cdff0> with deadline=67660.001405726 and callback=<bound method HeartbeatChecker._send_heartbeat of <pika.heartbeat.HeartbeatChecker object at 0x79d83dbc1a90>>; now=67630.001405726; delay=30.0
2025-05-01 19:19:54,211 - pika.adapters.select_connection - DEBUG - call_later: added timeout <pika.adapters.select_connection._Timeout object at 0x79d83dbb0e20> with deadline=67695.001669898 and callback=<bound method HeartbeatChecker._check_heartbeat of <pika.heartbeat.HeartbeatChecker object at 0x79d83dbc1a90>>; now=67630.001669898; delay=65
2025-05-01 19:19:54,211 - pika.adapters.utils.selector_ioloop_adapter - DEBUG - SelectorIOServicesAdapter.set_writer(13, <bound method _AsyncPlaintextTransport._on_socket_writable of <pika.adapters.utils.io_services_utils._AsyncPlaintextTransport object at 0x79d83dbc1940>>)
2025-05-01 19:19:54,211 - pika.adapters.utils.selector_ioloop_adapter - DEBUG - set_writer(13, _) updated handler RdWr
2025-05-01 19:19:54,211 - pika.adapters.utils.io_services_utils - DEBUG - Turned on writability watcher: <socket.socket fd=13, family=10, type=1, proto=6, laddr=('::1', 47814, 0, 0), raddr=('::1', 5672, 0, 0)>
2025-05-01 19:19:54,212 - pika.callback - DEBUG - Added: {'callback': <bound method Connection._on_connection_open_ok of <SelectConnection TUNE transport=<pika.adapters.utils.io_services_utils._AsyncPlaintextTransport object at 0x79d83dbc1940> params=<ConnectionParameters host=localhost port=5672 virtual_host=/ ssl=False>>>, 'one_shot': True, 'only': None, 'arguments': None, 'calls': 1}
2025-05-01 19:19:54,212 - pika.adapters.utils.io_services_utils - DEBUG - Recv would block on <socket.socket fd=13, family=10, type=1, proto=6, laddr=('::1', 47814, 0, 0), raddr=('::1', 5672, 0, 0)>
2025-05-01 19:19:54,212 - pika.adapters.utils.selector_ioloop_adapter - DEBUG - SelectorIOServicesAdapter.remove_writer(13)
2025-05-01 19:19:54,213 - pika.adapters.utils.selector_ioloop_adapter - DEBUG - remove_writer(13) updated handler Rd
2025-05-01 19:19:54,213 - pika.adapters.utils.io_services_utils - DEBUG - Turned off writability watcher: <socket.socket fd=13, family=10, type=1, proto=6, laddr=('::1', 47814, 0, 0), raddr=('::1', 5672, 0, 0)>
2025-05-01 19:19:54,214 - pika.callback - DEBUG - Processing 0:Connection.OpenOk
2025-05-01 19:19:54,214 - pika.callback - DEBUG - Processing use of oneshot callback
2025-05-01 19:19:54,214 - pika.callback - DEBUG - 0 registered uses left
2025-05-01 19:19:54,215 - pika.callback - DEBUG - Removing callback #0: {'callback': <bound method Connection._on_connection_open_ok of <SelectConnection TUNE transport=<pika.adapters.utils.io_services_utils._AsyncPlaintextTransport object at 0x79d83dbc1940> params=<ConnectionParameters host=localhost port=5672 virtual_host=/ ssl=False>>>, 'one_shot': True, 'only': None, 'arguments': None, 'calls': 0}
2025-05-01 19:19:54,215 - pika.callback - DEBUG - Calling <bound method Connection._on_connection_open_ok of <SelectConnection TUNE transport=<pika.adapters.utils.io_services_utils._AsyncPlaintextTransport object at 0x79d83dbc1940> params=<ConnectionParameters host=localhost port=5672 virtual_host=/ ssl=False>>> for "0:Connection.OpenOk"
2025-05-01 19:19:54,215 - pika.connection - DEBUG - New Connection state: OPEN (prev=TUNE)
2025-05-01 19:19:54,216 - pika.callback - DEBUG - Processing 0:_on_connection_open_ok
2025-05-01 19:19:54,216 - pika.callback - DEBUG - Calling <bound method AMQPConnector._on_amqp_handshake_done of <pika.adapters.utils.connection_workflow.AMQPConnector object at 0x79d83dbc12b0>> for "0:_on_connection_open_ok"
2025-05-01 19:19:54,217 - pika.adapters.utils.connection_workflow - DEBUG - AMQPConnector: AMQP handshake attempt completed; state=3; error=None; 'localhost'/(<AddressFamily.AF_INET6: 10>, <SocketKind.SOCK_STREAM: 1>, 6, '', ('::1', 5672, 0, 0))
2025-05-01 19:19:54,217 - pika.adapters.utils.connection_workflow - DEBUG - AMQPConnector: AMQP connection established for 'localhost'/(<AddressFamily.AF_INET6: 10>, <SocketKind.SOCK_STREAM: 1>, 6, '', ('::1', 5672, 0, 0)): <SelectConnection OPEN transport=<pika.adapters.utils.io_services_utils._AsyncPlaintextTransport object at 0x79d83dbc1940> params=<ConnectionParameters host=localhost port=5672 virtual_host=/ ssl=False>>
2025-05-01 19:19:54,217 - pika.adapters.utils.connection_workflow - INFO - AMQPConnector - reporting success: <SelectConnection OPEN transport=<pika.adapters.utils.io_services_utils._AsyncPlaintextTransport object at 0x79d83dbc1940> params=<ConnectionParameters host=localhost port=5672 virtual_host=/ ssl=False>>
2025-05-01 19:19:54,217 - pika.adapters.select_connection - DEBUG - remove_timeout: removing timeout <pika.adapters.select_connection._Timeout object at 0x79d83db92890> with deadline=67644.982195123 and callback=<bound method AMQPConnector._on_overall_timeout of <pika.adapters.utils.connection_workflow.AMQPConnector object at 0x79d83dbc12b0>>
2025-05-01 19:19:54,217 - pika.adapters.utils.connection_workflow - DEBUG - Connection attempt completed with <SelectConnection OPEN transport=<pika.adapters.utils.io_services_utils._AsyncPlaintextTransport object at 0x79d83dbc1940> params=<ConnectionParameters host=localhost port=5672 virtual_host=/ ssl=False>>
2025-05-01 19:19:54,217 - pika.adapters.utils.connection_workflow - INFO - AMQPConnectionWorkflow - reporting success: <SelectConnection OPEN transport=<pika.adapters.utils.io_services_utils._AsyncPlaintextTransport object at 0x79d83dbc1940> params=<ConnectionParameters host=localhost port=5672 virtual_host=/ ssl=False>>
2025-05-01 19:19:54,217 - pika.adapters.utils.io_services_utils - DEBUG - Recv would block on <socket.socket fd=13, family=10, type=1, proto=6, laddr=('::1', 47814, 0, 0), raddr=('::1', 5672, 0, 0)>
2025-05-01 19:19:54,217 - pika.adapters.blocking_connection - INFO - Connection workflow succeeded: <SelectConnection OPEN transport=<pika.adapters.utils.io_services_utils._AsyncPlaintextTransport object at 0x79d83dbc1940> params=<ConnectionParameters host=localhost port=5672 virtual_host=/ ssl=False>>
2025-05-01 19:19:54,218 - pika.callback - DEBUG - Added: {'callback': <bound method _CallbackResult.set_value_once of <pika.adapters.blocking_connection._CallbackResult object at 0x79d83e7bc280>>, 'one_shot': False, 'only': None, 'arguments': None}
2025-05-01 19:19:54,218 - pika.connection - DEBUG - Creating channel 1
2025-05-01 19:19:54,218 - pika.callback - DEBUG - Added: {'callback': <bound method Connection._on_channel_cleanup of <SelectConnection OPEN transport=<pika.adapters.utils.io_services_utils._AsyncPlaintextTransport object at 0x79d83dbc1940> params=<ConnectionParameters host=localhost port=5672 virtual_host=/ ssl=False>>>, 'one_shot': True, 'only': <Channel number=1 CLOSED conn=<SelectConnection OPEN transport=<pika.adapters.utils.io_services_utils._AsyncPlaintextTransport object at 0x79d83dbc1940> params=<ConnectionParameters host=localhost port=5672 virtual_host=/ ssl=False>>>, 'arguments': None, 'calls': 1}
2025-05-01 19:19:54,218 - pika.callback - DEBUG - Added: {'callback': <bound method Channel._on_getempty of <Channel number=1 OPENING conn=<SelectConnection OPEN transport=<pika.adapters.utils.io_services_utils._AsyncPlaintextTransport object at 0x79d83dbc1940> params=<ConnectionParameters host=localhost port=5672 virtual_host=/ ssl=False>>>>, 'one_shot': False, 'only': None, 'arguments': None}
2025-05-01 19:19:54,218 - pika.callback - DEBUG - Added: {'callback': <bound method Channel._on_cancel of <Channel number=1 OPENING conn=<SelectConnection OPEN transport=<pika.adapters.utils.io_services_utils._AsyncPlaintextTransport object at 0x79d83dbc1940> params=<ConnectionParameters host=localhost port=5672 virtual_host=/ ssl=False>>>>, 'one_shot': False, 'only': None, 'arguments': None}
2025-05-01 19:19:54,218 - pika.callback - DEBUG - Added: {'callback': <bound method Channel._on_flow of <Channel number=1 OPENING conn=<SelectConnection OPEN transport=<pika.adapters.utils.io_services_utils._AsyncPlaintextTransport object at 0x79d83dbc1940> params=<ConnectionParameters host=localhost port=5672 virtual_host=/ ssl=False>>>>, 'one_shot': False, 'only': None, 'arguments': None}
2025-05-01 19:19:54,218 - pika.callback - DEBUG - Added: {'callback': <bound method Channel._on_close_from_broker of <Channel number=1 OPENING conn=<SelectConnection OPEN transport=<pika.adapters.utils.io_services_utils._AsyncPlaintextTransport object at 0x79d83dbc1940> params=<ConnectionParameters host=localhost port=5672 virtual_host=/ ssl=False>>>>, 'one_shot': True, 'only': None, 'arguments': None, 'calls': 1}
2025-05-01 19:19:54,218 - pika.adapters.utils.selector_ioloop_adapter - DEBUG - SelectorIOServicesAdapter.set_writer(13, <bound method _AsyncPlaintextTransport._on_socket_writable of <pika.adapters.utils.io_services_utils._AsyncPlaintextTransport object at 0x79d83dbc1940>>)
2025-05-01 19:19:54,218 - pika.adapters.utils.selector_ioloop_adapter - DEBUG - set_writer(13, _) updated handler RdWr
2025-05-01 19:19:54,219 - pika.adapters.utils.io_services_utils - DEBUG - Turned on writability watcher: <socket.socket fd=13, family=10, type=1, proto=6, laddr=('::1', 47814, 0, 0), raddr=('::1', 5672, 0, 0)>
2025-05-01 19:19:54,219 - pika.channel - DEBUG - Entering blocking state on frame <Channel.Open(['out_of_band='])>; acceptable_replies=[<class 'pika.spec.Channel.OpenOk'>]
2025-05-01 19:19:54,219 - pika.channel - DEBUG - Adding on_synchronous_complete callback
2025-05-01 19:19:54,219 - pika.callback - DEBUG - Added: {'callback': <bound method Channel._on_synchronous_complete of <Channel number=1 OPENING conn=<SelectConnection OPEN transport=<pika.adapters.utils.io_services_utils._AsyncPlaintextTransport object at 0x79d83dbc1940> params=<ConnectionParameters host=localhost port=5672 virtual_host=/ ssl=False>>>>, 'one_shot': True, 'only': None, 'arguments': None, 'calls': 1}
2025-05-01 19:19:54,219 - pika.channel - DEBUG - Adding passed-in RPC response callback
2025-05-01 19:19:54,219 - pika.callback - DEBUG - Added: {'callback': <bound method Channel._on_openok of <Channel number=1 OPENING conn=<SelectConnection OPEN transport=<pika.adapters.utils.io_services_utils._AsyncPlaintextTransport object at 0x79d83dbc1940> params=<ConnectionParameters host=localhost port=5672 virtual_host=/ ssl=False>>>>, 'one_shot': True, 'only': None, 'arguments': None, 'calls': 1}
2025-05-01 19:19:54,220 - pika.callback - DEBUG - Added: {'callback': <bound method BlockingChannel._on_consumer_cancelled_by_broker of <BlockingChannel impl=<Channel number=1 OPENING conn=<SelectConnection OPEN transport=<pika.adapters.utils.io_services_utils._AsyncPlaintextTransport object at 0x79d83dbc1940> params=<ConnectionParameters host=localhost port=5672 virtual_host=/ ssl=False>>>>>, 'one_shot': False, 'only': None, 'arguments': None}
2025-05-01 19:19:54,220 - pika.callback - DEBUG - Added: {'callback': <bound method _CallbackResult.signal_once of <pika.adapters.blocking_connection._CallbackResult object at 0x79d83dbe0cc0>>, 'one_shot': False, 'only': None, 'arguments': None}
2025-05-01 19:19:54,220 - pika.callback - DEBUG - Added: {'callback': <bound method BlockingChannel._on_channel_closed of <BlockingChannel impl=<Channel number=1 OPENING conn=<SelectConnection OPEN transport=<pika.adapters.utils.io_services_utils._AsyncPlaintextTransport object at 0x79d83dbc1940> params=<ConnectionParameters host=localhost port=5672 virtual_host=/ ssl=False>>>>>, 'one_shot': False, 'only': <Channel number=1 OPENING conn=<SelectConnection OPEN transport=<pika.adapters.utils.io_services_utils._AsyncPlaintextTransport object at 0x79d83dbc1940> params=<ConnectionParameters host=localhost port=5672 virtual_host=/ ssl=False>>>, 'arguments': None}
2025-05-01 19:19:54,220 - pika.callback - DEBUG - Added: {'callback': <bound method _CallbackResult.set_value_once of <pika.adapters.blocking_connection._CallbackResult object at 0x79d83dbe0d00>>, 'one_shot': False, 'only': None, 'arguments': None}
2025-05-01 19:19:54,220 - pika.adapters.blocking_connection - INFO - Created channel=1
2025-05-01 19:19:54,220 - pika.adapters.utils.selector_ioloop_adapter - DEBUG - SelectorIOServicesAdapter.remove_writer(13)
2025-05-01 19:19:54,220 - pika.adapters.utils.selector_ioloop_adapter - DEBUG - remove_writer(13) updated handler Rd
2025-05-01 19:19:54,220 - pika.adapters.utils.io_services_utils - DEBUG - Turned off writability watcher: <socket.socket fd=13, family=10, type=1, proto=6, laddr=('::1', 47814, 0, 0), raddr=('::1', 5672, 0, 0)>
2025-05-01 19:19:54,222 - pika.callback - DEBUG - Processing 1:Channel.OpenOk
2025-05-01 19:19:54,223 - pika.callback - DEBUG - Processing use of oneshot callback
2025-05-01 19:19:54,224 - pika.callback - DEBUG - 0 registered uses left
2025-05-01 19:19:54,224 - pika.callback - DEBUG - Removing callback #0: {'callback': <bound method Channel._on_synchronous_complete of <Channel number=1 OPENING conn=<SelectConnection OPEN transport=<pika.adapters.utils.io_services_utils._AsyncPlaintextTransport object at 0x79d83dbc1940> params=<ConnectionParameters host=localhost port=5672 virtual_host=/ ssl=False>>>>, 'one_shot': True, 'only': None, 'arguments': None, 'calls': 0}
2025-05-01 19:19:54,225 - pika.callback - DEBUG - Processing use of oneshot callback
2025-05-01 19:19:54,225 - pika.callback - DEBUG - 0 registered uses left
2025-05-01 19:19:54,225 - pika.callback - DEBUG - Removing callback #0: {'callback': <bound method Channel._on_openok of <Channel number=1 OPENING conn=<SelectConnection OPEN transport=<pika.adapters.utils.io_services_utils._AsyncPlaintextTransport object at 0x79d83dbc1940> params=<ConnectionParameters host=localhost port=5672 virtual_host=/ ssl=False>>>>, 'one_shot': True, 'only': None, 'arguments': None, 'calls': 0}
2025-05-01 19:19:54,225 - pika.callback - DEBUG - Calling <bound method Channel._on_synchronous_complete of <Channel number=1 OPENING conn=<SelectConnection OPEN transport=<pika.adapters.utils.io_services_utils._AsyncPlaintextTransport object at 0x79d83dbc1940> params=<ConnectionParameters host=localhost port=5672 virtual_host=/ ssl=False>>>> for "1:Channel.OpenOk"
2025-05-01 19:19:54,226 - pika.channel - DEBUG - 0 blocked frames
2025-05-01 19:19:54,226 - pika.callback - DEBUG - Calling <bound method Channel._on_openok of <Channel number=1 OPENING conn=<SelectConnection OPEN transport=<pika.adapters.utils.io_services_utils._AsyncPlaintextTransport object at 0x79d83dbc1940> params=<ConnectionParameters host=localhost port=5672 virtual_host=/ ssl=False>>>> for "1:Channel.OpenOk"
2025-05-01 19:19:54,226 - pika.adapters.utils.io_services_utils - DEBUG - Recv would block on <socket.socket fd=13, family=10, type=1, proto=6, laddr=('::1', 47814, 0, 0), raddr=('::1', 5672, 0, 0)>
2025-05-01 19:19:54,226 - pika.adapters.utils.selector_ioloop_adapter - DEBUG - SelectorIOServicesAdapter.set_writer(13, <bound method _AsyncPlaintextTransport._on_socket_writable of <pika.adapters.utils.io_services_utils._AsyncPlaintextTransport object at 0x79d83dbc1940>>)
2025-05-01 19:19:54,226 - pika.adapters.utils.selector_ioloop_adapter - DEBUG - set_writer(13, _) updated handler RdWr
2025-05-01 19:19:54,227 - pika.adapters.utils.io_services_utils - DEBUG - Turned on writability watcher: <socket.socket fd=13, family=10, type=1, proto=6, laddr=('::1', 47814, 0, 0), raddr=('::1', 5672, 0, 0)>
2025-05-01 19:19:54,227 - pika.channel - DEBUG - Entering blocking state on frame <Queue.Declare(['arguments={}', 'auto_delete=False', 'durable=False', 'exclusive=False', 'nowait=False', 'passive=False', 'queue=sums', 'ticket=0'])>; acceptable_replies=[(<class 'pika.spec.Queue.DeclareOk'>, {'queue': 'sums'})]
2025-05-01 19:19:54,227 - pika.channel - DEBUG - Adding on_synchronous_complete callback
2025-05-01 19:19:54,227 - pika.callback - DEBUG - Added: {'callback': <bound method Channel._on_synchronous_complete of <Channel number=1 OPEN conn=<SelectConnection OPEN transport=<pika.adapters.utils.io_services_utils._AsyncPlaintextTransport object at 0x79d83dbc1940> params=<ConnectionParameters host=localhost port=5672 virtual_host=/ ssl=False>>>>, 'one_shot': True, 'only': None, 'arguments': {'queue': 'sums'}, 'calls': 1}
2025-05-01 19:19:54,228 - pika.channel - DEBUG - Adding passed-in RPC response callback
2025-05-01 19:19:54,228 - pika.callback - DEBUG - Added: {'callback': <bound method _CallbackResult.set_value_once of <pika.adapters.blocking_connection._CallbackResult object at 0x79d83dbe0500>>, 'one_shot': True, 'only': None, 'arguments': {'queue': 'sums'}, 'calls': 1}
2025-05-01 19:19:54,228 - pika.adapters.utils.selector_ioloop_adapter - DEBUG - SelectorIOServicesAdapter.remove_writer(13)
2025-05-01 19:19:54,228 - pika.adapters.utils.selector_ioloop_adapter - DEBUG - remove_writer(13) updated handler Rd
2025-05-01 19:19:54,228 - pika.adapters.utils.io_services_utils - DEBUG - Turned off writability watcher: <socket.socket fd=13, family=10, type=1, proto=6, laddr=('::1', 47814, 0, 0), raddr=('::1', 5672, 0, 0)>
2025-05-01 19:19:54,229 - pika.callback - DEBUG - Processing 1:Queue.DeclareOk
2025-05-01 19:19:54,230 - pika.callback - DEBUG - Processing use of oneshot callback
2025-05-01 19:19:54,230 - pika.callback - DEBUG - 0 registered uses left
2025-05-01 19:19:54,230 - pika.callback - DEBUG - Comparing {'queue': 'sums'} to {'queue': 'sums'}
2025-05-01 19:19:54,230 - pika.callback - DEBUG - Removing callback #0: {'callback': <bound method Channel._on_synchronous_complete of <Channel number=1 OPEN conn=<SelectConnection OPEN transport=<pika.adapters.utils.io_services_utils._AsyncPlaintextTransport object at 0x79d83dbc1940> params=<ConnectionParameters host=localhost port=5672 virtual_host=/ ssl=False>>>>, 'one_shot': True, 'only': None, 'arguments': {'queue': 'sums'}, 'calls': 0}
2025-05-01 19:19:54,230 - pika.callback - DEBUG - Processing use of oneshot callback
2025-05-01 19:19:54,230 - pika.callback - DEBUG - 0 registered uses left
2025-05-01 19:19:54,230 - pika.callback - DEBUG - Comparing {'queue': 'sums'} to {'queue': 'sums'}
2025-05-01 19:19:54,230 - pika.callback - DEBUG - Removing callback #0: {'callback': <bound method _CallbackResult.set_value_once of <pika.adapters.blocking_connection._CallbackResult object at 0x79d83dbe0500>>, 'one_shot': True, 'only': None, 'arguments': {'queue': 'sums'}, 'calls': 0}
2025-05-01 19:19:54,231 - pika.callback - DEBUG - Calling <bound method Channel._on_synchronous_complete of <Channel number=1 OPEN conn=<SelectConnection OPEN transport=<pika.adapters.utils.io_services_utils._AsyncPlaintextTransport object at 0x79d83dbc1940> params=<ConnectionParameters host=localhost port=5672 virtual_host=/ ssl=False>>>> for "1:Queue.DeclareOk"
2025-05-01 19:19:54,231 - pika.channel - DEBUG - 0 blocked frames
2025-05-01 19:19:54,231 - pika.callback - DEBUG - Calling <bound method _CallbackResult.set_value_once of <pika.adapters.blocking_connection._CallbackResult object at 0x79d83dbe0500>> for "1:Queue.DeclareOk"
2025-05-01 19:19:54,231 - pika.adapters.utils.io_services_utils - DEBUG - Recv would block on <socket.socket fd=13, family=10, type=1, proto=6, laddr=('::1', 47814, 0, 0), raddr=('::1', 5672, 0, 0)>
2025-05-01 19:19:54,231 - root - INFO - Starting outbox processor
2025-05-01 19:19:54,231 - root - INFO - Fetching pending messages from outbox
2025-05-01 19:19:54,232 - internal.adapters.database_initalizer - DEBUG - Requesting cursor via context manager
2025-05-01 19:19:54,232 - internal.adapters.database_initalizer - INFO - Successfully retrieved connection from pool
2025-05-01 19:19:54,236 - internal.adapters.database_initalizer - DEBUG - Returning connection to pool
2025-05-01 19:19:54,236 - internal.adapters.database_initalizer - INFO - Connection returned to pool
2025-05-01 19:19:54,237 - pika.adapters.utils.selector_ioloop_adapter - DEBUG - SelectorIOServicesAdapter.set_writer(13, <bound method _AsyncPlaintextTransport._on_socket_writable of <pika.adapters.utils.io_services_utils._AsyncPlaintextTransport object at 0x79d83dbc1940>>)
2025-05-01 19:19:54,237 - pika.adapters.utils.selector_ioloop_adapter - DEBUG - set_writer(13, _) updated handler RdWr
2025-05-01 19:19:54,237 - pika.adapters.utils.io_services_utils - DEBUG - Turned on writability watcher: <socket.socket fd=13, family=10, type=1, proto=6, laddr=('::1', 47814, 0, 0), raddr=('::1', 5672, 0, 0)>
2025-05-01 19:19:54,238 - pika.adapters.utils.selector_ioloop_adapter - DEBUG - SelectorIOServicesAdapter.remove_writer(13)
2025-05-01 19:19:54,238 - pika.adapters.utils.selector_ioloop_adapter - DEBUG - remove_writer(13) updated handler Rd
2025-05-01 19:19:54,239 - pika.adapters.utils.io_services_utils - DEBUG - Turned off writability watcher: <socket.socket fd=13, family=10, type=1, proto=6, laddr=('::1', 47814, 0, 0), raddr=('::1', 5672, 0, 0)>
2025-05-01 19:19:54,239 - internal.adapters.database_initalizer - DEBUG - Requesting cursor via context manager
2025-05-01 19:19:54,240 - internal.adapters.database_initalizer - INFO - Successfully retrieved connection from pool
2025-05-01 19:19:54,242 - root - INFO - Row 4a306872-8ba0-42fe-9d3c-34814df9cf0a has been marked as processed
2025-05-01 19:19:54,245 - internal.adapters.database_initalizer - DEBUG - Returning connection to pool
2025-05-01 19:19:54,246 - internal.adapters.database_initalizer - INFO - Connection returned to pool
2025-05-01 19:19:59,247 - root - INFO - Fetching pending messages from outbox
2025-05-01 19:19:59,247 - internal.adapters.database_initalizer - DEBUG - Requesting cursor via context manager
2025-05-01 19:19:59,248 - internal.adapters.database_initalizer - INFO - Successfully retrieved connection from pool
2025-05-01 19:19:59,253 - internal.adapters.database_initalizer - DEBUG - Returning connection to pool
2025-05-01 19:19:59,253 - internal.adapters.database_initalizer - INFO - Connection returned to pool
2025-05-01 19:19:59,254 - root - INFO - There are no outbox messages to be processed
2025-05-01 19:20:04,254 - root - INFO - Fetching pending messages from outbox
2025-05-01 19:20:04,254 - internal.adapters.database_initalizer - DEBUG - Requesting cursor via context manager
2025-05-01 19:20:04,254 - internal.adapters.database_initalizer - INFO - Successfully retrieved connection from pool
2025-05-01 19:20:04,256 - internal.adapters.database_initalizer - DEBUG - Returning connection to pool
2025-05-01 19:20:04,256 - internal.adapters.database_initalizer - INFO - Connection returned to pool
2025-05-01 19:20:04,256 - root - INFO - There are no outbox messages to be processed
2025-05-01 19:20:09,256 - root - INFO - Fetching pending messages from outbox
2025-05-01 19:20:09,257 - internal.adapters.database_initalizer - DEBUG - Requesting cursor via context manager
2025-05-01 19:20:09,257 - internal.adapters.database_initalizer - INFO - Successfully retrieved connection from pool
2025-05-01 19:20:09,261 - internal.adapters.database_initalizer - DEBUG - Returning connection to pool
2025-05-01 19:20:09,261 - internal.adapters.database_initalizer - INFO - Connection returned to pool
2025-05-01 19:20:09,261 - root - INFO - There are no outbox messages to be processed
2025-05-01 19:20:14,262 - root - INFO - Fetching pending messages from outbox
2025-05-01 19:20:14,262 - internal.adapters.database_initalizer - DEBUG - Requesting cursor via context manager
2025-05-01 19:20:14,262 - internal.adapters.database_initalizer - INFO - Successfully retrieved connection from pool
2025-05-01 19:20:14,264 - internal.adapters.database_initalizer - DEBUG - Returning connection to pool
2025-05-01 19:20:14,264 - internal.adapters.database_initalizer - INFO - Connection returned to pool
2025-05-01 19:20:14,264 - root - INFO - There are no outbox messages to be processed
2025-05-01 19:20:19,265 - root - INFO - Fetching pending messages from outbox
2025-05-01 19:20:19,265 - internal.adapters.database_initalizer - DEBUG - Requesting cursor via context manager
2025-05-01 19:20:19,265 - internal.adapters.database_initalizer - INFO - Successfully retrieved connection from pool
2025-05-01 19:20:19,266 - internal.adapters.database_initalizer - DEBUG - Returning connection to pool
2025-05-01 19:20:19,266 - internal.adapters.database_initalizer - INFO - Connection returned to pool
2025-05-01 19:20:19,266 - root - INFO - There are no outbox messages to be processed
2025-05-01 19:20:20,976 - internal.adapters.database_initalizer - DEBUG - Requesting cursor via context manager
2025-05-01 19:20:20,976 - internal.adapters.database_initalizer - INFO - Successfully retrieved connection from pool
2025-05-01 19:20:20,978 - root - INFO - Row with ID 89a1ea08-c9f7-46e9-85e7-edbdcebaf210 inserted into outbox table
2025-05-01 19:20:20,979 - internal.adapters.database_initalizer - DEBUG - Returning connection to pool
2025-05-01 19:20:20,980 - internal.adapters.database_initalizer - INFO - Connection returned to pool
2025-05-01 19:20:24,267 - root - INFO - Fetching pending messages from outbox
2025-05-01 19:20:24,267 - internal.adapters.database_initalizer - DEBUG - Requesting cursor via context manager
2025-05-01 19:20:24,267 - internal.adapters.database_initalizer - INFO - Successfully retrieved connection from pool
2025-05-01 19:20:24,269 - internal.adapters.database_initalizer - DEBUG - Returning connection to pool
2025-05-01 19:20:24,269 - internal.adapters.database_initalizer - INFO - Connection returned to pool
2025-05-01 19:20:24,269 - pika.adapters.utils.selector_ioloop_adapter - DEBUG - SelectorIOServicesAdapter.set_writer(13, <bound method _AsyncPlaintextTransport._on_socket_writable of <pika.adapters.utils.io_services_utils._AsyncPlaintextTransport object at 0x79d83dbc1940>>)
2025-05-01 19:20:24,269 - pika.adapters.utils.selector_ioloop_adapter - DEBUG - set_writer(13, _) updated handler RdWr
2025-05-01 19:20:24,269 - pika.adapters.utils.io_services_utils - DEBUG - Turned on writability watcher: <socket.socket fd=13, family=10, type=1, proto=6, laddr=('::1', 47814, 0, 0), raddr=('::1', 5672, 0, 0)>
2025-05-01 19:20:24,270 - pika.adapters.utils.selector_ioloop_adapter - DEBUG - SelectorIOServicesAdapter.remove_writer(13)
2025-05-01 19:20:24,270 - pika.adapters.utils.selector_ioloop_adapter - DEBUG - remove_writer(13) updated handler Rd
2025-05-01 19:20:24,270 - pika.adapters.utils.io_services_utils - DEBUG - Turned off writability watcher: <socket.socket fd=13, family=10, type=1, proto=6, laddr=('::1', 47814, 0, 0), raddr=('::1', 5672, 0, 0)>
2025-05-01 19:20:24,270 - pika.heartbeat - DEBUG - Received heartbeat frame
2025-05-01 19:20:24,270 - pika.adapters.utils.io_services_utils - DEBUG - Recv would block on <socket.socket fd=13, family=10, type=1, proto=6, laddr=('::1', 47814, 0, 0), raddr=('::1', 5672, 0, 0)>
2025-05-01 19:20:24,270 - pika.heartbeat - DEBUG - Sending heartbeat frame
2025-05-01 19:20:24,271 - pika.heartbeat - DEBUG - Sending heartbeat frame
2025-05-01 19:20:24,271 - pika.adapters.utils.selector_ioloop_adapter - DEBUG - SelectorIOServicesAdapter.set_writer(13, <bound method _AsyncPlaintextTransport._on_socket_writable of <pika.adapters.utils.io_services_utils._AsyncPlaintextTransport object at 0x79d83dbc1940>>)
2025-05-01 19:20:24,271 - pika.adapters.utils.selector_ioloop_adapter - DEBUG - set_writer(13, _) updated handler RdWr
2025-05-01 19:20:24,271 - pika.adapters.utils.io_services_utils - DEBUG - Turned on writability watcher: <socket.socket fd=13, family=10, type=1, proto=6, laddr=('::1', 47814, 0, 0), raddr=('::1', 5672, 0, 0)>
2025-05-01 19:20:24,271 - pika.adapters.select_connection - DEBUG - call_later: added timeout <pika.adapters.select_connection._Timeout object at 0x79d83e7c0550> with deadline=67690.062179008 and callback=<bound method HeartbeatChecker._send_heartbeat of <pika.heartbeat.HeartbeatChecker object at 0x79d83dbc1a90>>; now=67660.062179008; delay=30.0
2025-05-01 19:20:24,271 - pika.adapters.utils.selector_ioloop_adapter - DEBUG - SelectorIOServicesAdapter.remove_writer(13)
2025-05-01 19:20:24,271 - pika.adapters.utils.selector_ioloop_adapter - DEBUG - remove_writer(13) updated handler Rd
2025-05-01 19:20:24,271 - pika.adapters.utils.io_services_utils - DEBUG - Turned off writability watcher: <socket.socket fd=13, family=10, type=1, proto=6, laddr=('::1', 47814, 0, 0), raddr=('::1', 5672, 0, 0)>
2025-05-01 19:20:24,272 - internal.adapters.database_initalizer - DEBUG - Requesting cursor via context manager
2025-05-01 19:20:24,272 - internal.adapters.database_initalizer - INFO - Successfully retrieved connection from pool
2025-05-01 19:20:24,273 - root - INFO - Row 89a1ea08-c9f7-46e9-85e7-edbdcebaf210 has been marked as processed
2025-05-01 19:20:24,275 - internal.adapters.database_initalizer - DEBUG - Returning connection to pool
2025-05-01 19:20:24,276 - internal.adapters.database_initalizer - INFO - Connection returned to pool
2025-05-01 19:20:29,276 - root - INFO - Fetching pending messages from outbox
2025-05-01 19:20:29,277 - internal.adapters.database_initalizer - DEBUG - Requesting cursor via context manager
2025-05-01 19:20:29,277 - internal.adapters.database_initalizer - INFO - Successfully retrieved connection from pool
2025-05-01 19:20:29,280 - internal.adapters.database_initalizer - DEBUG - Returning connection to pool
2025-05-01 19:20:29,281 - internal.adapters.database_initalizer - INFO - Connection returned to pool
2025-05-01 19:20:29,281 - root - INFO - There are no outbox messages to be processed
2025-05-01 19:20:34,281 - root - INFO - Fetching pending messages from outbox
2025-05-01 19:20:34,281 - internal.adapters.database_initalizer - DEBUG - Requesting cursor via context manager
2025-05-01 19:20:34,282 - internal.adapters.database_initalizer - INFO - Successfully retrieved connection from pool
2025-05-01 19:20:34,286 - internal.adapters.database_initalizer - DEBUG - Returning connection to pool
2025-05-01 19:20:34,287 - internal.adapters.database_initalizer - INFO - Connection returned to pool
2025-05-01 19:20:34,287 - root - INFO - There are no outbox messages to be processed
2025-05-01 19:20:39,287 - root - INFO - Fetching pending messages from outbox
2025-05-01 19:20:39,288 - internal.adapters.database_initalizer - DEBUG - Requesting cursor via context manager
2025-05-01 19:20:39,288 - internal.adapters.database_initalizer - INFO - Successfully retrieved connection from pool
2025-05-01 19:20:39,292 - internal.adapters.database_initalizer - DEBUG - Returning connection to pool
2025-05-01 19:20:39,292 - internal.adapters.database_initalizer - INFO - Connection returned to pool
2025-05-01 19:20:39,292 - root - INFO - There are no outbox messages to be processed
2025-05-01 19:20:44,292 - root - INFO - Fetching pending messages from outbox
2025-05-01 19:20:44,293 - internal.adapters.database_initalizer - DEBUG - Requesting cursor via context manager
2025-05-01 19:20:44,293 - internal.adapters.database_initalizer - INFO - Successfully retrieved connection from pool
2025-05-01 19:20:44,297 - internal.adapters.database_initalizer - DEBUG - Returning connection to pool
2025-05-01 19:20:44,297 - internal.adapters.database_initalizer - INFO - Connection returned to pool
2025-05-01 19:20:44,298 - root - INFO - There are no outbox messages to be processed
2025-05-01 19:20:49,299 - root - INFO - Fetching pending messages from outbox
2025-05-01 19:20:49,299 - internal.adapters.database_initalizer - DEBUG - Requesting cursor via context manager
2025-05-01 19:20:49,303 - internal.adapters.database_initalizer - INFO - Successfully retrieved connection from pool
2025-05-01 19:20:49,305 - internal.adapters.database_initalizer - DEBUG - Returning connection to pool
2025-05-01 19:20:49,305 - internal.adapters.database_initalizer - INFO - Connection returned to pool
2025-05-01 19:20:49,305 - root - INFO - There are no outbox messages to be processed
2025-05-01 19:20:54,306 - root - INFO - Fetching pending messages from outbox
2025-05-01 19:20:54,306 - internal.adapters.database_initalizer - DEBUG - Requesting cursor via context manager
2025-05-01 19:20:54,306 - internal.adapters.database_initalizer - INFO - Successfully retrieved connection from pool
2025-05-01 19:20:54,307 - internal.adapters.database_initalizer - DEBUG - Returning connection to pool
2025-05-01 19:20:54,308 - internal.adapters.database_initalizer - INFO - Connection returned to pool
2025-05-01 19:20:54,308 - root - INFO - There are no outbox messages to be processed
2025-05-01 19:20:59,308 - root - INFO - Fetching pending messages from outbox
2025-05-01 19:20:59,308 - internal.adapters.database_initalizer - DEBUG - Requesting cursor via context manager
2025-05-01 19:20:59,309 - internal.adapters.database_initalizer - INFO - Successfully retrieved connection from pool
2025-05-01 19:20:59,314 - internal.adapters.database_initalizer - DEBUG - Returning connection to pool
2025-05-01 19:20:59,314 - internal.adapters.database_initalizer - INFO - Connection returned to pool
2025-05-01 19:20:59,314 - root - INFO - There are no outbox messages to be processed
2025-05-01 19:21:04,315 - root - INFO - Fetching pending messages from outbox
2025-05-01 19:21:04,315 - internal.adapters.database_initalizer - DEBUG - Requesting cursor via context manager
2025-05-01 19:21:04,315 - internal.adapters.database_initalizer - INFO - Successfully retrieved connection from pool
2025-05-01 19:21:04,317 - internal.adapters.database_initalizer - DEBUG - Returning connection to pool
2025-05-01 19:21:04,317 - internal.adapters.database_initalizer - INFO - Connection returned to pool
2025-05-01 19:21:04,318 - root - INFO - There are no outbox messages to be processed
2025-05-01 19:21:09,318 - root - INFO - Fetching pending messages from outbox
2025-05-01 19:21:09,319 - internal.adapters.database_initalizer - DEBUG - Requesting cursor via context manager
2025-05-01 19:21:09,319 - internal.adapters.database_initalizer - INFO - Successfully retrieved connection from pool
2025-05-01 19:21:09,324 - internal.adapters.database_initalizer - DEBUG - Returning connection to pool
2025-05-01 19:21:09,324 - internal.adapters.database_initalizer - INFO - Connection returned to pool
2025-05-01 19:21:09,325 - root - INFO - There are no outbox messages to be processed
2025-05-01 19:21:14,325 - root - INFO - Fetching pending messages from outbox
2025-05-01 19:21:14,325 - internal.adapters.database_initalizer - DEBUG - Requesting cursor via context manager
2025-05-01 19:21:14,325 - internal.adapters.database_initalizer - INFO - Successfully retrieved connection from pool
2025-05-01 19:21:14,328 - internal.adapters.database_initalizer - DEBUG - Returning connection to pool
2025-05-01 19:21:14,328 - internal.adapters.database_initalizer - INFO - Connection returned to pool
2025-05-01 19:21:14,328 - root - INFO - There are no outbox messages to be processed
2025-05-01 19:21:19,329 - root - INFO - Fetching pending messages from outbox
2025-05-01 19:21:19,329 - internal.adapters.database_initalizer - DEBUG - Requesting cursor via context manager
2025-05-01 19:21:19,330 - internal.adapters.database_initalizer - INFO - Successfully retrieved connection from pool
2025-05-01 19:21:19,336 - internal.adapters.database_initalizer - DEBUG - Returning connection to pool
2025-05-01 19:21:19,336 - internal.adapters.database_initalizer - INFO - Connection returned to pool
2025-05-01 19:21:19,337 - root - INFO - There are no outbox messages to be processed
2025-05-01 19:21:24,337 - root - INFO - Fetching pending messages from outbox
2025-05-01 19:21:24,337 - internal.adapters.database_initalizer - DEBUG - Requesting cursor via context manager
2025-05-01 19:21:24,337 - internal.adapters.database_initalizer - INFO - Successfully retrieved connection from pool
2025-05-01 19:21:24,339 - internal.adapters.database_initalizer - DEBUG - Returning connection to pool
2025-05-01 19:21:24,339 - internal.adapters.database_initalizer - INFO - Connection returned to pool
2025-05-01 19:21:24,339 - root - INFO - There are no outbox messages to be processed
2025-05-01 19:21:29,340 - root - INFO - Fetching pending messages from outbox
2025-05-01 19:21:29,340 - internal.adapters.database_initalizer - DEBUG - Requesting cursor via context manager
2025-05-01 19:21:29,341 - internal.adapters.database_initalizer - INFO - Successfully retrieved connection from pool
2025-05-01 19:21:29,347 - internal.adapters.database_initalizer - DEBUG - Returning connection to pool
2025-05-01 19:21:29,347 - internal.adapters.database_initalizer - INFO - Connection returned to pool
2025-05-01 19:21:29,348 - root - INFO - There are no outbox messages to be processed
2025-05-01 19:21:34,348 - root - INFO - Fetching pending messages from outbox
2025-05-01 19:21:34,348 - internal.adapters.database_initalizer - DEBUG - Requesting cursor via context manager
2025-05-01 19:21:34,349 - internal.adapters.database_initalizer - INFO - Successfully retrieved connection from pool
2025-05-01 19:21:34,354 - internal.adapters.database_initalizer - DEBUG - Returning connection to pool
2025-05-01 19:21:34,356 - internal.adapters.database_initalizer - INFO - Connection returned to pool
2025-05-01 19:21:34,356 - root - INFO - There are no outbox messages to be processed
2025-05-01 19:21:39,357 - root - INFO - Fetching pending messages from outbox
2025-05-01 19:21:39,357 - internal.adapters.database_initalizer - DEBUG - Requesting cursor via context manager
2025-05-01 19:21:39,357 - internal.adapters.database_initalizer - INFO - Successfully retrieved connection from pool
2025-05-01 19:21:39,359 - internal.adapters.database_initalizer - DEBUG - Returning connection to pool
2025-05-01 19:21:39,359 - internal.adapters.database_initalizer - INFO - Connection returned to pool
2025-05-01 19:21:39,359 - root - INFO - There are no outbox messages to be processed
2025-05-01 19:21:44,359 - root - INFO - Fetching pending messages from outbox
2025-05-01 19:21:44,359 - internal.adapters.database_initalizer - DEBUG - Requesting cursor via context manager
2025-05-01 19:21:44,360 - internal.adapters.database_initalizer - INFO - Successfully retrieved connection from pool
2025-05-01 19:21:44,361 - internal.adapters.database_initalizer - DEBUG - Returning connection to pool
2025-05-01 19:21:44,361 - internal.adapters.database_initalizer - INFO - Connection returned to pool
2025-05-01 19:21:44,361 - root - INFO - There are no outbox messages to be processed
2025-05-01 19:21:49,362 - root - INFO - Fetching pending messages from outbox
2025-05-01 19:21:49,362 - internal.adapters.database_initalizer - DEBUG - Requesting cursor via context manager
2025-05-01 19:21:49,362 - internal.adapters.database_initalizer - INFO - Successfully retrieved connection from pool
2025-05-01 19:21:49,364 - internal.adapters.database_initalizer - DEBUG - Returning connection to pool
2025-05-01 19:21:49,365 - internal.adapters.database_initalizer - INFO - Connection returned to pool
2025-05-01 19:21:49,365 - root - INFO - There are no outbox messages to be processed
2025-05-01 19:21:54,366 - root - INFO - Fetching pending messages from outbox
2025-05-01 19:21:54,366 - internal.adapters.database_initalizer - DEBUG - Requesting cursor via context manager
2025-05-01 19:21:54,366 - internal.adapters.database_initalizer - INFO - Successfully retrieved connection from pool
2025-05-01 19:21:54,372 - internal.adapters.database_initalizer - DEBUG - Returning connection to pool
2025-05-01 19:21:54,372 - internal.adapters.database_initalizer - INFO - Connection returned to pool
2025-05-01 19:21:54,373 - root - INFO - There are no outbox messages to be processed
2025-05-01 19:21:59,373 - root - INFO - Fetching pending messages from outbox
2025-05-01 19:21:59,373 - internal.adapters.database_initalizer - DEBUG - Requesting cursor via context manager
2025-05-01 19:21:59,373 - internal.adapters.database_initalizer - INFO - Successfully retrieved connection from pool
2025-05-01 19:21:59,376 - internal.adapters.database_initalizer - DEBUG - Returning connection to pool
2025-05-01 19:21:59,376 - internal.adapters.database_initalizer - INFO - Connection returned to pool
2025-05-01 19:21:59,376 - root - INFO - There are no outbox messages to be processed
2025-05-01 19:22:04,376 - root - INFO - Fetching pending messages from outbox
2025-05-01 19:22:04,377 - internal.adapters.database_initalizer - DEBUG - Requesting cursor via context manager
2025-05-01 19:22:04,377 - internal.adapters.database_initalizer - INFO - Successfully retrieved connection from pool
2025-05-01 19:22:04,378 - internal.adapters.database_initalizer - DEBUG - Returning connection to pool
2025-05-01 19:22:04,379 - internal.adapters.database_initalizer - INFO - Connection returned to pool
2025-05-01 19:22:04,379 - root - INFO - There are no outbox messages to be processed
2025-05-01 19:22:09,379 - root - INFO - Fetching pending messages from outbox
2025-05-01 19:22:09,380 - internal.adapters.database_initalizer - DEBUG - Requesting cursor via context manager
2025-05-01 19:22:09,380 - internal.adapters.database_initalizer - INFO - Successfully retrieved connection from pool
2025-05-01 19:22:09,384 - internal.adapters.database_initalizer - DEBUG - Returning connection to pool
2025-05-01 19:22:09,384 - internal.adapters.database_initalizer - INFO - Connection returned to pool
2025-05-01 19:22:09,385 - root - INFO - There are no outbox messages to be processed
2025-05-01 19:22:14,385 - root - INFO - Fetching pending messages from outbox
2025-05-01 19:22:14,385 - internal.adapters.database_initalizer - DEBUG - Requesting cursor via context manager
2025-05-01 19:22:14,386 - internal.adapters.database_initalizer - INFO - Successfully retrieved connection from pool
2025-05-01 19:22:14,390 - internal.adapters.database_initalizer - DEBUG - Returning connection to pool
2025-05-01 19:22:14,391 - internal.adapters.database_initalizer - INFO - Connection returned to pool
2025-05-01 19:22:14,391 - root - INFO - There are no outbox messages to be processed
2025-05-01 19:22:19,391 - root - INFO - Fetching pending messages from outbox
2025-05-01 19:22:19,392 - internal.adapters.database_initalizer - DEBUG - Requesting cursor via context manager
2025-05-01 19:22:19,392 - internal.adapters.database_initalizer - INFO - Successfully retrieved connection from pool
2025-05-01 19:22:19,396 - internal.adapters.database_initalizer - DEBUG - Returning connection to pool
2025-05-01 19:22:19,397 - internal.adapters.database_initalizer - INFO - Connection returned to pool
2025-05-01 19:22:19,397 - root - INFO - There are no outbox messages to be processed
2025-05-01 19:22:24,398 - root - INFO - Fetching pending messages from outbox
2025-05-01 19:22:24,398 - internal.adapters.database_initalizer - DEBUG - Requesting cursor via context manager
2025-05-01 19:22:24,398 - internal.adapters.database_initalizer - INFO - Successfully retrieved connection from pool
2025-05-01 19:22:24,399 - internal.adapters.database_initalizer - DEBUG - Returning connection to pool
2025-05-01 19:22:24,400 - internal.adapters.database_initalizer - INFO - Connection returned to pool
2025-05-01 19:22:24,400 - root - INFO - There are no outbox messages to be processed
2025-05-01 19:22:29,400 - root - INFO - Fetching pending messages from outbox
2025-05-01 19:22:29,400 - internal.adapters.database_initalizer - DEBUG - Requesting cursor via context manager
2025-05-01 19:22:29,400 - internal.adapters.database_initalizer - INFO - Successfully retrieved connection from pool
2025-05-01 19:22:29,402 - internal.adapters.database_initalizer - DEBUG - Returning connection to pool
2025-05-01 19:22:29,402 - internal.adapters.database_initalizer - INFO - Connection returned to pool
2025-05-01 19:22:29,402 - root - INFO - There are no outbox messages to be processed
2025-05-01 19:22:34,402 - root - INFO - Fetching pending messages from outbox
2025-05-01 19:22:34,403 - internal.adapters.database_initalizer - DEBUG - Requesting cursor via context manager
2025-05-01 19:22:34,403 - internal.adapters.database_initalizer - INFO - Successfully retrieved connection from pool
2025-05-01 19:22:34,404 - internal.adapters.database_initalizer - DEBUG - Returning connection to pool
2025-05-01 19:22:34,404 - internal.adapters.database_initalizer - INFO - Connection returned to pool
2025-05-01 19:22:34,404 - root - INFO - There are no outbox messages to be processed
2025-05-01 19:22:39,405 - root - INFO - Fetching pending messages from outbox
2025-05-01 19:22:39,405 - internal.adapters.database_initalizer - DEBUG - Requesting cursor via context manager
2025-05-01 19:22:39,405 - internal.adapters.database_initalizer - INFO - Successfully retrieved connection from pool
2025-05-01 19:22:39,410 - internal.adapters.database_initalizer - DEBUG - Returning connection to pool
2025-05-01 19:22:39,410 - internal.adapters.database_initalizer - INFO - Connection returned to pool
2025-05-01 19:22:39,410 - root - INFO - There are no outbox messages to be processed
2025-05-01 19:22:44,410 - root - INFO - Fetching pending messages from outbox
2025-05-01 19:22:44,411 - internal.adapters.database_initalizer - DEBUG - Requesting cursor via context manager
2025-05-01 19:22:44,411 - internal.adapters.database_initalizer - INFO - Successfully retrieved connection from pool
2025-05-01 19:22:44,413 - internal.adapters.database_initalizer - DEBUG - Returning connection to pool
2025-05-01 19:22:44,413 - internal.adapters.database_initalizer - INFO - Connection returned to pool
2025-05-01 19:22:44,413 - root - INFO - There are no outbox messages to be processed
2025-05-01 19:22:49,413 - root - INFO - Fetching pending messages from outbox
2025-05-01 19:22:49,414 - internal.adapters.database_initalizer - DEBUG - Requesting cursor via context manager
2025-05-01 19:22:49,414 - internal.adapters.database_initalizer - INFO - Successfully retrieved connection from pool
2025-05-01 19:22:49,415 - internal.adapters.database_initalizer - DEBUG - Returning connection to pool
2025-05-01 19:22:49,415 - internal.adapters.database_initalizer - INFO - Connection returned to pool
2025-05-01 19:22:49,416 - root - INFO - There are no outbox messages to be processed
2025-05-01 19:22:54,416 - root - INFO - Fetching pending messages from outbox
2025-05-01 19:22:54,416 - internal.adapters.database_initalizer - DEBUG - Requesting cursor via context manager
2025-05-01 19:22:54,416 - internal.adapters.database_initalizer - INFO - Successfully retrieved connection from pool
2025-05-01 19:22:54,417 - internal.adapters.database_initalizer - DEBUG - Returning connection to pool
2025-05-01 19:22:54,418 - internal.adapters.database_initalizer - INFO - Connection returned to pool
2025-05-01 19:22:54,418 - root - INFO - There are no outbox messages to be processed
2025-05-01 19:22:59,418 - root - INFO - Fetching pending messages from outbox
2025-05-01 19:22:59,418 - internal.adapters.database_initalizer - DEBUG - Requesting cursor via context manager
2025-05-01 19:22:59,419 - internal.adapters.database_initalizer - INFO - Successfully retrieved connection from pool
2025-05-01 19:22:59,423 - internal.adapters.database_initalizer - DEBUG - Returning connection to pool
2025-05-01 19:22:59,423 - internal.adapters.database_initalizer - INFO - Connection returned to pool
2025-05-01 19:22:59,423 - root - INFO - There are no outbox messages to be processed
2025-05-01 19:23:04,424 - root - INFO - Fetching pending messages from outbox
2025-05-01 19:23:04,424 - internal.adapters.database_initalizer - DEBUG - Requesting cursor via context manager
2025-05-01 19:23:04,424 - internal.adapters.database_initalizer - INFO - Successfully retrieved connection from pool
2025-05-01 19:23:04,425 - internal.adapters.database_initalizer - DEBUG - Returning connection to pool
2025-05-01 19:23:04,426 - internal.adapters.database_initalizer - INFO - Connection returned to pool
2025-05-01 19:23:04,426 - root - INFO - There are no outbox messages to be processed
2025-05-01 19:23:09,426 - root - INFO - Fetching pending messages from outbox
2025-05-01 19:23:09,426 - internal.adapters.database_initalizer - DEBUG - Requesting cursor via context manager
2025-05-01 19:23:09,426 - internal.adapters.database_initalizer - INFO - Successfully retrieved connection from pool
2025-05-01 19:23:09,428 - internal.adapters.database_initalizer - DEBUG - Returning connection to pool
2025-05-01 19:23:09,428 - internal.adapters.database_initalizer - INFO - Connection returned to pool
2025-05-01 19:23:09,428 - root - INFO - There are no outbox messages to be processed
2025-05-01 19:23:14,428 - root - INFO - Fetching pending messages from outbox
2025-05-01 19:23:14,428 - internal.adapters.database_initalizer - DEBUG - Requesting cursor via context manager
2025-05-01 19:23:14,428 - internal.adapters.database_initalizer - INFO - Successfully retrieved connection from pool
2025-05-01 19:23:14,430 - internal.adapters.database_initalizer - DEBUG - Returning connection to pool
2025-05-01 19:23:14,430 - internal.adapters.database_initalizer - INFO - Connection returned to pool
2025-05-01 19:23:14,430 - root - INFO - There are no outbox messages to be processed
2025-05-01 19:23:19,430 - root - INFO - Fetching pending messages from outbox
2025-05-01 19:23:19,430 - internal.adapters.database_initalizer - DEBUG - Requesting cursor via context manager
2025-05-01 19:23:19,431 - internal.adapters.database_initalizer - INFO - Successfully retrieved connection from pool
2025-05-01 19:23:19,432 - internal.adapters.database_initalizer - DEBUG - Returning connection to pool
2025-05-01 19:23:19,432 - internal.adapters.database_initalizer - INFO - Connection returned to pool
2025-05-01 19:23:19,432 - root - INFO - There are no outbox messages to be processed
2025-05-01 19:23:24,433 - root - INFO - Fetching pending messages from outbox
2025-05-01 19:23:24,433 - internal.adapters.database_initalizer - DEBUG - Requesting cursor via context manager
2025-05-01 19:23:24,433 - internal.adapters.database_initalizer - INFO - Successfully retrieved connection from pool
2025-05-01 19:23:24,435 - internal.adapters.database_initalizer - DEBUG - Returning connection to pool
2025-05-01 19:23:24,435 - internal.adapters.database_initalizer - INFO - Connection returned to pool
2025-05-01 19:23:24,435 - root - INFO - There are no outbox messages to be processed
2025-05-01 19:23:29,435 - root - INFO - Fetching pending messages from outbox
2025-05-01 19:23:29,435 - internal.adapters.database_initalizer - DEBUG - Requesting cursor via context manager
2025-05-01 19:23:29,435 - internal.adapters.database_initalizer - INFO - Successfully retrieved connection from pool
2025-05-01 19:23:29,437 - internal.adapters.database_initalizer - DEBUG - Returning connection to pool
2025-05-01 19:23:29,437 - internal.adapters.database_initalizer - INFO - Connection returned to pool
2025-05-01 19:23:29,437 - root - INFO - There are no outbox messages to be processed
2025-05-01 19:23:34,437 - root - INFO - Fetching pending messages from outbox
2025-05-01 19:23:34,437 - internal.adapters.database_initalizer - DEBUG - Requesting cursor via context manager
2025-05-01 19:23:34,437 - internal.adapters.database_initalizer - INFO - Successfully retrieved connection from pool
2025-05-01 19:23:34,439 - internal.adapters.database_initalizer - DEBUG - Returning connection to pool
2025-05-01 19:23:34,439 - internal.adapters.database_initalizer - INFO - Connection returned to pool
2025-05-01 19:23:34,439 - root - INFO - There are no outbox messages to be processed
2025-05-01 19:23:39,439 - root - INFO - Fetching pending messages from outbox
2025-05-01 19:23:39,440 - internal.adapters.database_initalizer - DEBUG - Requesting cursor via context manager
2025-05-01 19:23:39,440 - internal.adapters.database_initalizer - INFO - Successfully retrieved connection from pool
2025-05-01 19:23:39,444 - internal.adapters.database_initalizer - DEBUG - Returning connection to pool
2025-05-01 19:23:39,444 - internal.adapters.database_initalizer - INFO - Connection returned to pool
2025-05-01 19:23:39,445 - root - INFO - There are no outbox messages to be processed
2025-05-01 19:23:44,445 - root - INFO - Fetching pending messages from outbox
2025-05-01 19:23:44,446 - internal.adapters.database_initalizer - DEBUG - Requesting cursor via context manager
2025-05-01 19:23:44,446 - internal.adapters.database_initalizer - INFO - Successfully retrieved connection from pool
2025-05-01 19:23:44,447 - internal.adapters.database_initalizer - DEBUG - Returning connection to pool
2025-05-01 19:23:44,448 - internal.adapters.database_initalizer - INFO - Connection returned to pool
2025-05-01 19:23:44,448 - root - INFO - There are no outbox messages to be processed
2025-05-01 19:23:49,448 - root - INFO - Fetching pending messages from outbox
2025-05-01 19:23:49,448 - internal.adapters.database_initalizer - DEBUG - Requesting cursor via context manager
2025-05-01 19:23:49,449 - internal.adapters.database_initalizer - INFO - Successfully retrieved connection from pool
2025-05-01 19:23:49,453 - internal.adapters.database_initalizer - DEBUG - Returning connection to pool
2025-05-01 19:23:49,453 - internal.adapters.database_initalizer - INFO - Connection returned to pool
2025-05-01 19:23:49,454 - root - INFO - There are no outbox messages to be processed
2025-05-01 19:23:54,454 - root - INFO - Fetching pending messages from outbox
2025-05-01 19:23:54,454 - internal.adapters.database_initalizer - DEBUG - Requesting cursor via context manager
2025-05-01 19:23:54,454 - internal.adapters.database_initalizer - INFO - Successfully retrieved connection from pool
2025-05-01 19:23:54,456 - internal.adapters.database_initalizer - DEBUG - Returning connection to pool
2025-05-01 19:23:54,456 - internal.adapters.database_initalizer - INFO - Connection returned to pool
2025-05-01 19:23:54,456 - root - INFO - There are no outbox messages to be processed
2025-05-01 19:23:59,456 - root - INFO - Fetching pending messages from outbox
2025-05-01 19:23:59,457 - internal.adapters.database_initalizer - DEBUG - Requesting cursor via context manager
2025-05-01 19:23:59,457 - internal.adapters.database_initalizer - INFO - Successfully retrieved connection from pool
2025-05-01 19:23:59,467 - internal.adapters.database_initalizer - DEBUG - Returning connection to pool
2025-05-01 19:23:59,469 - internal.adapters.database_initalizer - INFO - Connection returned to pool
2025-05-01 19:23:59,472 - root - INFO - There are no outbox messages to be processed
2025-05-01 19:24:04,474 - root - INFO - Fetching pending messages from outbox
2025-05-01 19:24:04,474 - internal.adapters.database_initalizer - DEBUG - Requesting cursor via context manager
2025-05-01 19:24:04,474 - internal.adapters.database_initalizer - INFO - Successfully retrieved connection from pool
2025-05-01 19:24:04,476 - internal.adapters.database_initalizer - DEBUG - Returning connection to pool
2025-05-01 19:24:04,476 - internal.adapters.database_initalizer - INFO - Connection returned to pool
2025-05-01 19:24:04,477 - root - INFO - There are no outbox messages to be processed
2025-05-01 19:24:09,477 - root - INFO - Fetching pending messages from outbox
2025-05-01 19:24:09,477 - internal.adapters.database_initalizer - DEBUG - Requesting cursor via context manager
2025-05-01 19:24:09,477 - internal.adapters.database_initalizer - INFO - Successfully retrieved connection from pool
2025-05-01 19:24:09,480 - internal.adapters.database_initalizer - DEBUG - Returning connection to pool
2025-05-01 19:24:09,480 - internal.adapters.database_initalizer - INFO - Connection returned to pool
2025-05-01 19:24:09,480 - root - INFO - There are no outbox messages to be processed
2025-05-01 19:24:14,481 - root - INFO - Fetching pending messages from outbox
2025-05-01 19:24:14,481 - internal.adapters.database_initalizer - DEBUG - Requesting cursor via context manager
2025-05-01 19:24:14,482 - internal.adapters.database_initalizer - INFO - Successfully retrieved connection from pool
2025-05-01 19:24:14,491 - internal.adapters.database_initalizer - DEBUG - Returning connection to pool
2025-05-01 19:24:14,491 - internal.adapters.database_initalizer - INFO - Connection returned to pool
2025-05-01 19:24:14,491 - root - INFO - There are no outbox messages to be processed
2025-05-01 19:24:19,491 - root - INFO - Fetching pending messages from outbox
2025-05-01 19:24:19,492 - internal.adapters.database_initalizer - DEBUG - Requesting cursor via context manager
2025-05-01 19:24:19,492 - internal.adapters.database_initalizer - INFO - Successfully retrieved connection from pool
2025-05-01 19:24:19,494 - internal.adapters.database_initalizer - DEBUG - Returning connection to pool
2025-05-01 19:24:19,494 - internal.adapters.database_initalizer - INFO - Connection returned to pool
2025-05-01 19:24:19,494 - root - INFO - There are no outbox messages to be processed
2025-05-01 19:24:24,494 - root - INFO - Fetching pending messages from outbox
2025-05-01 19:24:24,494 - internal.adapters.database_initalizer - DEBUG - Requesting cursor via context manager
2025-05-01 19:24:24,495 - internal.adapters.database_initalizer - INFO - Successfully retrieved connection from pool
2025-05-01 19:24:24,499 - internal.adapters.database_initalizer - DEBUG - Returning connection to pool
2025-05-01 19:24:24,499 - internal.adapters.database_initalizer - INFO - Connection returned to pool
2025-05-01 19:24:24,499 - root - INFO - There are no outbox messages to be processed
2025-05-01 19:24:29,500 - root - INFO - Fetching pending messages from outbox
2025-05-01 19:24:29,500 - internal.adapters.database_initalizer - DEBUG - Requesting cursor via context manager
2025-05-01 19:24:29,500 - internal.adapters.database_initalizer - INFO - Successfully retrieved connection from pool
2025-05-01 19:24:29,501 - internal.adapters.database_initalizer - DEBUG - Returning connection to pool
2025-05-01 19:24:29,502 - internal.adapters.database_initalizer - INFO - Connection returned to pool
2025-05-01 19:24:29,502 - root - INFO - There are no outbox messages to be processed
2025-05-01 19:24:34,502 - root - INFO - Fetching pending messages from outbox
2025-05-01 19:24:34,502 - internal.adapters.database_initalizer - DEBUG - Requesting cursor via context manager
2025-05-01 19:24:34,502 - internal.adapters.database_initalizer - INFO - Successfully retrieved connection from pool
2025-05-01 19:24:34,504 - internal.adapters.database_initalizer - DEBUG - Returning connection to pool
2025-05-01 19:24:34,504 - internal.adapters.database_initalizer - INFO - Connection returned to pool
2025-05-01 19:24:34,504 - root - INFO - There are no outbox messages to be processed
2025-05-01 19:24:39,504 - root - INFO - Fetching pending messages from outbox
2025-05-01 19:24:39,504 - internal.adapters.database_initalizer - DEBUG - Requesting cursor via context manager
2025-05-01 19:24:39,504 - internal.adapters.database_initalizer - INFO - Successfully retrieved connection from pool
2025-05-01 19:24:39,506 - internal.adapters.database_initalizer - DEBUG - Returning connection to pool
2025-05-01 19:24:39,506 - internal.adapters.database_initalizer - INFO - Connection returned to pool
2025-05-01 19:24:39,506 - root - INFO - There are no outbox messages to be processed
2025-05-01 19:24:44,506 - root - INFO - Fetching pending messages from outbox
2025-05-01 19:24:44,506 - internal.adapters.database_initalizer - DEBUG - Requesting cursor via context manager
2025-05-01 19:24:44,506 - internal.adapters.database_initalizer - INFO - Successfully retrieved connection from pool
2025-05-01 19:24:44,508 - internal.adapters.database_initalizer - DEBUG - Returning connection to pool
2025-05-01 19:24:44,508 - internal.adapters.database_initalizer - INFO - Connection returned to pool
2025-05-01 19:24:44,508 - root - INFO - There are no outbox messages to be processed
2025-05-01 19:24:49,508 - root - INFO - Fetching pending messages from outbox
2025-05-01 19:24:49,509 - internal.adapters.database_initalizer - DEBUG - Requesting cursor via context manager
2025-05-01 19:24:49,509 - internal.adapters.database_initalizer - INFO - Successfully retrieved connection from pool
2025-05-01 19:24:49,514 - internal.adapters.database_initalizer - DEBUG - Returning connection to pool
2025-05-01 19:24:49,514 - internal.adapters.database_initalizer - INFO - Connection returned to pool
2025-05-01 19:24:49,515 - root - INFO - There are no outbox messages to be processed
2025-05-01 19:24:54,515 - root - INFO - Fetching pending messages from outbox
2025-05-01 19:24:54,516 - internal.adapters.database_initalizer - DEBUG - Requesting cursor via context manager
2025-05-01 19:24:54,516 - internal.adapters.database_initalizer - INFO - Successfully retrieved connection from pool
2025-05-01 19:24:54,521 - internal.adapters.database_initalizer - DEBUG - Returning connection to pool
2025-05-01 19:24:54,523 - internal.adapters.database_initalizer - INFO - Connection returned to pool
2025-05-01 19:24:54,523 - root - INFO - There are no outbox messages to be processed
2025-05-01 19:24:59,524 - root - INFO - Fetching pending messages from outbox
2025-05-01 19:24:59,525 - internal.adapters.database_initalizer - DEBUG - Requesting cursor via context manager
2025-05-01 19:24:59,525 - internal.adapters.database_initalizer - INFO - Successfully retrieved connection from pool
2025-05-01 19:24:59,530 - internal.adapters.database_initalizer - DEBUG - Returning connection to pool
2025-05-01 19:24:59,530 - internal.adapters.database_initalizer - INFO - Connection returned to pool
2025-05-01 19:24:59,530 - root - INFO - There are no outbox messages to be processed
2025-05-01 19:25:04,530 - root - INFO - Fetching pending messages from outbox
2025-05-01 19:25:04,531 - internal.adapters.database_initalizer - DEBUG - Requesting cursor via context manager
2025-05-01 19:25:04,531 - internal.adapters.database_initalizer - INFO - Successfully retrieved connection from pool
2025-05-01 19:25:04,534 - internal.adapters.database_initalizer - DEBUG - Returning connection to pool
2025-05-01 19:25:04,534 - internal.adapters.database_initalizer - INFO - Connection returned to pool
2025-05-01 19:25:04,534 - root - INFO - There are no outbox messages to be processed
2025-05-01 19:25:09,534 - root - INFO - Fetching pending messages from outbox
2025-05-01 19:25:09,535 - internal.adapters.database_initalizer - DEBUG - Requesting cursor via context manager
2025-05-01 19:25:09,535 - internal.adapters.database_initalizer - INFO - Successfully retrieved connection from pool
2025-05-01 19:25:09,539 - internal.adapters.database_initalizer - DEBUG - Returning connection to pool
2025-05-01 19:25:09,540 - internal.adapters.database_initalizer - INFO - Connection returned to pool
2025-05-01 19:25:09,540 - root - INFO - There are no outbox messages to be processed
2025-05-01 19:25:14,540 - root - INFO - Fetching pending messages from outbox
2025-05-01 19:25:14,541 - internal.adapters.database_initalizer - DEBUG - Requesting cursor via context manager
2025-05-01 19:25:14,541 - internal.adapters.database_initalizer - INFO - Successfully retrieved connection from pool
2025-05-01 19:25:14,543 - internal.adapters.database_initalizer - DEBUG - Returning connection to pool
2025-05-01 19:25:14,543 - internal.adapters.database_initalizer - INFO - Connection returned to pool
2025-05-01 19:25:14,543 - root - INFO - There are no outbox messages to be processed
2025-05-01 19:25:19,544 - root - INFO - Fetching pending messages from outbox
2025-05-01 19:25:19,545 - internal.adapters.database_initalizer - DEBUG - Requesting cursor via context manager
2025-05-01 19:25:19,545 - internal.adapters.database_initalizer - INFO - Successfully retrieved connection from pool
2025-05-01 19:25:19,547 - internal.adapters.database_initalizer - DEBUG - Returning connection to pool
2025-05-01 19:25:19,547 - internal.adapters.database_initalizer - INFO - Connection returned to pool
2025-05-01 19:25:19,547 - root - INFO - There are no outbox messages to be processed
2025-05-01 19:25:24,547 - root - INFO - Fetching pending messages from outbox
2025-05-01 19:25:24,547 - internal.adapters.database_initalizer - DEBUG - Requesting cursor via context manager
2025-05-01 19:25:24,547 - internal.adapters.database_initalizer - INFO - Successfully retrieved connection from pool
2025-05-01 19:25:24,550 - internal.adapters.database_initalizer - DEBUG - Returning connection to pool
2025-05-01 19:25:24,550 - internal.adapters.database_initalizer - INFO - Connection returned to pool
2025-05-01 19:25:24,550 - root - INFO - There are no outbox messages to be processed
2025-05-01 19:25:29,550 - root - INFO - Fetching pending messages from outbox
2025-05-01 19:25:29,550 - internal.adapters.database_initalizer - DEBUG - Requesting cursor via context manager
2025-05-01 19:25:29,551 - internal.adapters.database_initalizer - INFO - Successfully retrieved connection from pool
2025-05-01 19:25:29,552 - internal.adapters.database_initalizer - DEBUG - Returning connection to pool
2025-05-01 19:25:29,552 - internal.adapters.database_initalizer - INFO - Connection returned to pool
2025-05-01 19:25:29,552 - root - INFO - There are no outbox messages to be processed
2025-05-01 19:25:34,553 - root - INFO - Fetching pending messages from outbox
2025-05-01 19:25:34,553 - internal.adapters.database_initalizer - DEBUG - Requesting cursor via context manager
2025-05-01 19:25:34,553 - internal.adapters.database_initalizer - INFO - Successfully retrieved connection from pool
2025-05-01 19:25:34,555 - internal.adapters.database_initalizer - DEBUG - Returning connection to pool
2025-05-01 19:25:34,555 - internal.adapters.database_initalizer - INFO - Connection returned to pool
2025-05-01 19:25:34,555 - root - INFO - There are no outbox messages to be processed
2025-05-01 19:25:39,555 - root - INFO - Fetching pending messages from outbox
2025-05-01 19:25:39,556 - internal.adapters.database_initalizer - DEBUG - Requesting cursor via context manager
2025-05-01 19:25:39,556 - internal.adapters.database_initalizer - INFO - Successfully retrieved connection from pool
2025-05-01 19:25:39,560 - internal.adapters.database_initalizer - DEBUG - Returning connection to pool
2025-05-01 19:25:39,561 - internal.adapters.database_initalizer - INFO - Connection returned to pool
2025-05-01 19:25:39,561 - root - INFO - There are no outbox messages to be processed
2025-05-01 19:25:44,562 - root - INFO - Fetching pending messages from outbox
2025-05-01 19:25:44,562 - internal.adapters.database_initalizer - DEBUG - Requesting cursor via context manager
2025-05-01 19:25:44,562 - internal.adapters.database_initalizer - INFO - Successfully retrieved connection from pool
2025-05-01 19:25:44,563 - internal.adapters.database_initalizer - DEBUG - Returning connection to pool
2025-05-01 19:25:44,564 - internal.adapters.database_initalizer - INFO - Connection returned to pool
2025-05-01 19:25:44,564 - root - INFO - There are no outbox messages to be processed
2025-05-01 19:25:49,564 - root - INFO - Fetching pending messages from outbox
2025-05-01 19:25:49,564 - internal.adapters.database_initalizer - DEBUG - Requesting cursor via context manager
2025-05-01 19:25:49,565 - internal.adapters.database_initalizer - INFO - Successfully retrieved connection from pool
2025-05-01 19:25:49,570 - internal.adapters.database_initalizer - DEBUG - Returning connection to pool
2025-05-01 19:25:49,571 - internal.adapters.database_initalizer - INFO - Connection returned to pool
2025-05-01 19:25:49,571 - root - INFO - There are no outbox messages to be processed
2025-05-01 19:25:54,571 - root - INFO - Fetching pending messages from outbox
2025-05-01 19:25:54,572 - internal.adapters.database_initalizer - DEBUG - Requesting cursor via context manager
2025-05-01 19:25:54,572 - internal.adapters.database_initalizer - INFO - Successfully retrieved connection from pool
2025-05-01 19:25:54,577 - internal.adapters.database_initalizer - DEBUG - Returning connection to pool
2025-05-01 19:25:54,577 - internal.adapters.database_initalizer - INFO - Connection returned to pool
2025-05-01 19:25:54,577 - root - INFO - There are no outbox messages to be processed
2025-05-01 19:25:59,578 - root - INFO - Fetching pending messages from outbox
2025-05-01 19:25:59,578 - internal.adapters.database_initalizer - DEBUG - Requesting cursor via context manager
2025-05-01 19:25:59,578 - internal.adapters.database_initalizer - INFO - Successfully retrieved connection from pool
2025-05-01 19:25:59,579 - internal.adapters.database_initalizer - DEBUG - Returning connection to pool
2025-05-01 19:25:59,579 - internal.adapters.database_initalizer - INFO - Connection returned to pool
2025-05-01 19:25:59,580 - root - INFO - There are no outbox messages to be processed
2025-05-01 19:26:04,580 - root - INFO - Fetching pending messages from outbox
2025-05-01 19:26:04,580 - internal.adapters.database_initalizer - DEBUG - Requesting cursor via context manager
2025-05-01 19:26:04,580 - internal.adapters.database_initalizer - INFO - Successfully retrieved connection from pool
2025-05-01 19:26:04,582 - internal.adapters.database_initalizer - DEBUG - Returning connection to pool
2025-05-01 19:26:04,582 - internal.adapters.database_initalizer - INFO - Connection returned to pool
2025-05-01 19:26:04,582 - root - INFO - There are no outbox messages to be processed
2025-05-01 19:26:09,582 - root - INFO - Fetching pending messages from outbox
2025-05-01 19:26:09,582 - internal.adapters.database_initalizer - DEBUG - Requesting cursor via context manager
2025-05-01 19:26:09,583 - internal.adapters.database_initalizer - INFO - Successfully retrieved connection from pool
2025-05-01 19:26:09,586 - internal.adapters.database_initalizer - DEBUG - Returning connection to pool
2025-05-01 19:26:09,587 - internal.adapters.database_initalizer - INFO - Connection returned to pool
2025-05-01 19:26:09,587 - root - INFO - There are no outbox messages to be processed
2025-05-01 19:26:14,587 - root - INFO - Fetching pending messages from outbox
2025-05-01 19:26:14,587 - internal.adapters.database_initalizer - DEBUG - Requesting cursor via context manager
2025-05-01 19:26:14,588 - internal.adapters.database_initalizer - INFO - Successfully retrieved connection from pool
2025-05-01 19:26:14,589 - internal.adapters.database_initalizer - DEBUG - Returning connection to pool
2025-05-01 19:26:14,590 - internal.adapters.database_initalizer - INFO - Connection returned to pool
2025-05-01 19:26:14,590 - root - INFO - There are no outbox messages to be processed
2025-05-01 19:26:19,590 - root - INFO - Fetching pending messages from outbox
2025-05-01 19:26:19,590 - internal.adapters.database_initalizer - DEBUG - Requesting cursor via context manager
2025-05-01 19:26:19,590 - internal.adapters.database_initalizer - INFO - Successfully retrieved connection from pool
2025-05-01 19:26:19,593 - internal.adapters.database_initalizer - DEBUG - Returning connection to pool
2025-05-01 19:26:19,594 - internal.adapters.database_initalizer - INFO - Connection returned to pool
2025-05-01 19:26:19,594 - root - INFO - There are no outbox messages to be processed
2025-05-01 19:26:24,594 - root - INFO - Fetching pending messages from outbox
2025-05-01 19:26:24,594 - internal.adapters.database_initalizer - DEBUG - Requesting cursor via context manager
2025-05-01 19:26:24,595 - internal.adapters.database_initalizer - INFO - Successfully retrieved connection from pool
2025-05-01 19:26:24,600 - internal.adapters.database_initalizer - DEBUG - Returning connection to pool
2025-05-01 19:26:24,600 - internal.adapters.database_initalizer - INFO - Connection returned to pool
2025-05-01 19:26:24,601 - root - INFO - There are no outbox messages to be processed
2025-05-01 19:26:29,601 - root - INFO - Fetching pending messages from outbox
2025-05-01 19:26:29,601 - internal.adapters.database_initalizer - DEBUG - Requesting cursor via context manager
2025-05-01 19:26:29,601 - internal.adapters.database_initalizer - INFO - Successfully retrieved connection from pool
2025-05-01 19:26:29,602 - internal.adapters.database_initalizer - DEBUG - Returning connection to pool
2025-05-01 19:26:29,603 - internal.adapters.database_initalizer - INFO - Connection returned to pool
2025-05-01 19:26:29,603 - root - INFO - There are no outbox messages to be processed
2025-05-01 19:26:34,603 - root - INFO - Fetching pending messages from outbox
2025-05-01 19:26:34,603 - internal.adapters.database_initalizer - DEBUG - Requesting cursor via context manager
2025-05-01 19:26:34,603 - internal.adapters.database_initalizer - INFO - Successfully retrieved connection from pool
2025-05-01 19:26:34,606 - internal.adapters.database_initalizer - DEBUG - Returning connection to pool
2025-05-01 19:26:34,606 - internal.adapters.database_initalizer - INFO - Connection returned to pool
2025-05-01 19:26:34,606 - root - INFO - There are no outbox messages to be processed
2025-05-01 19:26:39,606 - root - INFO - Fetching pending messages from outbox
2025-05-01 19:26:39,607 - internal.adapters.database_initalizer - DEBUG - Requesting cursor via context manager
2025-05-01 19:26:39,607 - internal.adapters.database_initalizer - INFO - Successfully retrieved connection from pool
2025-05-01 19:26:39,612 - internal.adapters.database_initalizer - DEBUG - Returning connection to pool
2025-05-01 19:26:39,612 - internal.adapters.database_initalizer - INFO - Connection returned to pool
2025-05-01 19:26:39,612 - root - INFO - There are no outbox messages to be processed
2025-05-01 19:26:44,613 - root - INFO - Fetching pending messages from outbox
2025-05-01 19:26:44,613 - internal.adapters.database_initalizer - DEBUG - Requesting cursor via context manager
2025-05-01 19:26:44,614 - internal.adapters.database_initalizer - INFO - Successfully retrieved connection from pool
2025-05-01 19:26:44,618 - internal.adapters.database_initalizer - DEBUG - Returning connection to pool
2025-05-01 19:26:44,619 - internal.adapters.database_initalizer - INFO - Connection returned to pool
2025-05-01 19:26:44,619 - root - INFO - There are no outbox messages to be processed
2025-05-01 19:26:49,619 - root - INFO - Fetching pending messages from outbox
2025-05-01 19:26:49,620 - internal.adapters.database_initalizer - DEBUG - Requesting cursor via context manager
2025-05-01 19:26:49,620 - internal.adapters.database_initalizer - INFO - Successfully retrieved connection from pool
2025-05-01 19:26:49,625 - internal.adapters.database_initalizer - DEBUG - Returning connection to pool
2025-05-01 19:26:49,625 - internal.adapters.database_initalizer - INFO - Connection returned to pool
2025-05-01 19:26:49,625 - root - INFO - There are no outbox messages to be processed
2025-05-01 19:26:54,626 - root - INFO - Fetching pending messages from outbox
2025-05-01 19:26:54,626 - internal.adapters.database_initalizer - DEBUG - Requesting cursor via context manager
2025-05-01 19:26:54,626 - internal.adapters.database_initalizer - INFO - Successfully retrieved connection from pool
2025-05-01 19:26:54,628 - internal.adapters.database_initalizer - DEBUG - Returning connection to pool
2025-05-01 19:26:54,629 - internal.adapters.database_initalizer - INFO - Connection returned to pool
2025-05-01 19:26:54,629 - root - INFO - There are no outbox messages to be processed
2025-05-01 19:26:59,629 - root - INFO - Fetching pending messages from outbox
2025-05-01 19:26:59,629 - internal.adapters.database_initalizer - DEBUG - Requesting cursor via context manager
2025-05-01 19:26:59,629 - internal.adapters.database_initalizer - INFO - Successfully retrieved connection from pool
2025-05-01 19:26:59,631 - internal.adapters.database_initalizer - DEBUG - Returning connection to pool
2025-05-01 19:26:59,631 - internal.adapters.database_initalizer - INFO - Connection returned to pool
2025-05-01 19:26:59,631 - root - INFO - There are no outbox messages to be processed
2025-05-01 19:27:04,632 - root - INFO - Fetching pending messages from outbox
2025-05-01 19:27:04,632 - internal.adapters.database_initalizer - DEBUG - Requesting cursor via context manager
2025-05-01 19:27:04,633 - internal.adapters.database_initalizer - INFO - Successfully retrieved connection from pool
2025-05-01 19:27:04,637 - internal.adapters.database_initalizer - DEBUG - Returning connection to pool
2025-05-01 19:27:04,638 - internal.adapters.database_initalizer - INFO - Connection returned to pool
2025-05-01 19:27:04,638 - root - INFO - There are no outbox messages to be processed
2025-05-01 19:27:09,639 - root - INFO - Fetching pending messages from outbox
2025-05-01 19:27:09,639 - internal.adapters.database_initalizer - DEBUG - Requesting cursor via context manager
2025-05-01 19:27:09,639 - internal.adapters.database_initalizer - INFO - Successfully retrieved connection from pool
2025-05-01 19:27:09,640 - internal.adapters.database_initalizer - DEBUG - Returning connection to pool
2025-05-01 19:27:09,641 - internal.adapters.database_initalizer - INFO - Connection returned to pool
2025-05-01 19:27:09,641 - root - INFO - There are no outbox messages to be processed
2025-05-01 19:27:14,641 - root - INFO - Fetching pending messages from outbox
2025-05-01 19:27:14,641 - internal.adapters.database_initalizer - DEBUG - Requesting cursor via context manager
2025-05-01 19:27:14,641 - internal.adapters.database_initalizer - INFO - Successfully retrieved connection from pool
2025-05-01 19:27:14,643 - internal.adapters.database_initalizer - DEBUG - Returning connection to pool
2025-05-01 19:27:14,643 - internal.adapters.database_initalizer - INFO - Connection returned to pool
2025-05-01 19:27:14,643 - root - INFO - There are no outbox messages to be processed
2025-05-01 19:27:19,643 - root - INFO - Fetching pending messages from outbox
2025-05-01 19:27:19,643 - internal.adapters.database_initalizer - DEBUG - Requesting cursor via context manager
2025-05-01 19:27:19,643 - internal.adapters.database_initalizer - INFO - Successfully retrieved connection from pool
2025-05-01 19:27:19,645 - internal.adapters.database_initalizer - DEBUG - Returning connection to pool
2025-05-01 19:27:19,646 - internal.adapters.database_initalizer - INFO - Connection returned to pool
2025-05-01 19:27:19,646 - root - INFO - There are no outbox messages to be processed
2025-05-01 19:27:24,646 - root - INFO - Fetching pending messages from outbox
2025-05-01 19:27:24,646 - internal.adapters.database_initalizer - DEBUG - Requesting cursor via context manager
2025-05-01 19:27:24,647 - internal.adapters.database_initalizer - INFO - Successfully retrieved connection from pool
2025-05-01 19:27:24,650 - internal.adapters.database_initalizer - DEBUG - Returning connection to pool
2025-05-01 19:27:24,650 - internal.adapters.database_initalizer - INFO - Connection returned to pool
2025-05-01 19:27:24,651 - root - INFO - There are no outbox messages to be processed
2025-05-01 19:27:29,651 - root - INFO - Fetching pending messages from outbox
2025-05-01 19:27:29,651 - internal.adapters.database_initalizer - DEBUG - Requesting cursor via context manager
2025-05-01 19:27:29,651 - internal.adapters.database_initalizer - INFO - Successfully retrieved connection from pool
2025-05-01 19:27:29,654 - internal.adapters.database_initalizer - DEBUG - Returning connection to pool
2025-05-01 19:27:29,654 - internal.adapters.database_initalizer - INFO - Connection returned to pool
2025-05-01 19:27:29,655 - root - INFO - There are no outbox messages to be processed
2025-05-01 19:27:34,655 - root - INFO - Fetching pending messages from outbox
2025-05-01 19:27:34,655 - internal.adapters.database_initalizer - DEBUG - Requesting cursor via context manager
2025-05-01 19:27:34,656 - internal.adapters.database_initalizer - INFO - Successfully retrieved connection from pool
2025-05-01 19:27:34,660 - internal.adapters.database_initalizer - DEBUG - Returning connection to pool
2025-05-01 19:27:34,661 - internal.adapters.database_initalizer - INFO - Connection returned to pool
2025-05-01 19:27:34,661 - root - INFO - There are no outbox messages to be processed
2025-05-01 19:27:39,661 - root - INFO - Fetching pending messages from outbox
2025-05-01 19:27:39,662 - internal.adapters.database_initalizer - DEBUG - Requesting cursor via context manager
2025-05-01 19:27:39,662 - internal.adapters.database_initalizer - INFO - Successfully retrieved connection from pool
2025-05-01 19:27:39,664 - internal.adapters.database_initalizer - DEBUG - Returning connection to pool
2025-05-01 19:27:39,665 - internal.adapters.database_initalizer - INFO - Connection returned to pool
2025-05-01 19:27:39,665 - root - INFO - There are no outbox messages to be processed
2025-05-01 19:27:44,665 - root - INFO - Fetching pending messages from outbox
2025-05-01 19:27:44,665 - internal.adapters.database_initalizer - DEBUG - Requesting cursor via context manager
2025-05-01 19:27:44,666 - internal.adapters.database_initalizer - INFO - Successfully retrieved connection from pool
2025-05-01 19:27:44,670 - internal.adapters.database_initalizer - DEBUG - Returning connection to pool
2025-05-01 19:27:44,670 - internal.adapters.database_initalizer - INFO - Connection returned to pool
2025-05-01 19:27:44,670 - root - INFO - There are no outbox messages to be processed
2025-05-01 19:27:49,671 - root - INFO - Fetching pending messages from outbox
2025-05-01 19:27:49,671 - internal.adapters.database_initalizer - DEBUG - Requesting cursor via context manager
2025-05-01 19:27:49,671 - internal.adapters.database_initalizer - INFO - Successfully retrieved connection from pool
2025-05-01 19:27:49,673 - internal.adapters.database_initalizer - DEBUG - Returning connection to pool
2025-05-01 19:27:49,673 - internal.adapters.database_initalizer - INFO - Connection returned to pool
2025-05-01 19:27:49,673 - root - INFO - There are no outbox messages to be processed
2025-05-01 19:27:54,673 - root - INFO - Fetching pending messages from outbox
2025-05-01 19:27:54,674 - internal.adapters.database_initalizer - DEBUG - Requesting cursor via context manager
2025-05-01 19:27:54,674 - internal.adapters.database_initalizer - INFO - Successfully retrieved connection from pool
2025-05-01 19:27:54,678 - internal.adapters.database_initalizer - DEBUG - Returning connection to pool
2025-05-01 19:27:54,678 - internal.adapters.database_initalizer - INFO - Connection returned to pool
2025-05-01 19:27:54,678 - root - INFO - There are no outbox messages to be processed
2025-05-01 19:27:59,679 - root - INFO - Fetching pending messages from outbox
2025-05-01 19:27:59,679 - internal.adapters.database_initalizer - DEBUG - Requesting cursor via context manager
2025-05-01 19:27:59,680 - internal.adapters.database_initalizer - INFO - Successfully retrieved connection from pool
2025-05-01 19:27:59,685 - internal.adapters.database_initalizer - DEBUG - Returning connection to pool
2025-05-01 19:27:59,686 - internal.adapters.database_initalizer - INFO - Connection returned to pool
2025-05-01 19:27:59,686 - root - INFO - There are no outbox messages to be processed
2025-05-01 19:28:04,687 - root - INFO - Fetching pending messages from outbox
2025-05-01 19:28:04,687 - internal.adapters.database_initalizer - DEBUG - Requesting cursor via context manager
2025-05-01 19:28:04,687 - internal.adapters.database_initalizer - INFO - Successfully retrieved connection from pool
2025-05-01 19:28:04,688 - internal.adapters.database_initalizer - DEBUG - Returning connection to pool
2025-05-01 19:28:04,688 - internal.adapters.database_initalizer - INFO - Connection returned to pool
2025-05-01 19:28:04,688 - root - INFO - There are no outbox messages to be processed
2025-05-01 19:28:09,689 - root - INFO - Fetching pending messages from outbox
2025-05-01 19:28:09,689 - internal.adapters.database_initalizer - DEBUG - Requesting cursor via context manager
2025-05-01 19:28:09,689 - internal.adapters.database_initalizer - INFO - Successfully retrieved connection from pool
2025-05-01 19:28:09,693 - internal.adapters.database_initalizer - DEBUG - Returning connection to pool
2025-05-01 19:28:09,693 - internal.adapters.database_initalizer - INFO - Connection returned to pool
2025-05-01 19:28:09,693 - root - INFO - There are no outbox messages to be processed
2025-05-01 19:28:14,694 - root - INFO - Fetching pending messages from outbox
2025-05-01 19:28:14,694 - internal.adapters.database_initalizer - DEBUG - Requesting cursor via context manager
2025-05-01 19:28:14,694 - internal.adapters.database_initalizer - INFO - Successfully retrieved connection from pool
2025-05-01 19:28:14,696 - internal.adapters.database_initalizer - DEBUG - Returning connection to pool
2025-05-01 19:28:14,696 - internal.adapters.database_initalizer - INFO - Connection returned to pool
2025-05-01 19:28:14,696 - root - INFO - There are no outbox messages to be processed
2025-05-01 19:28:19,696 - root - INFO - Fetching pending messages from outbox
2025-05-01 19:28:19,696 - internal.adapters.database_initalizer - DEBUG - Requesting cursor via context manager
2025-05-01 19:28:19,696 - internal.adapters.database_initalizer - INFO - Successfully retrieved connection from pool
2025-05-01 19:28:19,698 - internal.adapters.database_initalizer - DEBUG - Returning connection to pool
2025-05-01 19:28:19,698 - internal.adapters.database_initalizer - INFO - Connection returned to pool
2025-05-01 19:28:19,698 - root - INFO - There are no outbox messages to be processed
2025-05-01 19:28:24,699 - root - INFO - Fetching pending messages from outbox
2025-05-01 19:28:24,699 - internal.adapters.database_initalizer - DEBUG - Requesting cursor via context manager
2025-05-01 19:28:24,699 - internal.adapters.database_initalizer - INFO - Successfully retrieved connection from pool
2025-05-01 19:28:24,701 - internal.adapters.database_initalizer - DEBUG - Returning connection to pool
2025-05-01 19:28:24,701 - internal.adapters.database_initalizer - INFO - Connection returned to pool
2025-05-01 19:28:24,701 - root - INFO - There are no outbox messages to be processed
2025-05-01 19:28:29,701 - root - INFO - Fetching pending messages from outbox
2025-05-01 19:28:29,701 - internal.adapters.database_initalizer - DEBUG - Requesting cursor via context manager
2025-05-01 19:28:29,701 - internal.adapters.database_initalizer - INFO - Successfully retrieved connection from pool
2025-05-01 19:28:29,703 - internal.adapters.database_initalizer - DEBUG - Returning connection to pool
2025-05-01 19:28:29,703 - internal.adapters.database_initalizer - INFO - Connection returned to pool
2025-05-01 19:28:29,703 - root - INFO - There are no outbox messages to be processed
2025-05-01 19:28:34,704 - root - INFO - Fetching pending messages from outbox
2025-05-01 19:28:34,704 - internal.adapters.database_initalizer - DEBUG - Requesting cursor via context manager
2025-05-01 19:28:34,704 - internal.adapters.database_initalizer - INFO - Successfully retrieved connection from pool
2025-05-01 19:28:34,709 - internal.adapters.database_initalizer - DEBUG - Returning connection to pool
2025-05-01 19:28:34,709 - internal.adapters.database_initalizer - INFO - Connection returned to pool
2025-05-01 19:28:34,710 - root - INFO - There are no outbox messages to be processed
2025-05-01 19:28:39,711 - root - INFO - Fetching pending messages from outbox
2025-05-01 19:28:39,711 - internal.adapters.database_initalizer - DEBUG - Requesting cursor via context manager
2025-05-01 19:28:39,711 - internal.adapters.database_initalizer - INFO - Successfully retrieved connection from pool
2025-05-01 19:28:39,713 - internal.adapters.database_initalizer - DEBUG - Returning connection to pool
2025-05-01 19:28:39,713 - internal.adapters.database_initalizer - INFO - Connection returned to pool
2025-05-01 19:28:39,713 - root - INFO - There are no outbox messages to be processed
2025-05-01 19:28:44,713 - root - INFO - Fetching pending messages from outbox
2025-05-01 19:28:44,713 - internal.adapters.database_initalizer - DEBUG - Requesting cursor via context manager
2025-05-01 19:28:44,713 - internal.adapters.database_initalizer - INFO - Successfully retrieved connection from pool
2025-05-01 19:28:44,715 - internal.adapters.database_initalizer - DEBUG - Returning connection to pool
2025-05-01 19:28:44,715 - internal.adapters.database_initalizer - INFO - Connection returned to pool
2025-05-01 19:28:44,715 - root - INFO - There are no outbox messages to be processed
2025-05-01 19:28:49,715 - root - INFO - Fetching pending messages from outbox
2025-05-01 19:28:49,715 - internal.adapters.database_initalizer - DEBUG - Requesting cursor via context manager
2025-05-01 19:28:49,715 - internal.adapters.database_initalizer - INFO - Successfully retrieved connection from pool
2025-05-01 19:28:49,718 - internal.adapters.database_initalizer - DEBUG - Returning connection to pool
2025-05-01 19:28:49,719 - internal.adapters.database_initalizer - INFO - Connection returned to pool
2025-05-01 19:28:49,719 - root - INFO - There are no outbox messages to be processed
2025-05-01 19:28:54,719 - root - INFO - Fetching pending messages from outbox
2025-05-01 19:28:54,721 - internal.adapters.database_initalizer - DEBUG - Requesting cursor via context manager
2025-05-01 19:28:54,727 - internal.adapters.database_initalizer - INFO - Successfully retrieved connection from pool
2025-05-01 19:28:54,742 - internal.adapters.database_initalizer - DEBUG - Returning connection to pool
2025-05-01 19:28:54,743 - internal.adapters.database_initalizer - INFO - Connection returned to pool
2025-05-01 19:28:54,743 - root - INFO - There are no outbox messages to be processed
2025-05-01 19:28:59,743 - root - INFO - Fetching pending messages from outbox
2025-05-01 19:28:59,744 - internal.adapters.database_initalizer - DEBUG - Requesting cursor via context manager
2025-05-01 19:28:59,744 - internal.adapters.database_initalizer - INFO - Successfully retrieved connection from pool
2025-05-01 19:28:59,750 - internal.adapters.database_initalizer - DEBUG - Returning connection to pool
2025-05-01 19:28:59,750 - internal.adapters.database_initalizer - INFO - Connection returned to pool
2025-05-01 19:28:59,750 - root - INFO - There are no outbox messages to be processed
2025-05-01 19:29:04,754 - root - INFO - Fetching pending messages from outbox
2025-05-01 19:29:04,754 - internal.adapters.database_initalizer - DEBUG - Requesting cursor via context manager
2025-05-01 19:29:04,754 - internal.adapters.database_initalizer - INFO - Successfully retrieved connection from pool
2025-05-01 19:29:04,760 - internal.adapters.database_initalizer - DEBUG - Returning connection to pool
2025-05-01 19:29:04,760 - internal.adapters.database_initalizer - INFO - Connection returned to pool
2025-05-01 19:29:04,760 - root - INFO - There are no outbox messages to be processed
2025-05-01 19:29:09,761 - root - INFO - Fetching pending messages from outbox
2025-05-01 19:29:09,761 - internal.adapters.database_initalizer - DEBUG - Requesting cursor via context manager
2025-05-01 19:29:09,761 - internal.adapters.database_initalizer - INFO - Successfully retrieved connection from pool
2025-05-01 19:29:09,762 - internal.adapters.database_initalizer - DEBUG - Returning connection to pool
2025-05-01 19:29:09,762 - internal.adapters.database_initalizer - INFO - Connection returned to pool
2025-05-01 19:29:09,762 - root - INFO - There are no outbox messages to be processed
2025-05-01 19:29:14,763 - root - INFO - Fetching pending messages from outbox
2025-05-01 19:29:14,763 - internal.adapters.database_initalizer - DEBUG - Requesting cursor via context manager
2025-05-01 19:29:14,763 - internal.adapters.database_initalizer - INFO - Successfully retrieved connection from pool
2025-05-01 19:29:14,767 - internal.adapters.database_initalizer - DEBUG - Returning connection to pool
2025-05-01 19:29:14,767 - internal.adapters.database_initalizer - INFO - Connection returned to pool
2025-05-01 19:29:14,767 - root - INFO - There are no outbox messages to be processed
2025-05-01 19:29:19,768 - root - INFO - Fetching pending messages from outbox
2025-05-01 19:29:19,768 - internal.adapters.database_initalizer - DEBUG - Requesting cursor via context manager
2025-05-01 19:29:19,768 - internal.adapters.database_initalizer - INFO - Successfully retrieved connection from pool
2025-05-01 19:29:19,774 - internal.adapters.database_initalizer - DEBUG - Returning connection to pool
2025-05-01 19:29:19,774 - internal.adapters.database_initalizer - INFO - Connection returned to pool
2025-05-01 19:29:19,774 - root - INFO - There are no outbox messages to be processed
2025-05-01 19:29:24,775 - root - INFO - Fetching pending messages from outbox
2025-05-01 19:29:24,775 - internal.adapters.database_initalizer - DEBUG - Requesting cursor via context manager
2025-05-01 19:29:24,775 - internal.adapters.database_initalizer - INFO - Successfully retrieved connection from pool
2025-05-01 19:29:24,777 - internal.adapters.database_initalizer - DEBUG - Returning connection to pool
2025-05-01 19:29:24,777 - internal.adapters.database_initalizer - INFO - Connection returned to pool
2025-05-01 19:29:24,777 - root - INFO - There are no outbox messages to be processed
2025-05-01 19:29:29,777 - root - INFO - Fetching pending messages from outbox
2025-05-01 19:29:29,777 - internal.adapters.database_initalizer - DEBUG - Requesting cursor via context manager
2025-05-01 19:29:29,777 - internal.adapters.database_initalizer - INFO - Successfully retrieved connection from pool
2025-05-01 19:29:29,779 - internal.adapters.database_initalizer - DEBUG - Returning connection to pool
2025-05-01 19:29:29,779 - internal.adapters.database_initalizer - INFO - Connection returned to pool
2025-05-01 19:29:29,779 - root - INFO - There are no outbox messages to be processed
2025-05-01 19:29:34,779 - root - INFO - Fetching pending messages from outbox
2025-05-01 19:29:34,779 - internal.adapters.database_initalizer - DEBUG - Requesting cursor via context manager
2025-05-01 19:29:34,779 - internal.adapters.database_initalizer - INFO - Successfully retrieved connection from pool
2025-05-01 19:29:34,781 - internal.adapters.database_initalizer - DEBUG - Returning connection to pool
2025-05-01 19:29:34,782 - internal.adapters.database_initalizer - INFO - Connection returned to pool
2025-05-01 19:29:34,782 - root - INFO - There are no outbox messages to be processed
2025-05-01 19:29:39,782 - root - INFO - Fetching pending messages from outbox
2025-05-01 19:29:39,782 - internal.adapters.database_initalizer - DEBUG - Requesting cursor via context manager
2025-05-01 19:29:39,782 - internal.adapters.database_initalizer - INFO - Successfully retrieved connection from pool
2025-05-01 19:29:39,784 - internal.adapters.database_initalizer - DEBUG - Returning connection to pool
2025-05-01 19:29:39,784 - internal.adapters.database_initalizer - INFO - Connection returned to pool
2025-05-01 19:29:39,784 - root - INFO - There are no outbox messages to be processed
2025-05-01 19:29:44,784 - root - INFO - Fetching pending messages from outbox
2025-05-01 19:29:44,784 - internal.adapters.database_initalizer - DEBUG - Requesting cursor via context manager
2025-05-01 19:29:44,785 - internal.adapters.database_initalizer - INFO - Successfully retrieved connection from pool
2025-05-01 19:29:44,786 - internal.adapters.database_initalizer - DEBUG - Returning connection to pool
2025-05-01 19:29:44,786 - internal.adapters.database_initalizer - INFO - Connection returned to pool
2025-05-01 19:29:44,786 - root - INFO - There are no outbox messages to be processed
2025-05-01 19:29:48,806 - internal.adapters.database_initalizer - DEBUG - Requesting cursor via context manager
2025-05-01 19:29:48,806 - internal.adapters.database_initalizer - INFO - Successfully retrieved connection from pool
2025-05-01 19:29:48,808 - root - INFO - Row with ID 17b79585-89ef-4458-a843-874cb4dc06f7 inserted into outbox table
2025-05-01 19:29:48,810 - internal.adapters.database_initalizer - DEBUG - Returning connection to pool
2025-05-01 19:29:48,810 - internal.adapters.database_initalizer - INFO - Connection returned to pool
2025-05-01 19:29:49,787 - root - INFO - Fetching pending messages from outbox
2025-05-01 19:29:49,787 - internal.adapters.database_initalizer - DEBUG - Requesting cursor via context manager
2025-05-01 19:29:49,787 - internal.adapters.database_initalizer - INFO - Successfully retrieved connection from pool
2025-05-01 19:29:49,788 - internal.adapters.database_initalizer - DEBUG - Returning connection to pool
2025-05-01 19:29:49,789 - internal.adapters.database_initalizer - INFO - Connection returned to pool
2025-05-01 19:29:49,789 - pika.adapters.utils.selector_ioloop_adapter - DEBUG - SelectorIOServicesAdapter.set_writer(13, <bound method _AsyncPlaintextTransport._on_socket_writable of <pika.adapters.utils.io_services_utils._AsyncPlaintextTransport object at 0x79d83dbc1940>>)
2025-05-01 19:29:49,789 - pika.adapters.utils.selector_ioloop_adapter - DEBUG - set_writer(13, _) updated handler RdWr
2025-05-01 19:29:49,789 - pika.adapters.utils.io_services_utils - DEBUG - Turned on writability watcher: <socket.socket fd=13, family=10, type=1, proto=6, laddr=('::1', 47814, 0, 0), raddr=('::1', 5672, 0, 0)>
2025-05-01 19:29:49,789 - pika.adapters.utils.selector_ioloop_adapter - DEBUG - SelectorIOServicesAdapter.remove_writer(13)
2025-05-01 19:29:49,790 - pika.adapters.utils.selector_ioloop_adapter - DEBUG - remove_writer(13) updated handler Rd
2025-05-01 19:29:49,790 - pika.adapters.utils.io_services_utils - DEBUG - Turned off writability watcher: <socket.socket fd=13, family=10, type=1, proto=6, laddr=('::1', 47814, 0, 0)>
2025-05-01 19:29:49,790 - pika.heartbeat - DEBUG - Received heartbeat frame
2025-05-01 19:29:49,790 - pika.heartbeat - DEBUG - Received heartbeat frame
2025-05-01 19:29:49,790 - pika.heartbeat - DEBUG - Received heartbeat frame
2025-05-01 19:29:49,790 - pika.heartbeat - DEBUG - Received heartbeat frame
2025-05-01 19:29:49,790 - pika.adapters.utils.io_services_utils - ERROR - Socket EOF; <socket.socket fd=13, family=10, type=1, proto=6, laddr=('::1', 47814, 0, 0)>
2025-05-01 19:29:49,790 - pika.adapters.base_connection - ERROR - Transport indicated EOF.
2025-05-01 19:29:49,790 - pika.adapters.utils.io_services_utils - INFO - protocol.eof_received() elected to close: <socket.socket fd=13, family=10, type=1, proto=6, laddr=('::1', 47814, 0, 0)>
2025-05-01 19:29:49,790 - pika.adapters.utils.io_services_utils - INFO - _AsyncTransportBase._initate_abort(): Initiating abrupt asynchronous transport shutdown: state=1; error=None; <socket.socket fd=13, family=10, type=1, proto=6, laddr=('::1', 47814, 0, 0)>
2025-05-01 19:29:49,791 - pika.adapters.utils.io_services_utils - INFO - Deactivating transport: state=1; <socket.socket fd=13, family=10, type=1, proto=6, laddr=('::1', 47814, 0, 0)>
2025-05-01 19:29:49,791 - pika.adapters.utils.selector_ioloop_adapter - DEBUG - SelectorIOServicesAdapter.remove_reader(13)
2025-05-01 19:29:49,791 - pika.adapters.utils.selector_ioloop_adapter - DEBUG - remove_reader(13) removed handler
2025-05-01 19:29:49,791 - pika.adapters.utils.selector_ioloop_adapter - DEBUG - SelectorIOServicesAdapter.remove_writer(13)
2025-05-01 19:29:49,791 - pika.adapters.utils.selector_ioloop_adapter - DEBUG - remove_writer(13) neither was set.
2025-05-01 19:29:49,791 - pika.adapters.select_connection - DEBUG - add_callback_threadsafe: added callback=functools.partial(<bound method _AsyncTransportBase._connection_lost_notify_async of <pika.adapters.utils.io_services_utils._AsyncPlaintextTransport object at 0x79d83dbc1940>>, None)
2025-05-01 19:29:49,791 - pika.adapters.select_connection - DEBUG - process_timeouts: invoking callback=functools.partial(<bound method _AsyncTransportBase._connection_lost_notify_async of <pika.adapters.utils.io_services_utils._AsyncPlaintextTransport object at 0x79d83dbc1940>>, None)
2025-05-01 19:29:49,791 - pika.adapters.utils.io_services_utils - DEBUG - Concluding transport shutdown: state=3; error=None
2025-05-01 19:29:49,791 - pika.adapters.base_connection - ERROR - connection_lost: StreamLostError: ('Transport indicated EOF',)
2025-05-01 19:29:49,792 - pika.connection - INFO - AMQP stack terminated, failed to connect, or aborted: opened=True, error-arg=StreamLostError: ('Transport indicated EOF',); pending-error=None
2025-05-01 19:29:49,792 - pika.heartbeat - DEBUG - Removing timer for next heartbeat send interval
2025-05-01 19:29:49,792 - pika.adapters.select_connection - DEBUG - remove_timeout: removing timeout <pika.adapters.select_connection._Timeout object at 0x79d83e7c0550> with deadline=67690.062179008 and callback=<bound method HeartbeatChecker._send_heartbeat of <pika.heartbeat.HeartbeatChecker object at 0x79d83dbc1a90>>
2025-05-01 19:29:49,792 - pika.heartbeat - DEBUG - Removing timer for next heartbeat check interval
2025-05-01 19:29:49,792 - pika.adapters.select_connection - DEBUG - remove_timeout: removing timeout <pika.adapters.select_connection._Timeout object at 0x79d83dbb0e20> with deadline=67695.001669898 and callback=<bound method HeartbeatChecker._check_heartbeat of <pika.heartbeat.HeartbeatChecker object at 0x79d83dbc1a90>>
2025-05-01 19:29:49,792 - pika.connection - DEBUG - New Connection state: CLOSED (prev=OPEN)
2025-05-01 19:29:49,792 - pika.channel - DEBUG - Handling meta-close on <Channel number=1 OPEN conn=<SelectConnection CLOSED transport=None params=<ConnectionParameters host=localhost port=5672 virtual_host=/ ssl=False>>>: StreamLostError: ('Transport indicated EOF',)
2025-05-01 19:29:49,792 - pika.callback - DEBUG - Processing 1:_on_channel_close
2025-05-01 19:29:49,792 - pika.callback - DEBUG - Calling <bound method BlockingChannel._on_channel_closed of <BlockingChannel impl=<Channel number=1 CLOSED conn=<SelectConnection CLOSED transport=None params=<ConnectionParameters host=localhost port=5672 virtual_host=/ ssl=False>>>>> for "1:_on_channel_close"
2025-05-01 19:29:49,792 - pika.adapters.blocking_connection - DEBUG - _on_channel_closed: StreamLostError: ('Transport indicated EOF',); <BlockingChannel impl=<Channel number=1 CLOSED conn=<SelectConnection CLOSED transport=None params=<ConnectionParameters host=localhost port=5672 virtual_host=/ ssl=False>>>>
2025-05-01 19:29:49,793 - pika.callback - DEBUG - Processing 1:_on_channel_cleanup
2025-05-01 19:29:49,793 - pika.callback - DEBUG - Processing use of oneshot callback
2025-05-01 19:29:49,793 - pika.callback - DEBUG - 0 registered uses left
2025-05-01 19:29:49,793 - pika.callback - DEBUG - Removing callback #0: {'callback': <bound method Connection._on_channel_cleanup of <SelectConnection CLOSED transport=None params=<ConnectionParameters host=localhost port=5672 virtual_host=/ ssl=False>>>, 'one_shot': True, 'only': <Channel number=1 CLOSED conn=<SelectConnection CLOSED transport=None params=<ConnectionParameters host=localhost port=5672 virtual_host=/ ssl=False>>>, 'arguments': None, 'calls': 0}
2025-05-01 19:29:49,793 - pika.callback - DEBUG - Calling <bound method Connection._on_channel_cleanup of <SelectConnection CLOSED transport=None params=<ConnectionParameters host=localhost port=5672 virtual_host=/ ssl=False>>> for "1:_on_channel_cleanup"
2025-05-01 19:29:49,793 - pika.connection - DEBUG - Removed channel 1
2025-05-01 19:29:49,793 - pika.callback - DEBUG - Clearing out '1' from the stack
2025-05-01 19:29:49,793 - pika.connection - INFO - Stack terminated due to StreamLostError: ('Transport indicated EOF',)
2025-05-01 19:29:49,793 - pika.callback - DEBUG - Processing 0:_on_connection_closed
2025-05-01 19:29:49,793 - pika.callback - DEBUG - Calling <bound method _CallbackResult.set_value_once of <pika.adapters.blocking_connection._CallbackResult object at 0x79d83e7bc280>> for "0:_on_connection_closed"
2025-05-01 19:29:49,793 - pika.connection - DEBUG - New Connection state: CLOSED (prev=CLOSED)
2025-05-01 19:29:49,794 - pika.callback - DEBUG - Added: {'callback': <bound method Connection._on_connection_start of <SelectConnection CLOSED transport=None params=<ConnectionParameters host=localhost port=5672 virtual_host=/ ssl=False>>>, 'one_shot': True, 'only': None, 'arguments': None, 'calls': 1}
2025-05-01 19:29:49,794 - pika.callback - DEBUG - Incremented callback reference counter: {'callback': <bound method Connection._on_connection_close_from_broker of <SelectConnection CLOSED transport=None params=<ConnectionParameters host=localhost port=5672 virtual_host=/ ssl=False>>>, 'one_shot': True, 'only': None, 'arguments': None, 'calls': 2}
2025-05-01 19:29:49,794 - pika.adapters.utils.io_services_utils - INFO - Closing transport socket and unlinking: state=3; <socket.socket fd=13, family=10, type=1, proto=6, laddr=('::1', 47814, 0, 0)>
2025-05-01 19:29:49,794 - pika.adapters.blocking_connection - ERROR - Unexpected connection close detected: StreamLostError: ('Transport indicated EOF',)
2025-05-01 19:29:49,794 - root - ERROR - Error processing message ID 17b79585-89ef-4458-a843-874cb4dc06f7: Transport indicated EOF
2025-05-01 19:29:54,797 - root - INFO - Fetching pending messages from outbox
2025-05-01 19:29:54,797 - internal.adapters.database_initalizer - DEBUG - Requesting cursor via context manager
2025-05-01 19:29:54,798 - internal.adapters.database_initalizer - INFO - Successfully retrieved connection from pool
2025-05-01 19:29:54,802 - internal.adapters.database_initalizer - DEBUG - Returning connection to pool
2025-05-01 19:29:54,803 - internal.adapters.database_initalizer - INFO - Connection returned to pool
2025-05-01 19:29:54,804 - root - ERROR - Error processing message ID 17b79585-89ef-4458-a843-874cb4dc06f7: Channel is closed.
2025-05-01 19:29:59,805 - root - INFO - Fetching pending messages from outbox
2025-05-01 19:29:59,805 - internal.adapters.database_initalizer - DEBUG - Requesting cursor via context manager
2025-05-01 19:29:59,805 - internal.adapters.database_initalizer - INFO - Successfully retrieved connection from pool
2025-05-01 19:29:59,807 - internal.adapters.database_initalizer - DEBUG - Returning connection to pool
2025-05-01 19:29:59,807 - internal.adapters.database_initalizer - INFO - Connection returned to pool
2025-05-01 19:29:59,807 - root - ERROR - Error processing message ID 17b79585-89ef-4458-a843-874cb4dc06f7: Channel is closed.
2025-05-01 19:30:04,808 - root - INFO - Fetching pending messages from outbox
2025-05-01 19:30:04,808 - internal.adapters.database_initalizer - DEBUG - Requesting cursor via context manager
2025-05-01 19:30:04,808 - internal.adapters.database_initalizer - INFO - Successfully retrieved connection from pool
2025-05-01 19:30:04,809 - internal.adapters.database_initalizer - DEBUG - Returning connection to pool
2025-05-01 19:30:04,809 - internal.adapters.database_initalizer - INFO - Connection returned to pool
2025-05-01 19:30:04,809 - root - ERROR - Error processing message ID 17b79585-89ef-4458-a843-874cb4dc06f7: Channel is closed.
2025-05-01 19:30:09,810 - root - INFO - Fetching pending messages from outbox
2025-05-01 19:30:09,810 - internal.adapters.database_initalizer - DEBUG - Requesting cursor via context manager
2025-05-01 19:30:09,810 - internal.adapters.database_initalizer - INFO - Successfully retrieved connection from pool
2025-05-01 19:30:09,812 - internal.adapters.database_initalizer - DEBUG - Returning connection to pool
2025-05-01 19:30:09,812 - internal.adapters.database_initalizer - INFO - Connection returned to pool
2025-05-01 19:30:09,813 - root - ERROR - Error processing message ID 17b79585-89ef-4458-a843-874cb4dc06f7: Channel is closed.
2025-05-01 19:30:14,813 - root - INFO - Fetching pending messages from outbox
2025-05-01 19:30:14,814 - internal.adapters.database_initalizer - DEBUG - Requesting cursor via context manager
2025-05-01 19:30:14,814 - internal.adapters.database_initalizer - INFO - Successfully retrieved connection from pool
2025-05-01 19:30:14,815 - internal.adapters.database_initalizer - DEBUG - Returning connection to pool
2025-05-01 19:30:14,815 - internal.adapters.database_initalizer - INFO - Connection returned to pool
2025-05-01 19:30:14,815 - root - ERROR - Error processing message ID 17b79585-89ef-4458-a843-874cb4dc06f7: Channel is closed.
2025-05-01 19:30:19,816 - root - INFO - Fetching pending messages from outbox
2025-05-01 19:30:19,816 - internal.adapters.database_initalizer - DEBUG - Requesting cursor via context manager
2025-05-01 19:30:19,817 - internal.adapters.database_initalizer - INFO - Successfully retrieved connection from pool
2025-05-01 19:30:19,822 - internal.adapters.database_initalizer - DEBUG - Returning connection to pool
2025-05-01 19:30:19,822 - internal.adapters.database_initalizer - INFO - Connection returned to pool
2025-05-01 19:30:19,823 - root - ERROR - Error processing message ID 17b79585-89ef-4458-a843-874cb4dc06f7: Channel is closed.
2025-05-01 19:30:24,825 - root - INFO - Fetching pending messages from outbox
2025-05-01 19:30:24,825 - internal.adapters.database_initalizer - DEBUG - Requesting cursor via context manager
2025-05-01 19:30:24,825 - internal.adapters.database_initalizer - INFO - Successfully retrieved connection from pool
2025-05-01 19:30:24,827 - internal.adapters.database_initalizer - DEBUG - Returning connection to pool
2025-05-01 19:30:24,827 - internal.adapters.database_initalizer - INFO - Connection returned to pool
2025-05-01 19:30:24,827 - root - ERROR - Error processing message ID 17b79585-89ef-4458-a843-874cb4dc06f7: Channel is closed.
2025-05-01 19:30:29,827 - root - INFO - Fetching pending messages from outbox
2025-05-01 19:30:29,827 - internal.adapters.database_initalizer - DEBUG - Requesting cursor via context manager
2025-05-01 19:30:29,827 - internal.adapters.database_initalizer - INFO - Successfully retrieved connection from pool
2025-05-01 19:30:29,829 - internal.adapters.database_initalizer - DEBUG - Returning connection to pool
2025-05-01 19:30:29,829 - internal.adapters.database_initalizer - INFO - Connection returned to pool
2025-05-01 19:30:29,829 - root - ERROR - Error processing message ID 17b79585-89ef-4458-a843-874cb4dc06f7: Channel is closed.
2025-05-01 19:30:34,830 - root - INFO - Fetching pending messages from outbox
2025-05-01 19:30:34,830 - internal.adapters.database_initalizer - DEBUG - Requesting cursor via context manager
2025-05-01 19:30:34,830 - internal.adapters.database_initalizer - INFO - Successfully retrieved connection from pool
2025-05-01 19:30:34,835 - internal.adapters.database_initalizer - DEBUG - Returning connection to pool
2025-05-01 19:30:34,836 - internal.adapters.database_initalizer - INFO - Connection returned to pool
2025-05-01 19:30:34,837 - root - ERROR - Error processing message ID 17b79585-89ef-4458-a843-874cb4dc06f7: Channel is closed.
2025-05-01 19:30:39,838 - root - INFO - Fetching pending messages from outbox
2025-05-01 19:30:39,838 - internal.adapters.database_initalizer - DEBUG - Requesting cursor via context manager
2025-05-01 19:30:39,838 - internal.adapters.database_initalizer - INFO - Successfully retrieved connection from pool
2025-05-01 19:30:39,840 - internal.adapters.database_initalizer - DEBUG - Returning connection to pool
2025-05-01 19:30:39,840 - internal.adapters.database_initalizer - INFO - Connection returned to pool
2025-05-01 19:30:39,840 - root - ERROR - Error processing message ID 17b79585-89ef-4458-a843-874cb4dc06f7: Channel is closed.
2025-05-01 19:30:44,840 - root - INFO - Fetching pending messages from outbox
2025-05-01 19:30:44,840 - internal.adapters.database_initalizer - DEBUG - Requesting cursor via context manager
2025-05-01 19:30:44,840 - internal.adapters.database_initalizer - INFO - Successfully retrieved connection from pool
2025-05-01 19:30:44,842 - internal.adapters.database_initalizer - DEBUG - Returning connection to pool
2025-05-01 19:30:44,842 - internal.adapters.database_initalizer - INFO - Connection returned to pool
2025-05-01 19:30:44,842 - root - ERROR - Error processing message ID 17b79585-89ef-4458-a843-874cb4dc06f7: Channel is closed.
2025-05-01 19:30:49,842 - root - INFO - Fetching pending messages from outbox
2025-05-01 19:30:49,843 - internal.adapters.database_initalizer - DEBUG - Requesting cursor via context manager
2025-05-01 19:30:49,843 - internal.adapters.database_initalizer - INFO - Successfully retrieved connection from pool
2025-05-01 19:30:49,846 - internal.adapters.database_initalizer - DEBUG - Returning connection to pool
2025-05-01 19:30:49,847 - internal.adapters.database_initalizer - INFO - Connection returned to pool
2025-05-01 19:30:49,847 - root - ERROR - Error processing message ID 17b79585-89ef-4458-a843-874cb4dc06f7: Channel is closed.
2025-05-01 19:30:54,848 - root - INFO - Fetching pending messages from outbox
2025-05-01 19:30:54,848 - internal.adapters.database_initalizer - DEBUG - Requesting cursor via context manager
2025-05-01 19:30:54,848 - internal.adapters.database_initalizer - INFO - Successfully retrieved connection from pool
2025-05-01 19:30:54,850 - internal.adapters.database_initalizer - DEBUG - Returning connection to pool
2025-05-01 19:30:54,850 - internal.adapters.database_initalizer - INFO - Connection returned to pool
2025-05-01 19:30:54,850 - root - ERROR - Error processing message ID 17b79585-89ef-4458-a843-874cb4dc06f7: Channel is closed.
2025-05-01 19:30:59,850 - root - INFO - Fetching pending messages from outbox
2025-05-01 19:30:59,851 - internal.adapters.database_initalizer - DEBUG - Requesting cursor via context manager
2025-05-01 19:30:59,851 - internal.adapters.database_initalizer - INFO - Successfully retrieved connection from pool
2025-05-01 19:30:59,852 - internal.adapters.database_initalizer - DEBUG - Returning connection to pool
2025-05-01 19:30:59,853 - internal.adapters.database_initalizer - INFO - Connection returned to pool
2025-05-01 19:30:59,853 - root - ERROR - Error processing message ID 17b79585-89ef-4458-a843-874cb4dc06f7: Channel is closed.
2025-05-01 19:31:04,853 - root - INFO - Fetching pending messages from outbox
2025-05-01 19:31:04,853 - internal.adapters.database_initalizer - DEBUG - Requesting cursor via context manager
2025-05-01 19:31:04,853 - internal.adapters.database_initalizer - INFO - Successfully retrieved connection from pool
2025-05-01 19:31:04,855 - internal.adapters.database_initalizer - DEBUG - Returning connection to pool
2025-05-01 19:31:04,855 - internal.adapters.database_initalizer - INFO - Connection returned to pool
2025-05-01 19:31:04,855 - root - ERROR - Error processing message ID 17b79585-89ef-4458-a843-874cb4dc06f7: Channel is closed.
2025-05-01 19:31:09,856 - root - INFO - Fetching pending messages from outbox
2025-05-01 19:31:09,856 - internal.adapters.database_initalizer - DEBUG - Requesting cursor via context manager
2025-05-01 19:31:09,856 - internal.adapters.database_initalizer - INFO - Successfully retrieved connection from pool
2025-05-01 19:31:09,857 - internal.adapters.database_initalizer - DEBUG - Returning connection to pool
2025-05-01 19:31:09,857 - internal.adapters.database_initalizer - INFO - Connection returned to pool
2025-05-01 19:31:09,858 - root - ERROR - Error processing message ID 17b79585-89ef-4458-a843-874cb4dc06f7: Channel is closed.
2025-05-01 19:31:14,858 - root - INFO - Fetching pending messages from outbox
2025-05-01 19:31:14,858 - internal.adapters.database_initalizer - DEBUG - Requesting cursor via context manager
2025-05-01 19:31:14,858 - internal.adapters.database_initalizer - INFO - Successfully retrieved connection from pool
2025-05-01 19:31:14,861 - internal.adapters.database_initalizer - DEBUG - Returning connection to pool
2025-05-01 19:31:14,861 - internal.adapters.database_initalizer - INFO - Connection returned to pool
2025-05-01 19:31:14,861 - root - ERROR - Error processing message ID 17b79585-89ef-4458-a843-874cb4dc06f7: Channel is closed.
