2025-05-01 19:31:27,520 - root - DEBUG - Logger configured with log file /home/revoo/work/NumDrift/Adder_service/internal/utils/Adder_service/internal/logs/rabbitmq.log
2025-05-01 19:31:27,544 - root - DEBUG - Logger configured with log file /home/revoo/work/NumDrift/Adder_service/internal/utils/Adder_service/internal/logs/outbox.log
2025-05-01 19:31:27,547 - root - DEBUG - Logger configured with log file /home/revoo/work/NumDrift/Adder_service/internal/utils/Adder_service/internal/logs/outbox.log
2025-05-01 19:31:27,554 - internal.adapters.database_initalizer - DEBUG - Initializing InitDB class
2025-05-01 19:31:27,555 - internal.adapters.database_initalizer - DEBUG - Loaded .env file from /home/revoo/work/NumDrift/Adder_service/.env
2025-05-01 19:31:27,555 - internal.adapters.database_initalizer - DEBUG - DB_URL loaded successfully
2025-05-01 19:31:27,566 - internal.adapters.database_initalizer - INFO - Database connection pool created successfully
2025-05-01 19:31:27,566 - internal.adapters.database_initalizer - DEBUG - Initializing InitDB class
2025-05-01 19:31:27,567 - internal.adapters.database_initalizer - DEBUG - Loaded .env file from /home/revoo/work/NumDrift/Adder_service/.env
2025-05-01 19:31:27,567 - internal.adapters.database_initalizer - DEBUG - DB_URL loaded successfully
2025-05-01 19:31:27,581 - internal.adapters.database_initalizer - INFO - Database connection pool created successfully
2025-05-01 19:31:27,581 - root - INFO - Connecting to RabbitMQ at localhost
2025-05-01 19:31:27,582 - pika.adapters.select_connection - DEBUG - Using EPollPoller
2025-05-01 19:31:27,582 - pika.adapters.base_connection - DEBUG - Created default connection workflow <pika.adapters.utils.connection_workflow.AMQPConnectionWorkflow object at 0x7c8f58139010>
2025-05-01 19:31:27,583 - pika.adapters.utils.connection_workflow - DEBUG - Starting AMQP Connection workflow asynchronously.
2025-05-01 19:31:27,583 - pika.adapters.select_connection - DEBUG - call_later: added timeout <pika.adapters.select_connection._Timeout object at 0x7c8f58a8fdf0> with deadline=68323.373869019 and callback=functools.partial(<bound method AMQPConnectionWorkflow._start_new_cycle_async of <pika.adapters.utils.connection_workflow.AMQPConnectionWorkflow object at 0x7c8f58139010>>, first=True); now=68323.373869019; delay=0
2025-05-01 19:31:27,583 - pika.adapters.utils.connection_workflow - DEBUG - Beginning a new AMQP connection workflow cycle; attempts remaining after this: 0
2025-05-01 19:31:27,583 - pika.adapters.select_connection - DEBUG - call_later: added timeout <pika.adapters.select_connection._Timeout object at 0x7c8f580dd690> with deadline=68323.374187295 and callback=<bound method AMQPConnectionWorkflow._try_next_config_async of <pika.adapters.utils.connection_workflow.AMQPConnectionWorkflow object at 0x7c8f58139010>>; now=68323.374187295; delay=0
2025-05-01 19:31:27,583 - pika.adapters.utils.connection_workflow - DEBUG - _try_next_config_async: 'localhost':5672
2025-05-01 19:31:27,586 - pika.adapters.select_connection - DEBUG - process_timeouts: invoking callback=<bound method _AddressResolver._dispatch_result of <pika.adapters.utils.selector_ioloop_adapter._AddressResolver object at 0x7c8f58139160>>
2025-05-01 19:31:27,586 - pika.adapters.utils.selector_ioloop_adapter - DEBUG - Invoking asynchronous getaddrinfo() completion callback; host='localhost'
2025-05-01 19:31:27,586 - pika.adapters.utils.connection_workflow - DEBUG - getaddrinfo returned 2 records
2025-05-01 19:31:27,586 - pika.adapters.utils.connection_workflow - DEBUG - Attempting to connect using address record (<AddressFamily.AF_INET6: 10>, <SocketKind.SOCK_STREAM: 1>, 6, '', ('::1', 5672, 0, 0))
2025-05-01 19:31:27,587 - pika.adapters.utils.connection_workflow - INFO - Pika version 1.3.2 connecting to ('::1', 5672, 0, 0)
2025-05-01 19:31:27,587 - pika.adapters.select_connection - DEBUG - add_callback_threadsafe: added callback=<bound method _AddressResolver._dispatch_result of <pika.adapters.utils.selector_ioloop_adapter._AddressResolver object at 0x7c8f58139160>>
2025-05-01 19:31:27,587 - pika.adapters.select_connection - DEBUG - add_callback_threadsafe: added callback=<bound method _AsyncSocketConnector._start_async of <pika.adapters.utils.io_services_utils._AsyncSocketConnector object at 0x7c8f581397f0>>
2025-05-01 19:31:27,587 - pika.adapters.select_connection - DEBUG - call_later: added timeout <pika.adapters.select_connection._Timeout object at 0x7c8f586b6290> with deadline=68333.378025547 and callback=<bound method AMQPConnector._on_tcp_connection_timeout of <pika.adapters.utils.connection_workflow.AMQPConnector object at 0x7c8f58139400>>; now=68323.378025547; delay=10.0
2025-05-01 19:31:27,587 - pika.adapters.select_connection - DEBUG - call_later: added timeout <pika.adapters.select_connection._Timeout object at 0x7c8f5812de10> with deadline=68338.378132517 and callback=<bound method AMQPConnector._on_overall_timeout of <pika.adapters.utils.connection_workflow.AMQPConnector object at 0x7c8f58139400>>; now=68323.378132517; delay=15.0
2025-05-01 19:31:27,587 - pika.adapters.select_connection - DEBUG - process_timeouts: invoking callback=<bound method _AsyncSocketConnector._start_async of <pika.adapters.utils.io_services_utils._AsyncSocketConnector object at 0x7c8f581397f0>>
2025-05-01 19:31:27,588 - pika.adapters.utils.selector_ioloop_adapter - DEBUG - SelectorIOServicesAdapter.set_writer(13, <bound method _AsyncSocketConnector._on_writable of <pika.adapters.utils.io_services_utils._AsyncSocketConnector object at 0x7c8f581397f0>>)
2025-05-01 19:31:27,588 - pika.adapters.utils.selector_ioloop_adapter - DEBUG - set_writer(13, _) added handler Wr
2025-05-01 19:31:27,589 - pika.adapters.utils.io_services_utils - DEBUG - Connection-establishment is in progress for <socket.socket fd=13, family=10, type=1, proto=6, laddr=('::1', 40650, 0, 0), raddr=('::1', 5672, 0, 0)>.
2025-05-01 19:31:27,589 - pika.adapters.utils.io_services_utils - INFO - Socket connected: <socket.socket fd=13, family=10, type=1, proto=6, laddr=('::1', 40650, 0, 0), raddr=('::1', 5672, 0, 0)>
2025-05-01 19:31:27,589 - pika.adapters.utils.io_services_utils - DEBUG - _AsyncSocketConnector._report_completion(None); <socket.socket fd=13, family=10, type=1, proto=6, laddr=('::1', 40650, 0, 0), raddr=('::1', 5672, 0, 0)>
2025-05-01 19:31:27,589 - pika.adapters.utils.selector_ioloop_adapter - DEBUG - SelectorIOServicesAdapter.remove_writer(13)
2025-05-01 19:31:27,589 - pika.adapters.utils.selector_ioloop_adapter - DEBUG - remove_writer(13) removed handler
2025-05-01 19:31:27,589 - pika.adapters.select_connection - DEBUG - remove_timeout: removing timeout <pika.adapters.select_connection._Timeout object at 0x7c8f586b6290> with deadline=68333.378025547 and callback=<bound method AMQPConnector._on_tcp_connection_timeout of <pika.adapters.utils.connection_workflow.AMQPConnector object at 0x7c8f58139400>>
2025-05-01 19:31:27,589 - pika.adapters.utils.connection_workflow - DEBUG - TCP connection to broker established: <socket.socket fd=13, family=10, type=1, proto=6, laddr=('::1', 40650, 0, 0), raddr=('::1', 5672, 0, 0)>.
2025-05-01 19:31:27,590 - pika.adapters.utils.io_services_utils - DEBUG - _AsyncStreamConnector.start(); <socket.socket fd=13, family=10, type=1, proto=6, laddr=('::1', 40650, 0, 0), raddr=('::1', 5672, 0, 0)>
2025-05-01 19:31:27,590 - pika.adapters.select_connection - DEBUG - add_callback_threadsafe: added callback=<bound method _AsyncStreamConnector._start_async of <pika.adapters.utils.io_services_utils._AsyncStreamConnector object at 0x7c8f58139160>>
2025-05-01 19:31:27,590 - pika.adapters.select_connection - DEBUG - process_timeouts: invoking callback=<bound method _AsyncStreamConnector._start_async of <pika.adapters.utils.io_services_utils._AsyncStreamConnector object at 0x7c8f58139160>>
2025-05-01 19:31:27,590 - pika.adapters.utils.io_services_utils - DEBUG - _AsyncStreamConnector._start_async(); <socket.socket fd=13, family=10, type=1, proto=6, laddr=('::1', 40650, 0, 0), raddr=('::1', 5672, 0, 0)>
2025-05-01 19:31:27,590 - pika.adapters.utils.io_services_utils - DEBUG - _AsyncStreamConnector._linkup()
2025-05-01 19:31:27,590 - pika.connection - DEBUG - New Connection state: CLOSED (prev=CLOSED)
2025-05-01 19:31:27,590 - pika.callback - DEBUG - Added: {'callback': <bound method Connection._on_connection_start of <SelectConnection CLOSED transport=None params=<ConnectionParameters host=localhost port=5672 virtual_host=/ ssl=False>>>, 'one_shot': True, 'only': None, 'arguments': None, 'calls': 1}
2025-05-01 19:31:27,591 - pika.callback - DEBUG - Added: {'callback': <bound method Connection._on_connection_close_from_broker of <SelectConnection CLOSED transport=None params=<ConnectionParameters host=localhost port=5672 virtual_host=/ ssl=False>>>, 'one_shot': True, 'only': None, 'arguments': None, 'calls': 1}
2025-05-01 19:31:27,591 - pika.callback - DEBUG - Added: {'callback': <bound method Connection._default_on_connection_error of <SelectConnection CLOSED transport=None params=<ConnectionParameters host=localhost port=5672 virtual_host=/ ssl=False>>>, 'one_shot': False, 'only': None, 'arguments': None}
2025-05-01 19:31:27,591 - pika.connection - DEBUG - New Connection state: INIT (prev=CLOSED)
2025-05-01 19:31:27,591 - pika.connection - DEBUG - Using external connection workflow.
2025-05-01 19:31:27,591 - pika.adapters.utils.io_services_utils - DEBUG - _AsyncTransportBase.__init__: <socket.socket fd=13, family=10, type=1, proto=6, laddr=('::1', 40650, 0, 0), raddr=('::1', 5672, 0, 0)>
2025-05-01 19:31:27,591 - pika.adapters.utils.selector_ioloop_adapter - DEBUG - SelectorIOServicesAdapter.set_reader(13, <bound method _AsyncPlaintextTransport._on_socket_readable of <pika.adapters.utils.io_services_utils._AsyncPlaintextTransport object at 0x7c8f58139a90>>)
2025-05-01 19:31:27,591 - pika.adapters.utils.selector_ioloop_adapter - DEBUG - set_reader(13, _) added handler Rd
2025-05-01 19:31:27,591 - pika.adapters.utils.io_services_utils - DEBUG - _linkup(): created transport <pika.adapters.utils.io_services_utils._AsyncPlaintextTransport object at 0x7c8f58139a90>
2025-05-01 19:31:27,591 - pika.connection - DEBUG - New Connection state: PROTOCOL (prev=INIT)
2025-05-01 19:31:27,592 - pika.adapters.utils.selector_ioloop_adapter - DEBUG - SelectorIOServicesAdapter.set_writer(13, <bound method _AsyncPlaintextTransport._on_socket_writable of <pika.adapters.utils.io_services_utils._AsyncPlaintextTransport object at 0x7c8f58139a90>>)
2025-05-01 19:31:27,592 - pika.adapters.utils.selector_ioloop_adapter - DEBUG - set_writer(13, _) updated handler RdWr
2025-05-01 19:31:27,592 - pika.adapters.utils.io_services_utils - DEBUG - Turned on writability watcher: <socket.socket fd=13, family=10, type=1, proto=6, laddr=('::1', 40650, 0, 0), raddr=('::1', 5672, 0, 0)>
2025-05-01 19:31:27,592 - pika.adapters.utils.io_services_utils - DEBUG - _linkup(): introduced transport to protocol <pika.adapters.utils.io_services_utils._AsyncPlaintextTransport object at 0x7c8f58139a90>; _StreamingProtocolShim: <SelectConnection PROTOCOL transport=<pika.adapters.utils.io_services_utils._AsyncPlaintextTransport object at 0x7c8f58139a90> params=<ConnectionParameters host=localhost port=5672 virtual_host=/ ssl=False>>
2025-05-01 19:31:27,592 - pika.adapters.utils.io_services_utils - DEBUG - _AsyncStreamConnector._report_completion((<pika.adapters.utils.io_services_utils._AsyncPlaintextTransport object at 0x7c8f58139a90>, _StreamingProtocolShim: <SelectConnection PROTOCOL transport=<pika.adapters.utils.io_services_utils._AsyncPlaintextTransport object at 0x7c8f58139a90> params=<ConnectionParameters host=localhost port=5672 virtual_host=/ ssl=False>>)); <socket.socket fd=13, family=10, type=1, proto=6, laddr=('::1', 40650, 0, 0), raddr=('::1', 5672, 0, 0)>
2025-05-01 19:31:27,592 - pika.adapters.utils.connection_workflow - INFO - Streaming transport linked up: (<pika.adapters.utils.io_services_utils._AsyncPlaintextTransport object at 0x7c8f58139a90>, _StreamingProtocolShim: <SelectConnection PROTOCOL transport=<pika.adapters.utils.io_services_utils._AsyncPlaintextTransport object at 0x7c8f58139a90> params=<ConnectionParameters host=localhost port=5672 virtual_host=/ ssl=False>>).
2025-05-01 19:31:27,592 - pika.callback - DEBUG - Removing callback #0: {'callback': <bound method Connection._default_on_connection_error of <SelectConnection PROTOCOL transport=<pika.adapters.utils.io_services_utils._AsyncPlaintextTransport object at 0x7c8f58139a90> params=<ConnectionParameters host=localhost port=5672 virtual_host=/ ssl=False>>>, 'one_shot': False, 'only': None, 'arguments': None}
2025-05-01 19:31:27,592 - pika.callback - DEBUG - Added: {'callback': <bound method AMQPConnector._on_amqp_handshake_done of <pika.adapters.utils.connection_workflow.AMQPConnector object at 0x7c8f58139400>>, 'one_shot': False, 'only': None, 'arguments': None}
2025-05-01 19:31:27,592 - pika.callback - DEBUG - Added: {'callback': <bound method AMQPConnector._on_amqp_handshake_done of <pika.adapters.utils.connection_workflow.AMQPConnector object at 0x7c8f58139400>>, 'one_shot': False, 'only': None, 'arguments': None}
2025-05-01 19:31:27,593 - pika.adapters.utils.io_services_utils - DEBUG - _AsyncStreamConnector._cleanup(False)
2025-05-01 19:31:27,593 - pika.adapters.utils.selector_ioloop_adapter - DEBUG - SelectorIOServicesAdapter.remove_writer(13)
2025-05-01 19:31:27,594 - pika.adapters.utils.selector_ioloop_adapter - DEBUG - remove_writer(13) updated handler Rd
2025-05-01 19:31:27,594 - pika.adapters.utils.io_services_utils - DEBUG - Turned off writability watcher: <socket.socket fd=13, family=10, type=1, proto=6, laddr=('::1', 40650, 0, 0), raddr=('::1', 5672, 0, 0)>
2025-05-01 19:31:27,596 - pika.callback - DEBUG - Processing 0:Connection.Start
2025-05-01 19:31:27,596 - pika.callback - DEBUG - Processing use of oneshot callback
2025-05-01 19:31:27,596 - pika.callback - DEBUG - 0 registered uses left
2025-05-01 19:31:27,596 - pika.callback - DEBUG - Removing callback #0: {'callback': <bound method Connection._on_connection_start of <SelectConnection PROTOCOL transport=<pika.adapters.utils.io_services_utils._AsyncPlaintextTransport object at 0x7c8f58139a90> params=<ConnectionParameters host=localhost port=5672 virtual_host=/ ssl=False>>>, 'one_shot': True, 'only': None, 'arguments': None, 'calls': 0}
2025-05-01 19:31:27,597 - pika.callback - DEBUG - Calling <bound method Connection._on_connection_start of <SelectConnection PROTOCOL transport=<pika.adapters.utils.io_services_utils._AsyncPlaintextTransport object at 0x7c8f58139a90> params=<ConnectionParameters host=localhost port=5672 virtual_host=/ ssl=False>>> for "0:Connection.Start"
2025-05-01 19:31:27,597 - pika.connection - DEBUG - New Connection state: START (prev=PROTOCOL)
2025-05-01 19:31:27,597 - pika.callback - DEBUG - Added: {'callback': <bound method Connection._on_connection_tune of <SelectConnection START transport=<pika.adapters.utils.io_services_utils._AsyncPlaintextTransport object at 0x7c8f58139a90> params=<ConnectionParameters host=localhost port=5672 virtual_host=/ ssl=False>>>, 'one_shot': True, 'only': None, 'arguments': None, 'calls': 1}
2025-05-01 19:31:27,598 - pika.adapters.utils.selector_ioloop_adapter - DEBUG - SelectorIOServicesAdapter.set_writer(13, <bound method _AsyncPlaintextTransport._on_socket_writable of <pika.adapters.utils.io_services_utils._AsyncPlaintextTransport object at 0x7c8f58139a90>>)
2025-05-01 19:31:27,598 - pika.adapters.utils.selector_ioloop_adapter - DEBUG - set_writer(13, _) updated handler RdWr
2025-05-01 19:31:27,598 - pika.adapters.utils.io_services_utils - DEBUG - Turned on writability watcher: <socket.socket fd=13, family=10, type=1, proto=6, laddr=('::1', 40650, 0, 0), raddr=('::1', 5672, 0, 0)>
2025-05-01 19:31:27,598 - pika.adapters.utils.io_services_utils - DEBUG - Recv would block on <socket.socket fd=13, family=10, type=1, proto=6, laddr=('::1', 40650, 0, 0), raddr=('::1', 5672, 0, 0)>
2025-05-01 19:31:27,598 - pika.adapters.utils.selector_ioloop_adapter - DEBUG - SelectorIOServicesAdapter.remove_writer(13)
2025-05-01 19:31:27,598 - pika.adapters.utils.selector_ioloop_adapter - DEBUG - remove_writer(13) updated handler Rd
2025-05-01 19:31:27,599 - pika.adapters.utils.io_services_utils - DEBUG - Turned off writability watcher: <socket.socket fd=13, family=10, type=1, proto=6, laddr=('::1', 40650, 0, 0), raddr=('::1', 5672, 0, 0)>
2025-05-01 19:31:27,599 - pika.callback - DEBUG - Processing 0:Connection.Tune
2025-05-01 19:31:27,599 - pika.callback - DEBUG - Processing use of oneshot callback
2025-05-01 19:31:27,599 - pika.callback - DEBUG - 0 registered uses left
2025-05-01 19:31:27,599 - pika.callback - DEBUG - Removing callback #0: {'callback': <bound method Connection._on_connection_tune of <SelectConnection START transport=<pika.adapters.utils.io_services_utils._AsyncPlaintextTransport object at 0x7c8f58139a90> params=<ConnectionParameters host=localhost port=5672 virtual_host=/ ssl=False>>>, 'one_shot': True, 'only': None, 'arguments': None, 'calls': 0}
2025-05-01 19:31:27,600 - pika.callback - DEBUG - Calling <bound method Connection._on_connection_tune of <SelectConnection START transport=<pika.adapters.utils.io_services_utils._AsyncPlaintextTransport object at 0x7c8f58139a90> params=<ConnectionParameters host=localhost port=5672 virtual_host=/ ssl=False>>> for "0:Connection.Tune"
2025-05-01 19:31:27,600 - pika.connection - DEBUG - New Connection state: TUNE (prev=START)
2025-05-01 19:31:27,600 - pika.connection - DEBUG - Creating a HeartbeatChecker: 60
2025-05-01 19:31:27,600 - pika.heartbeat - DEBUG - timeout: 60.000000 send_interval: 30.000000 check_interval: 65.000000
2025-05-01 19:31:27,600 - pika.adapters.select_connection - DEBUG - call_later: added timeout <pika.adapters.select_connection._Timeout object at 0x7c8f58a8cdf0> with deadline=68353.391068481 and callback=<bound method HeartbeatChecker._send_heartbeat of <pika.heartbeat.HeartbeatChecker object at 0x7c8f58139be0>>; now=68323.391068481; delay=30.0
2025-05-01 19:31:27,600 - pika.adapters.select_connection - DEBUG - call_later: added timeout <pika.adapters.select_connection._Timeout object at 0x7c8f586b6980> with deadline=68388.391168434 and callback=<bound method HeartbeatChecker._check_heartbeat of <pika.heartbeat.HeartbeatChecker object at 0x7c8f58139be0>>; now=68323.391168434; delay=65
2025-05-01 19:31:27,600 - pika.adapters.utils.selector_ioloop_adapter - DEBUG - SelectorIOServicesAdapter.set_writer(13, <bound method _AsyncPlaintextTransport._on_socket_writable of <pika.adapters.utils.io_services_utils._AsyncPlaintextTransport object at 0x7c8f58139a90>>)
2025-05-01 19:31:27,600 - pika.adapters.utils.selector_ioloop_adapter - DEBUG - set_writer(13, _) updated handler RdWr
2025-05-01 19:31:27,600 - pika.adapters.utils.io_services_utils - DEBUG - Turned on writability watcher: <socket.socket fd=13, family=10, type=1, proto=6, laddr=('::1', 40650, 0, 0), raddr=('::1', 5672, 0, 0)>
2025-05-01 19:31:27,601 - pika.callback - DEBUG - Added: {'callback': <bound method Connection._on_connection_open_ok of <SelectConnection TUNE transport=<pika.adapters.utils.io_services_utils._AsyncPlaintextTransport object at 0x7c8f58139a90> params=<ConnectionParameters host=localhost port=5672 virtual_host=/ ssl=False>>>, 'one_shot': True, 'only': None, 'arguments': None, 'calls': 1}
2025-05-01 19:31:27,601 - pika.adapters.utils.io_services_utils - DEBUG - Recv would block on <socket.socket fd=13, family=10, type=1, proto=6, laddr=('::1', 40650, 0, 0), raddr=('::1', 5672, 0, 0)>
2025-05-01 19:31:27,601 - pika.adapters.utils.selector_ioloop_adapter - DEBUG - SelectorIOServicesAdapter.remove_writer(13)
2025-05-01 19:31:27,601 - pika.adapters.utils.selector_ioloop_adapter - DEBUG - remove_writer(13) updated handler Rd
2025-05-01 19:31:27,602 - pika.adapters.utils.io_services_utils - DEBUG - Turned off writability watcher: <socket.socket fd=13, family=10, type=1, proto=6, laddr=('::1', 40650, 0, 0), raddr=('::1', 5672, 0, 0)>
2025-05-01 19:31:27,602 - pika.callback - DEBUG - Processing 0:Connection.OpenOk
2025-05-01 19:31:27,602 - pika.callback - DEBUG - Processing use of oneshot callback
2025-05-01 19:31:27,602 - pika.callback - DEBUG - 0 registered uses left
2025-05-01 19:31:27,602 - pika.callback - DEBUG - Removing callback #0: {'callback': <bound method Connection._on_connection_open_ok of <SelectConnection TUNE transport=<pika.adapters.utils.io_services_utils._AsyncPlaintextTransport object at 0x7c8f58139a90> params=<ConnectionParameters host=localhost port=5672 virtual_host=/ ssl=False>>>, 'one_shot': True, 'only': None, 'arguments': None, 'calls': 0}
2025-05-01 19:31:27,602 - pika.callback - DEBUG - Calling <bound method Connection._on_connection_open_ok of <SelectConnection TUNE transport=<pika.adapters.utils.io_services_utils._AsyncPlaintextTransport object at 0x7c8f58139a90> params=<ConnectionParameters host=localhost port=5672 virtual_host=/ ssl=False>>> for "0:Connection.OpenOk"
2025-05-01 19:31:27,603 - pika.connection - DEBUG - New Connection state: OPEN (prev=TUNE)
2025-05-01 19:31:27,603 - pika.callback - DEBUG - Processing 0:_on_connection_open_ok
2025-05-01 19:31:27,603 - pika.callback - DEBUG - Calling <bound method AMQPConnector._on_amqp_handshake_done of <pika.adapters.utils.connection_workflow.AMQPConnector object at 0x7c8f58139400>> for "0:_on_connection_open_ok"
2025-05-01 19:31:27,603 - pika.adapters.utils.connection_workflow - DEBUG - AMQPConnector: AMQP handshake attempt completed; state=3; error=None; 'localhost'/(<AddressFamily.AF_INET6: 10>, <SocketKind.SOCK_STREAM: 1>, 6, '', ('::1', 5672, 0, 0))
2025-05-01 19:31:27,603 - pika.adapters.utils.connection_workflow - DEBUG - AMQPConnector: AMQP connection established for 'localhost'/(<AddressFamily.AF_INET6: 10>, <SocketKind.SOCK_STREAM: 1>, 6, '', ('::1', 5672, 0, 0)): <SelectConnection OPEN transport=<pika.adapters.utils.io_services_utils._AsyncPlaintextTransport object at 0x7c8f58139a90> params=<ConnectionParameters host=localhost port=5672 virtual_host=/ ssl=False>>
2025-05-01 19:31:27,603 - pika.adapters.utils.connection_workflow - INFO - AMQPConnector - reporting success: <SelectConnection OPEN transport=<pika.adapters.utils.io_services_utils._AsyncPlaintextTransport object at 0x7c8f58139a90> params=<ConnectionParameters host=localhost port=5672 virtual_host=/ ssl=False>>
2025-05-01 19:31:27,603 - pika.adapters.select_connection - DEBUG - remove_timeout: removing timeout <pika.adapters.select_connection._Timeout object at 0x7c8f5812de10> with deadline=68338.378132517 and callback=<bound method AMQPConnector._on_overall_timeout of <pika.adapters.utils.connection_workflow.AMQPConnector object at 0x7c8f58139400>>
2025-05-01 19:31:27,603 - pika.adapters.utils.connection_workflow - DEBUG - Connection attempt completed with <SelectConnection OPEN transport=<pika.adapters.utils.io_services_utils._AsyncPlaintextTransport object at 0x7c8f58139a90> params=<ConnectionParameters host=localhost port=5672 virtual_host=/ ssl=False>>
2025-05-01 19:31:27,603 - pika.adapters.utils.connection_workflow - INFO - AMQPConnectionWorkflow - reporting success: <SelectConnection OPEN transport=<pika.adapters.utils.io_services_utils._AsyncPlaintextTransport object at 0x7c8f58139a90> params=<ConnectionParameters host=localhost port=5672 virtual_host=/ ssl=False>>
2025-05-01 19:31:27,603 - pika.adapters.utils.io_services_utils - DEBUG - Recv would block on <socket.socket fd=13, family=10, type=1, proto=6, laddr=('::1', 40650, 0, 0), raddr=('::1', 5672, 0, 0)>
2025-05-01 19:31:27,604 - pika.adapters.blocking_connection - INFO - Connection workflow succeeded: <SelectConnection OPEN transport=<pika.adapters.utils.io_services_utils._AsyncPlaintextTransport object at 0x7c8f58139a90> params=<ConnectionParameters host=localhost port=5672 virtual_host=/ ssl=False>>
2025-05-01 19:31:27,604 - pika.callback - DEBUG - Added: {'callback': <bound method _CallbackResult.set_value_once of <pika.adapters.blocking_connection._CallbackResult object at 0x7c8f58bf6c80>>, 'one_shot': False, 'only': None, 'arguments': None}
2025-05-01 19:31:27,604 - pika.connection - DEBUG - Creating channel 1
2025-05-01 19:31:27,604 - pika.callback - DEBUG - Added: {'callback': <bound method Connection._on_channel_cleanup of <SelectConnection OPEN transport=<pika.adapters.utils.io_services_utils._AsyncPlaintextTransport object at 0x7c8f58139a90> params=<ConnectionParameters host=localhost port=5672 virtual_host=/ ssl=False>>>, 'one_shot': True, 'only': <Channel number=1 CLOSED conn=<SelectConnection OPEN transport=<pika.adapters.utils.io_services_utils._AsyncPlaintextTransport object at 0x7c8f58139a90> params=<ConnectionParameters host=localhost port=5672 virtual_host=/ ssl=False>>>, 'arguments': None, 'calls': 1}
2025-05-01 19:31:27,604 - pika.callback - DEBUG - Added: {'callback': <bound method Channel._on_getempty of <Channel number=1 OPENING conn=<SelectConnection OPEN transport=<pika.adapters.utils.io_services_utils._AsyncPlaintextTransport object at 0x7c8f58139a90> params=<ConnectionParameters host=localhost port=5672 virtual_host=/ ssl=False>>>>, 'one_shot': False, 'only': None, 'arguments': None}
2025-05-01 19:31:27,604 - pika.callback - DEBUG - Added: {'callback': <bound method Channel._on_cancel of <Channel number=1 OPENING conn=<SelectConnection OPEN transport=<pika.adapters.utils.io_services_utils._AsyncPlaintextTransport object at 0x7c8f58139a90> params=<ConnectionParameters host=localhost port=5672 virtual_host=/ ssl=False>>>>, 'one_shot': False, 'only': None, 'arguments': None}
2025-05-01 19:31:27,604 - pika.callback - DEBUG - Added: {'callback': <bound method Channel._on_flow of <Channel number=1 OPENING conn=<SelectConnection OPEN transport=<pika.adapters.utils.io_services_utils._AsyncPlaintextTransport object at 0x7c8f58139a90> params=<ConnectionParameters host=localhost port=5672 virtual_host=/ ssl=False>>>>, 'one_shot': False, 'only': None, 'arguments': None}
2025-05-01 19:31:27,604 - pika.callback - DEBUG - Added: {'callback': <bound method Channel._on_close_from_broker of <Channel number=1 OPENING conn=<SelectConnection OPEN transport=<pika.adapters.utils.io_services_utils._AsyncPlaintextTransport object at 0x7c8f58139a90> params=<ConnectionParameters host=localhost port=5672 virtual_host=/ ssl=False>>>>, 'one_shot': True, 'only': None, 'arguments': None, 'calls': 1}
2025-05-01 19:31:27,604 - pika.adapters.utils.selector_ioloop_adapter - DEBUG - SelectorIOServicesAdapter.set_writer(13, <bound method _AsyncPlaintextTransport._on_socket_writable of <pika.adapters.utils.io_services_utils._AsyncPlaintextTransport object at 0x7c8f58139a90>>)
2025-05-01 19:31:27,605 - pika.adapters.utils.selector_ioloop_adapter - DEBUG - set_writer(13, _) updated handler RdWr
2025-05-01 19:31:27,605 - pika.adapters.utils.io_services_utils - DEBUG - Turned on writability watcher: <socket.socket fd=13, family=10, type=1, proto=6, laddr=('::1', 40650, 0, 0), raddr=('::1', 5672, 0, 0)>
2025-05-01 19:31:27,605 - pika.channel - DEBUG - Entering blocking state on frame <Channel.Open(['out_of_band='])>; acceptable_replies=[<class 'pika.spec.Channel.OpenOk'>]
2025-05-01 19:31:27,605 - pika.channel - DEBUG - Adding on_synchronous_complete callback
2025-05-01 19:31:27,605 - pika.callback - DEBUG - Added: {'callback': <bound method Channel._on_synchronous_complete of <Channel number=1 OPENING conn=<SelectConnection OPEN transport=<pika.adapters.utils.io_services_utils._AsyncPlaintextTransport object at 0x7c8f58139a90> params=<ConnectionParameters host=localhost port=5672 virtual_host=/ ssl=False>>>>, 'one_shot': True, 'only': None, 'arguments': None, 'calls': 1}
2025-05-01 19:31:27,605 - pika.channel - DEBUG - Adding passed-in RPC response callback
2025-05-01 19:31:27,605 - pika.callback - DEBUG - Added: {'callback': <bound method Channel._on_openok of <Channel number=1 OPENING conn=<SelectConnection OPEN transport=<pika.adapters.utils.io_services_utils._AsyncPlaintextTransport object at 0x7c8f58139a90> params=<ConnectionParameters host=localhost port=5672 virtual_host=/ ssl=False>>>>, 'one_shot': True, 'only': None, 'arguments': None, 'calls': 1}
2025-05-01 19:31:27,605 - pika.callback - DEBUG - Added: {'callback': <bound method BlockingChannel._on_consumer_cancelled_by_broker of <BlockingChannel impl=<Channel number=1 OPENING conn=<SelectConnection OPEN transport=<pika.adapters.utils.io_services_utils._AsyncPlaintextTransport object at 0x7c8f58139a90> params=<ConnectionParameters host=localhost port=5672 virtual_host=/ ssl=False>>>>>, 'one_shot': False, 'only': None, 'arguments': None}
2025-05-01 19:31:27,605 - pika.callback - DEBUG - Added: {'callback': <bound method _CallbackResult.signal_once of <pika.adapters.blocking_connection._CallbackResult object at 0x7c8f5815d1c0>>, 'one_shot': False, 'only': None, 'arguments': None}
2025-05-01 19:31:27,605 - pika.callback - DEBUG - Added: {'callback': <bound method BlockingChannel._on_channel_closed of <BlockingChannel impl=<Channel number=1 OPENING conn=<SelectConnection OPEN transport=<pika.adapters.utils.io_services_utils._AsyncPlaintextTransport object at 0x7c8f58139a90> params=<ConnectionParameters host=localhost port=5672 virtual_host=/ ssl=False>>>>>, 'one_shot': False, 'only': <Channel number=1 OPENING conn=<SelectConnection OPEN transport=<pika.adapters.utils.io_services_utils._AsyncPlaintextTransport object at 0x7c8f58139a90> params=<ConnectionParameters host=localhost port=5672 virtual_host=/ ssl=False>>>, 'arguments': None}
2025-05-01 19:31:27,605 - pika.callback - DEBUG - Added: {'callback': <bound method _CallbackResult.set_value_once of <pika.adapters.blocking_connection._CallbackResult object at 0x7c8f5815d240>>, 'one_shot': False, 'only': None, 'arguments': None}
2025-05-01 19:31:27,605 - pika.adapters.blocking_connection - INFO - Created channel=1
2025-05-01 19:31:27,606 - pika.adapters.utils.selector_ioloop_adapter - DEBUG - SelectorIOServicesAdapter.remove_writer(13)
2025-05-01 19:31:27,606 - pika.adapters.utils.selector_ioloop_adapter - DEBUG - remove_writer(13) updated handler Rd
2025-05-01 19:31:27,606 - pika.adapters.utils.io_services_utils - DEBUG - Turned off writability watcher: <socket.socket fd=13, family=10, type=1, proto=6, laddr=('::1', 40650, 0, 0), raddr=('::1', 5672, 0, 0)>
2025-05-01 19:31:27,607 - pika.callback - DEBUG - Processing 1:Channel.OpenOk
2025-05-01 19:31:27,607 - pika.callback - DEBUG - Processing use of oneshot callback
2025-05-01 19:31:27,607 - pika.callback - DEBUG - 0 registered uses left
2025-05-01 19:31:27,608 - pika.callback - DEBUG - Removing callback #0: {'callback': <bound method Channel._on_synchronous_complete of <Channel number=1 OPENING conn=<SelectConnection OPEN transport=<pika.adapters.utils.io_services_utils._AsyncPlaintextTransport object at 0x7c8f58139a90> params=<ConnectionParameters host=localhost port=5672 virtual_host=/ ssl=False>>>>, 'one_shot': True, 'only': None, 'arguments': None, 'calls': 0}
2025-05-01 19:31:27,608 - pika.callback - DEBUG - Processing use of oneshot callback
2025-05-01 19:31:27,608 - pika.callback - DEBUG - 0 registered uses left
2025-05-01 19:31:27,608 - pika.callback - DEBUG - Removing callback #0: {'callback': <bound method Channel._on_openok of <Channel number=1 OPENING conn=<SelectConnection OPEN transport=<pika.adapters.utils.io_services_utils._AsyncPlaintextTransport object at 0x7c8f58139a90> params=<ConnectionParameters host=localhost port=5672 virtual_host=/ ssl=False>>>>, 'one_shot': True, 'only': None, 'arguments': None, 'calls': 0}
2025-05-01 19:31:27,608 - pika.callback - DEBUG - Calling <bound method Channel._on_synchronous_complete of <Channel number=1 OPENING conn=<SelectConnection OPEN transport=<pika.adapters.utils.io_services_utils._AsyncPlaintextTransport object at 0x7c8f58139a90> params=<ConnectionParameters host=localhost port=5672 virtual_host=/ ssl=False>>>> for "1:Channel.OpenOk"
2025-05-01 19:31:27,609 - pika.channel - DEBUG - 0 blocked frames
2025-05-01 19:31:27,609 - pika.callback - DEBUG - Calling <bound method Channel._on_openok of <Channel number=1 OPENING conn=<SelectConnection OPEN transport=<pika.adapters.utils.io_services_utils._AsyncPlaintextTransport object at 0x7c8f58139a90> params=<ConnectionParameters host=localhost port=5672 virtual_host=/ ssl=False>>>> for "1:Channel.OpenOk"
2025-05-01 19:31:27,609 - pika.adapters.utils.io_services_utils - DEBUG - Recv would block on <socket.socket fd=13, family=10, type=1, proto=6, laddr=('::1', 40650, 0, 0), raddr=('::1', 5672, 0, 0)>
2025-05-01 19:31:27,609 - pika.adapters.utils.selector_ioloop_adapter - DEBUG - SelectorIOServicesAdapter.set_writer(13, <bound method _AsyncPlaintextTransport._on_socket_writable of <pika.adapters.utils.io_services_utils._AsyncPlaintextTransport object at 0x7c8f58139a90>>)
2025-05-01 19:31:27,609 - pika.adapters.utils.selector_ioloop_adapter - DEBUG - set_writer(13, _) updated handler RdWr
2025-05-01 19:31:27,609 - pika.adapters.utils.io_services_utils - DEBUG - Turned on writability watcher: <socket.socket fd=13, family=10, type=1, proto=6, laddr=('::1', 40650, 0, 0), raddr=('::1', 5672, 0, 0)>
2025-05-01 19:31:27,610 - pika.channel - DEBUG - Entering blocking state on frame <Queue.Declare(['arguments={}', 'auto_delete=False', 'durable=False', 'exclusive=False', 'nowait=False', 'passive=False', 'queue=sums', 'ticket=0'])>; acceptable_replies=[(<class 'pika.spec.Queue.DeclareOk'>, {'queue': 'sums'})]
2025-05-01 19:31:27,610 - pika.channel - DEBUG - Adding on_synchronous_complete callback
2025-05-01 19:31:27,610 - pika.callback - DEBUG - Added: {'callback': <bound method Channel._on_synchronous_complete of <Channel number=1 OPEN conn=<SelectConnection OPEN transport=<pika.adapters.utils.io_services_utils._AsyncPlaintextTransport object at 0x7c8f58139a90> params=<ConnectionParameters host=localhost port=5672 virtual_host=/ ssl=False>>>>, 'one_shot': True, 'only': None, 'arguments': {'queue': 'sums'}, 'calls': 1}
2025-05-01 19:31:27,610 - pika.channel - DEBUG - Adding passed-in RPC response callback
2025-05-01 19:31:27,610 - pika.callback - DEBUG - Added: {'callback': <bound method _CallbackResult.set_value_once of <pika.adapters.blocking_connection._CallbackResult object at 0x7c8f581361c0>>, 'one_shot': True, 'only': None, 'arguments': {'queue': 'sums'}, 'calls': 1}
2025-05-01 19:31:27,610 - pika.adapters.utils.selector_ioloop_adapter - DEBUG - SelectorIOServicesAdapter.remove_writer(13)
2025-05-01 19:31:27,611 - pika.adapters.utils.selector_ioloop_adapter - DEBUG - remove_writer(13) updated handler Rd
2025-05-01 19:31:27,611 - pika.adapters.utils.io_services_utils - DEBUG - Turned off writability watcher: <socket.socket fd=13, family=10, type=1, proto=6, laddr=('::1', 40650, 0, 0), raddr=('::1', 5672, 0, 0)>
2025-05-01 19:31:27,612 - pika.callback - DEBUG - Processing 1:Queue.DeclareOk
2025-05-01 19:31:27,613 - pika.callback - DEBUG - Processing use of oneshot callback
2025-05-01 19:31:27,613 - pika.callback - DEBUG - 0 registered uses left
2025-05-01 19:31:27,613 - pika.callback - DEBUG - Comparing {'queue': 'sums'} to {'queue': 'sums'}
2025-05-01 19:31:27,614 - pika.callback - DEBUG - Removing callback #0: {'callback': <bound method Channel._on_synchronous_complete of <Channel number=1 OPEN conn=<SelectConnection OPEN transport=<pika.adapters.utils.io_services_utils._AsyncPlaintextTransport object at 0x7c8f58139a90> params=<ConnectionParameters host=localhost port=5672 virtual_host=/ ssl=False>>>>, 'one_shot': True, 'only': None, 'arguments': {'queue': 'sums'}, 'calls': 0}
2025-05-01 19:31:27,614 - pika.callback - DEBUG - Processing use of oneshot callback
2025-05-01 19:31:27,614 - pika.callback - DEBUG - 0 registered uses left
2025-05-01 19:31:27,614 - pika.callback - DEBUG - Comparing {'queue': 'sums'} to {'queue': 'sums'}
2025-05-01 19:31:27,615 - pika.callback - DEBUG - Removing callback #0: {'callback': <bound method _CallbackResult.set_value_once of <pika.adapters.blocking_connection._CallbackResult object at 0x7c8f581361c0>>, 'one_shot': True, 'only': None, 'arguments': {'queue': 'sums'}, 'calls': 0}
2025-05-01 19:31:27,615 - pika.callback - DEBUG - Calling <bound method Channel._on_synchronous_complete of <Channel number=1 OPEN conn=<SelectConnection OPEN transport=<pika.adapters.utils.io_services_utils._AsyncPlaintextTransport object at 0x7c8f58139a90> params=<ConnectionParameters host=localhost port=5672 virtual_host=/ ssl=False>>>> for "1:Queue.DeclareOk"
2025-05-01 19:31:27,615 - pika.channel - DEBUG - 0 blocked frames
2025-05-01 19:31:27,615 - pika.callback - DEBUG - Calling <bound method _CallbackResult.set_value_once of <pika.adapters.blocking_connection._CallbackResult object at 0x7c8f581361c0>> for "1:Queue.DeclareOk"
2025-05-01 19:31:27,615 - pika.adapters.utils.io_services_utils - DEBUG - Recv would block on <socket.socket fd=13, family=10, type=1, proto=6, laddr=('::1', 40650, 0, 0), raddr=('::1', 5672, 0, 0)>
2025-05-01 19:31:27,615 - root - INFO - Successfully connected to RabbitMQ and declared queue sums
2025-05-01 19:31:27,616 - root - INFO - Starting outbox processor
2025-05-01 19:31:27,617 - root - INFO - Fetching pending messages from outbox
2025-05-01 19:31:27,617 - internal.adapters.database_initalizer - DEBUG - Requesting cursor via context manager
2025-05-01 19:31:27,617 - internal.adapters.database_initalizer - INFO - Successfully retrieved connection from pool
2025-05-01 19:31:27,621 - internal.adapters.database_initalizer - DEBUG - Returning connection to pool
2025-05-01 19:31:27,621 - internal.adapters.database_initalizer - INFO - Connection returned to pool
2025-05-01 19:31:27,622 - pika.adapters.utils.selector_ioloop_adapter - DEBUG - SelectorIOServicesAdapter.set_writer(13, <bound method _AsyncPlaintextTransport._on_socket_writable of <pika.adapters.utils.io_services_utils._AsyncPlaintextTransport object at 0x7c8f58139a90>>)
2025-05-01 19:31:27,622 - pika.adapters.utils.selector_ioloop_adapter - DEBUG - set_writer(13, _) updated handler RdWr
2025-05-01 19:31:27,622 - pika.adapters.utils.io_services_utils - DEBUG - Turned on writability watcher: <socket.socket fd=13, family=10, type=1, proto=6, laddr=('::1', 40650, 0, 0), raddr=('::1', 5672, 0, 0)>
2025-05-01 19:31:27,622 - pika.adapters.utils.selector_ioloop_adapter - DEBUG - SelectorIOServicesAdapter.remove_writer(13)
2025-05-01 19:31:27,623 - pika.adapters.utils.selector_ioloop_adapter - DEBUG - remove_writer(13) updated handler Rd
2025-05-01 19:31:27,623 - pika.adapters.utils.io_services_utils - DEBUG - Turned off writability watcher: <socket.socket fd=13, family=10, type=1, proto=6, laddr=('::1', 40650, 0, 0), raddr=('::1', 5672, 0, 0)>
2025-05-01 19:31:27,623 - root - INFO - Message published to queue sums
2025-05-01 19:31:27,623 - internal.adapters.database_initalizer - DEBUG - Requesting cursor via context manager
2025-05-01 19:31:27,623 - internal.adapters.database_initalizer - INFO - Successfully retrieved connection from pool
2025-05-01 19:31:27,624 - root - INFO - Row 17b79585-89ef-4458-a843-874cb4dc06f7 has been marked as processed
2025-05-01 19:31:27,627 - internal.adapters.database_initalizer - DEBUG - Returning connection to pool
2025-05-01 19:31:27,627 - internal.adapters.database_initalizer - INFO - Connection returned to pool
2025-05-01 19:31:27,627 - root - INFO - Successfully processed and published message ID 17b79585-89ef-4458-a843-874cb4dc06f7
2025-05-01 19:31:32,627 - root - INFO - Fetching pending messages from outbox
2025-05-01 19:31:32,628 - internal.adapters.database_initalizer - DEBUG - Requesting cursor via context manager
2025-05-01 19:31:32,628 - internal.adapters.database_initalizer - INFO - Successfully retrieved connection from pool
2025-05-01 19:31:32,629 - internal.adapters.database_initalizer - DEBUG - Returning connection to pool
2025-05-01 19:31:32,630 - internal.adapters.database_initalizer - INFO - Connection returned to pool
2025-05-01 19:31:32,630 - root - INFO - There are no outbox messages to be processed
2025-05-01 19:31:37,630 - root - INFO - Fetching pending messages from outbox
2025-05-01 19:31:37,630 - internal.adapters.database_initalizer - DEBUG - Requesting cursor via context manager
2025-05-01 19:31:37,630 - internal.adapters.database_initalizer - INFO - Successfully retrieved connection from pool
2025-05-01 19:31:37,631 - internal.adapters.database_initalizer - DEBUG - Returning connection to pool
2025-05-01 19:31:37,632 - internal.adapters.database_initalizer - INFO - Connection returned to pool
2025-05-01 19:31:37,632 - root - INFO - There are no outbox messages to be processed
2025-05-01 19:31:42,632 - root - INFO - Fetching pending messages from outbox
2025-05-01 19:31:42,632 - internal.adapters.database_initalizer - DEBUG - Requesting cursor via context manager
2025-05-01 19:31:42,632 - internal.adapters.database_initalizer - INFO - Successfully retrieved connection from pool
2025-05-01 19:31:42,635 - internal.adapters.database_initalizer - DEBUG - Returning connection to pool
2025-05-01 19:31:42,635 - internal.adapters.database_initalizer - INFO - Connection returned to pool
2025-05-01 19:31:42,635 - root - INFO - There are no outbox messages to be processed
2025-05-01 19:31:47,635 - root - INFO - Fetching pending messages from outbox
2025-05-01 19:31:47,635 - internal.adapters.database_initalizer - DEBUG - Requesting cursor via context manager
2025-05-01 19:31:47,636 - internal.adapters.database_initalizer - INFO - Successfully retrieved connection from pool
2025-05-01 19:31:47,640 - internal.adapters.database_initalizer - DEBUG - Returning connection to pool
2025-05-01 19:31:47,640 - internal.adapters.database_initalizer - INFO - Connection returned to pool
2025-05-01 19:31:47,641 - root - INFO - There are no outbox messages to be processed
2025-05-01 19:31:52,641 - root - INFO - Fetching pending messages from outbox
2025-05-01 19:31:52,641 - internal.adapters.database_initalizer - DEBUG - Requesting cursor via context manager
2025-05-01 19:31:52,641 - internal.adapters.database_initalizer - INFO - Successfully retrieved connection from pool
2025-05-01 19:31:52,643 - internal.adapters.database_initalizer - DEBUG - Returning connection to pool
2025-05-01 19:31:52,643 - internal.adapters.database_initalizer - INFO - Connection returned to pool
2025-05-01 19:31:52,643 - root - INFO - There are no outbox messages to be processed
2025-05-01 19:31:57,643 - root - INFO - Fetching pending messages from outbox
2025-05-01 19:31:57,643 - internal.adapters.database_initalizer - DEBUG - Requesting cursor via context manager
2025-05-01 19:31:57,644 - internal.adapters.database_initalizer - INFO - Successfully retrieved connection from pool
2025-05-01 19:31:57,648 - internal.adapters.database_initalizer - DEBUG - Returning connection to pool
2025-05-01 19:31:57,648 - internal.adapters.database_initalizer - INFO - Connection returned to pool
2025-05-01 19:31:57,649 - root - INFO - There are no outbox messages to be processed
2025-05-01 19:32:02,649 - root - INFO - Fetching pending messages from outbox
2025-05-01 19:32:02,650 - internal.adapters.database_initalizer - DEBUG - Requesting cursor via context manager
2025-05-01 19:32:02,650 - internal.adapters.database_initalizer - INFO - Successfully retrieved connection from pool
2025-05-01 19:32:02,654 - internal.adapters.database_initalizer - DEBUG - Returning connection to pool
2025-05-01 19:32:02,654 - internal.adapters.database_initalizer - INFO - Connection returned to pool
2025-05-01 19:32:02,655 - root - INFO - There are no outbox messages to be processed
2025-05-01 19:32:07,655 - root - INFO - Fetching pending messages from outbox
2025-05-01 19:32:07,655 - internal.adapters.database_initalizer - DEBUG - Requesting cursor via context manager
2025-05-01 19:32:07,655 - internal.adapters.database_initalizer - INFO - Successfully retrieved connection from pool
2025-05-01 19:32:07,657 - internal.adapters.database_initalizer - DEBUG - Returning connection to pool
2025-05-01 19:32:07,657 - internal.adapters.database_initalizer - INFO - Connection returned to pool
2025-05-01 19:32:07,657 - root - INFO - There are no outbox messages to be processed
2025-05-01 19:32:10,903 - internal.adapters.database_initalizer - DEBUG - Requesting cursor via context manager
2025-05-01 19:32:10,903 - internal.adapters.database_initalizer - INFO - Successfully retrieved connection from pool
2025-05-01 19:32:10,904 - root - INFO - Row with ID b7cc1986-e7fd-48cf-be1c-a3a75c8d16ce inserted into outbox table
2025-05-01 19:32:10,906 - internal.adapters.database_initalizer - DEBUG - Returning connection to pool
2025-05-01 19:32:10,906 - internal.adapters.database_initalizer - INFO - Connection returned to pool
2025-05-01 19:32:12,657 - root - INFO - Fetching pending messages from outbox
2025-05-01 19:32:12,657 - internal.adapters.database_initalizer - DEBUG - Requesting cursor via context manager
2025-05-01 19:32:12,657 - internal.adapters.database_initalizer - INFO - Successfully retrieved connection from pool
2025-05-01 19:32:12,659 - internal.adapters.database_initalizer - DEBUG - Returning connection to pool
2025-05-01 19:32:12,659 - internal.adapters.database_initalizer - INFO - Connection returned to pool
2025-05-01 19:32:12,660 - pika.adapters.utils.selector_ioloop_adapter - DEBUG - SelectorIOServicesAdapter.set_writer(13, <bound method _AsyncPlaintextTransport._on_socket_writable of <pika.adapters.utils.io_services_utils._AsyncPlaintextTransport object at 0x7c8f58139a90>>)
2025-05-01 19:32:12,660 - pika.adapters.utils.selector_ioloop_adapter - DEBUG - set_writer(13, _) updated handler RdWr
2025-05-01 19:32:12,660 - pika.adapters.utils.io_services_utils - DEBUG - Turned on writability watcher: <socket.socket fd=13, family=10, type=1, proto=6, laddr=('::1', 40650, 0, 0), raddr=('::1', 5672, 0, 0)>
2025-05-01 19:32:12,660 - pika.adapters.utils.selector_ioloop_adapter - DEBUG - SelectorIOServicesAdapter.remove_writer(13)
2025-05-01 19:32:12,660 - pika.adapters.utils.selector_ioloop_adapter - DEBUG - remove_writer(13) updated handler Rd
2025-05-01 19:32:12,660 - pika.adapters.utils.io_services_utils - DEBUG - Turned off writability watcher: <socket.socket fd=13, family=10, type=1, proto=6, laddr=('::1', 40650, 0, 0), raddr=('::1', 5672, 0, 0)>
2025-05-01 19:32:12,661 - pika.heartbeat - DEBUG - Received heartbeat frame
2025-05-01 19:32:12,661 - pika.adapters.utils.io_services_utils - DEBUG - Recv would block on <socket.socket fd=13, family=10, type=1, proto=6, laddr=('::1', 40650, 0, 0), raddr=('::1', 5672, 0, 0)>
2025-05-01 19:32:12,661 - pika.heartbeat - DEBUG - Sending heartbeat frame
2025-05-01 19:32:12,661 - pika.heartbeat - DEBUG - Sending heartbeat frame
2025-05-01 19:32:12,661 - pika.adapters.utils.selector_ioloop_adapter - DEBUG - SelectorIOServicesAdapter.set_writer(13, <bound method _AsyncPlaintextTransport._on_socket_writable of <pika.adapters.utils.io_services_utils._AsyncPlaintextTransport object at 0x7c8f58139a90>>)
2025-05-01 19:32:12,661 - pika.adapters.utils.selector_ioloop_adapter - DEBUG - set_writer(13, _) updated handler RdWr
2025-05-01 19:32:12,661 - pika.adapters.utils.io_services_utils - DEBUG - Turned on writability watcher: <socket.socket fd=13, family=10, type=1, proto=6, laddr=('::1', 40650, 0, 0), raddr=('::1', 5672, 0, 0)>
2025-05-01 19:32:12,661 - pika.adapters.select_connection - DEBUG - call_later: added timeout <pika.adapters.select_connection._Timeout object at 0x7c8f5812e380> with deadline=68398.452512566 and callback=<bound method HeartbeatChecker._send_heartbeat of <pika.heartbeat.HeartbeatChecker object at 0x7c8f58139be0>>; now=68368.452512566; delay=30.0
2025-05-01 19:32:12,662 - pika.adapters.utils.selector_ioloop_adapter - DEBUG - SelectorIOServicesAdapter.remove_writer(13)
2025-05-01 19:32:12,662 - pika.adapters.utils.selector_ioloop_adapter - DEBUG - remove_writer(13) updated handler Rd
2025-05-01 19:32:12,662 - pika.adapters.utils.io_services_utils - DEBUG - Turned off writability watcher: <socket.socket fd=13, family=10, type=1, proto=6, laddr=('::1', 40650, 0, 0), raddr=('::1', 5672, 0, 0)>
2025-05-01 19:32:12,662 - root - INFO - Message published to queue sums
2025-05-01 19:32:12,662 - internal.adapters.database_initalizer - DEBUG - Requesting cursor via context manager
2025-05-01 19:32:12,662 - internal.adapters.database_initalizer - INFO - Successfully retrieved connection from pool
2025-05-01 19:32:12,664 - root - INFO - Row b7cc1986-e7fd-48cf-be1c-a3a75c8d16ce has been marked as processed
2025-05-01 19:32:12,666 - internal.adapters.database_initalizer - DEBUG - Returning connection to pool
2025-05-01 19:32:12,666 - internal.adapters.database_initalizer - INFO - Connection returned to pool
2025-05-01 19:32:12,667 - root - INFO - Successfully processed and published message ID b7cc1986-e7fd-48cf-be1c-a3a75c8d16ce
2025-05-01 19:32:17,667 - root - INFO - Fetching pending messages from outbox
2025-05-01 19:32:17,667 - internal.adapters.database_initalizer - DEBUG - Requesting cursor via context manager
2025-05-01 19:32:17,667 - internal.adapters.database_initalizer - INFO - Successfully retrieved connection from pool
2025-05-01 19:32:17,670 - internal.adapters.database_initalizer - DEBUG - Returning connection to pool
2025-05-01 19:32:17,671 - internal.adapters.database_initalizer - INFO - Connection returned to pool
2025-05-01 19:32:17,671 - root - INFO - There are no outbox messages to be processed
2025-05-01 19:32:22,671 - root - INFO - Fetching pending messages from outbox
2025-05-01 19:32:22,671 - internal.adapters.database_initalizer - DEBUG - Requesting cursor via context manager
2025-05-01 19:32:22,672 - internal.adapters.database_initalizer - INFO - Successfully retrieved connection from pool
2025-05-01 19:32:22,674 - internal.adapters.database_initalizer - DEBUG - Returning connection to pool
2025-05-01 19:32:22,675 - internal.adapters.database_initalizer - INFO - Connection returned to pool
2025-05-01 19:32:22,675 - root - INFO - There are no outbox messages to be processed
2025-05-01 19:32:27,675 - root - INFO - Fetching pending messages from outbox
2025-05-01 19:32:27,675 - internal.adapters.database_initalizer - DEBUG - Requesting cursor via context manager
2025-05-01 19:32:27,675 - internal.adapters.database_initalizer - INFO - Successfully retrieved connection from pool
2025-05-01 19:32:27,676 - internal.adapters.database_initalizer - DEBUG - Returning connection to pool
2025-05-01 19:32:27,676 - internal.adapters.database_initalizer - INFO - Connection returned to pool
2025-05-01 19:32:27,677 - root - INFO - There are no outbox messages to be processed
2025-05-01 19:32:32,677 - root - INFO - Fetching pending messages from outbox
2025-05-01 19:32:32,677 - internal.adapters.database_initalizer - DEBUG - Requesting cursor via context manager
2025-05-01 19:32:32,677 - internal.adapters.database_initalizer - INFO - Successfully retrieved connection from pool
2025-05-01 19:32:32,682 - internal.adapters.database_initalizer - DEBUG - Returning connection to pool
2025-05-01 19:32:32,683 - internal.adapters.database_initalizer - INFO - Connection returned to pool
2025-05-01 19:32:32,683 - root - INFO - There are no outbox messages to be processed
2025-05-01 19:32:37,683 - root - INFO - Fetching pending messages from outbox
2025-05-01 19:32:37,683 - internal.adapters.database_initalizer - DEBUG - Requesting cursor via context manager
2025-05-01 19:32:37,683 - internal.adapters.database_initalizer - INFO - Successfully retrieved connection from pool
2025-05-01 19:32:37,685 - internal.adapters.database_initalizer - DEBUG - Returning connection to pool
2025-05-01 19:32:37,685 - internal.adapters.database_initalizer - INFO - Connection returned to pool
2025-05-01 19:32:37,685 - root - INFO - There are no outbox messages to be processed
2025-05-01 19:32:42,685 - root - INFO - Fetching pending messages from outbox
2025-05-01 19:32:42,685 - internal.adapters.database_initalizer - DEBUG - Requesting cursor via context manager
2025-05-01 19:32:42,686 - internal.adapters.database_initalizer - INFO - Successfully retrieved connection from pool
2025-05-01 19:32:42,689 - internal.adapters.database_initalizer - DEBUG - Returning connection to pool
2025-05-01 19:32:42,690 - internal.adapters.database_initalizer - INFO - Connection returned to pool
2025-05-01 19:32:42,690 - root - INFO - There are no outbox messages to be processed
2025-05-01 19:32:47,690 - root - INFO - Fetching pending messages from outbox
2025-05-01 19:32:47,690 - internal.adapters.database_initalizer - DEBUG - Requesting cursor via context manager
2025-05-01 19:32:47,690 - internal.adapters.database_initalizer - INFO - Successfully retrieved connection from pool
2025-05-01 19:32:47,692 - internal.adapters.database_initalizer - DEBUG - Returning connection to pool
2025-05-01 19:32:47,692 - internal.adapters.database_initalizer - INFO - Connection returned to pool
2025-05-01 19:32:47,692 - root - INFO - There are no outbox messages to be processed
2025-05-01 19:32:52,692 - root - INFO - Fetching pending messages from outbox
2025-05-01 19:32:52,693 - internal.adapters.database_initalizer - DEBUG - Requesting cursor via context manager
2025-05-01 19:32:52,693 - internal.adapters.database_initalizer - INFO - Successfully retrieved connection from pool
2025-05-01 19:32:52,697 - internal.adapters.database_initalizer - DEBUG - Returning connection to pool
2025-05-01 19:32:52,697 - internal.adapters.database_initalizer - INFO - Connection returned to pool
2025-05-01 19:32:52,697 - root - INFO - There are no outbox messages to be processed
2025-05-01 19:32:57,698 - root - INFO - Fetching pending messages from outbox
2025-05-01 19:32:57,698 - internal.adapters.database_initalizer - DEBUG - Requesting cursor via context manager
2025-05-01 19:32:57,698 - internal.adapters.database_initalizer - INFO - Successfully retrieved connection from pool
2025-05-01 19:32:57,700 - internal.adapters.database_initalizer - DEBUG - Returning connection to pool
2025-05-01 19:32:57,700 - internal.adapters.database_initalizer - INFO - Connection returned to pool
2025-05-01 19:32:57,700 - root - INFO - There are no outbox messages to be processed
2025-05-01 19:33:02,700 - root - INFO - Fetching pending messages from outbox
2025-05-01 19:33:02,700 - internal.adapters.database_initalizer - DEBUG - Requesting cursor via context manager
2025-05-01 19:33:02,701 - internal.adapters.database_initalizer - INFO - Successfully retrieved connection from pool
2025-05-01 19:33:02,705 - internal.adapters.database_initalizer - DEBUG - Returning connection to pool
2025-05-01 19:33:02,705 - internal.adapters.database_initalizer - INFO - Connection returned to pool
2025-05-01 19:33:02,706 - root - INFO - There are no outbox messages to be processed
2025-05-01 19:33:07,706 - root - INFO - Fetching pending messages from outbox
2025-05-01 19:33:07,706 - internal.adapters.database_initalizer - DEBUG - Requesting cursor via context manager
2025-05-01 19:33:07,706 - internal.adapters.database_initalizer - INFO - Successfully retrieved connection from pool
2025-05-01 19:33:07,710 - internal.adapters.database_initalizer - DEBUG - Returning connection to pool
2025-05-01 19:33:07,711 - internal.adapters.database_initalizer - INFO - Connection returned to pool
2025-05-01 19:33:07,711 - root - INFO - There are no outbox messages to be processed
2025-05-01 19:33:12,711 - root - INFO - Fetching pending messages from outbox
2025-05-01 19:33:12,712 - internal.adapters.database_initalizer - DEBUG - Requesting cursor via context manager
2025-05-01 19:33:12,712 - internal.adapters.database_initalizer - INFO - Successfully retrieved connection from pool
2025-05-01 19:33:12,716 - internal.adapters.database_initalizer - DEBUG - Returning connection to pool
2025-05-01 19:33:12,717 - internal.adapters.database_initalizer - INFO - Connection returned to pool
2025-05-01 19:33:12,717 - root - INFO - There are no outbox messages to be processed
2025-05-01 19:33:17,718 - root - INFO - Fetching pending messages from outbox
2025-05-01 19:33:17,718 - internal.adapters.database_initalizer - DEBUG - Requesting cursor via context manager
2025-05-01 19:33:17,719 - internal.adapters.database_initalizer - INFO - Successfully retrieved connection from pool
2025-05-01 19:33:17,720 - internal.adapters.database_initalizer - DEBUG - Returning connection to pool
2025-05-01 19:33:17,721 - internal.adapters.database_initalizer - INFO - Connection returned to pool
2025-05-01 19:33:17,721 - root - INFO - There are no outbox messages to be processed
2025-05-01 19:33:22,721 - root - INFO - Fetching pending messages from outbox
2025-05-01 19:33:22,721 - internal.adapters.database_initalizer - DEBUG - Requesting cursor via context manager
2025-05-01 19:33:22,721 - internal.adapters.database_initalizer - INFO - Successfully retrieved connection from pool
2025-05-01 19:33:22,723 - internal.adapters.database_initalizer - DEBUG - Returning connection to pool
2025-05-01 19:33:22,723 - internal.adapters.database_initalizer - INFO - Connection returned to pool
2025-05-01 19:33:22,723 - root - INFO - There are no outbox messages to be processed
2025-05-01 19:33:27,723 - root - INFO - Fetching pending messages from outbox
2025-05-01 19:33:27,723 - internal.adapters.database_initalizer - DEBUG - Requesting cursor via context manager
2025-05-01 19:33:27,723 - internal.adapters.database_initalizer - INFO - Successfully retrieved connection from pool
2025-05-01 19:33:27,725 - internal.adapters.database_initalizer - DEBUG - Returning connection to pool
2025-05-01 19:33:27,725 - internal.adapters.database_initalizer - INFO - Connection returned to pool
2025-05-01 19:33:27,725 - root - INFO - There are no outbox messages to be processed
2025-05-01 19:33:32,725 - root - INFO - Fetching pending messages from outbox
2025-05-01 19:33:32,726 - internal.adapters.database_initalizer - DEBUG - Requesting cursor via context manager
2025-05-01 19:33:32,726 - internal.adapters.database_initalizer - INFO - Successfully retrieved connection from pool
2025-05-01 19:33:32,730 - internal.adapters.database_initalizer - DEBUG - Returning connection to pool
2025-05-01 19:33:32,731 - internal.adapters.database_initalizer - INFO - Connection returned to pool
2025-05-01 19:33:32,731 - root - INFO - There are no outbox messages to be processed
2025-05-01 19:33:37,731 - root - INFO - Fetching pending messages from outbox
2025-05-01 19:33:37,732 - internal.adapters.database_initalizer - DEBUG - Requesting cursor via context manager
2025-05-01 19:33:37,732 - internal.adapters.database_initalizer - INFO - Successfully retrieved connection from pool
2025-05-01 19:33:37,734 - internal.adapters.database_initalizer - DEBUG - Returning connection to pool
2025-05-01 19:33:37,734 - internal.adapters.database_initalizer - INFO - Connection returned to pool
2025-05-01 19:33:37,734 - root - INFO - There are no outbox messages to be processed
2025-05-01 19:33:42,734 - root - INFO - Fetching pending messages from outbox
2025-05-01 19:33:42,734 - internal.adapters.database_initalizer - DEBUG - Requesting cursor via context manager
2025-05-01 19:33:42,734 - internal.adapters.database_initalizer - INFO - Successfully retrieved connection from pool
2025-05-01 19:33:42,736 - internal.adapters.database_initalizer - DEBUG - Returning connection to pool
2025-05-01 19:33:42,736 - internal.adapters.database_initalizer - INFO - Connection returned to pool
2025-05-01 19:33:42,736 - root - INFO - There are no outbox messages to be processed
2025-05-01 19:33:47,736 - root - INFO - Fetching pending messages from outbox
2025-05-01 19:33:47,736 - internal.adapters.database_initalizer - DEBUG - Requesting cursor via context manager
2025-05-01 19:33:47,736 - internal.adapters.database_initalizer - INFO - Successfully retrieved connection from pool
2025-05-01 19:33:47,738 - internal.adapters.database_initalizer - DEBUG - Returning connection to pool
2025-05-01 19:33:47,738 - internal.adapters.database_initalizer - INFO - Connection returned to pool
2025-05-01 19:33:47,738 - root - INFO - There are no outbox messages to be processed
2025-05-01 19:33:52,739 - root - INFO - Fetching pending messages from outbox
2025-05-01 19:33:52,739 - internal.adapters.database_initalizer - DEBUG - Requesting cursor via context manager
2025-05-01 19:33:52,739 - internal.adapters.database_initalizer - INFO - Successfully retrieved connection from pool
2025-05-01 19:33:52,744 - internal.adapters.database_initalizer - DEBUG - Returning connection to pool
2025-05-01 19:33:52,744 - internal.adapters.database_initalizer - INFO - Connection returned to pool
2025-05-01 19:33:52,745 - root - INFO - There are no outbox messages to be processed
2025-05-01 19:33:57,745 - root - INFO - Fetching pending messages from outbox
2025-05-01 19:33:57,745 - internal.adapters.database_initalizer - DEBUG - Requesting cursor via context manager
2025-05-01 19:33:57,745 - internal.adapters.database_initalizer - INFO - Successfully retrieved connection from pool
2025-05-01 19:33:57,747 - internal.adapters.database_initalizer - DEBUG - Returning connection to pool
2025-05-01 19:33:57,747 - internal.adapters.database_initalizer - INFO - Connection returned to pool
2025-05-01 19:33:57,747 - root - INFO - There are no outbox messages to be processed
2025-05-01 19:34:02,747 - root - INFO - Fetching pending messages from outbox
2025-05-01 19:34:02,748 - internal.adapters.database_initalizer - DEBUG - Requesting cursor via context manager
2025-05-01 19:34:02,748 - internal.adapters.database_initalizer - INFO - Successfully retrieved connection from pool
2025-05-01 19:34:02,755 - internal.adapters.database_initalizer - DEBUG - Returning connection to pool
2025-05-01 19:34:02,756 - internal.adapters.database_initalizer - INFO - Connection returned to pool
2025-05-01 19:34:02,756 - root - INFO - There are no outbox messages to be processed
2025-05-01 19:34:07,756 - root - INFO - Fetching pending messages from outbox
2025-05-01 19:34:07,756 - internal.adapters.database_initalizer - DEBUG - Requesting cursor via context manager
2025-05-01 19:34:07,756 - internal.adapters.database_initalizer - INFO - Successfully retrieved connection from pool
2025-05-01 19:34:07,758 - internal.adapters.database_initalizer - DEBUG - Returning connection to pool
2025-05-01 19:34:07,758 - internal.adapters.database_initalizer - INFO - Connection returned to pool
2025-05-01 19:34:07,758 - root - INFO - There are no outbox messages to be processed
2025-05-01 19:34:12,758 - root - INFO - Fetching pending messages from outbox
2025-05-01 19:34:12,759 - internal.adapters.database_initalizer - DEBUG - Requesting cursor via context manager
2025-05-01 19:34:12,759 - internal.adapters.database_initalizer - INFO - Successfully retrieved connection from pool
2025-05-01 19:34:12,760 - internal.adapters.database_initalizer - DEBUG - Returning connection to pool
2025-05-01 19:34:12,760 - internal.adapters.database_initalizer - INFO - Connection returned to pool
2025-05-01 19:34:12,760 - root - INFO - There are no outbox messages to be processed
2025-05-01 19:34:17,761 - root - INFO - Fetching pending messages from outbox
2025-05-01 19:34:17,761 - internal.adapters.database_initalizer - DEBUG - Requesting cursor via context manager
2025-05-01 19:34:17,761 - internal.adapters.database_initalizer - INFO - Successfully retrieved connection from pool
2025-05-01 19:34:17,763 - internal.adapters.database_initalizer - DEBUG - Returning connection to pool
2025-05-01 19:34:17,763 - internal.adapters.database_initalizer - INFO - Connection returned to pool
2025-05-01 19:34:17,763 - root - INFO - There are no outbox messages to be processed
2025-05-01 19:34:22,763 - root - INFO - Fetching pending messages from outbox
2025-05-01 19:34:22,763 - internal.adapters.database_initalizer - DEBUG - Requesting cursor via context manager
2025-05-01 19:34:22,763 - internal.adapters.database_initalizer - INFO - Successfully retrieved connection from pool
2025-05-01 19:34:22,767 - internal.adapters.database_initalizer - DEBUG - Returning connection to pool
2025-05-01 19:34:22,767 - internal.adapters.database_initalizer - INFO - Connection returned to pool
2025-05-01 19:34:22,767 - root - INFO - There are no outbox messages to be processed
2025-05-01 19:34:27,767 - root - INFO - Fetching pending messages from outbox
2025-05-01 19:34:27,769 - internal.adapters.database_initalizer - DEBUG - Requesting cursor via context manager
2025-05-01 19:34:27,769 - internal.adapters.database_initalizer - INFO - Successfully retrieved connection from pool
2025-05-01 19:34:27,771 - internal.adapters.database_initalizer - DEBUG - Returning connection to pool
2025-05-01 19:34:27,771 - internal.adapters.database_initalizer - INFO - Connection returned to pool
2025-05-01 19:34:27,771 - root - INFO - There are no outbox messages to be processed
2025-05-01 19:34:32,771 - root - INFO - Fetching pending messages from outbox
2025-05-01 19:34:32,771 - internal.adapters.database_initalizer - DEBUG - Requesting cursor via context manager
2025-05-01 19:34:32,771 - internal.adapters.database_initalizer - INFO - Successfully retrieved connection from pool
2025-05-01 19:34:32,773 - internal.adapters.database_initalizer - DEBUG - Returning connection to pool
2025-05-01 19:34:32,774 - internal.adapters.database_initalizer - INFO - Connection returned to pool
2025-05-01 19:34:32,774 - root - INFO - There are no outbox messages to be processed
2025-05-01 19:34:37,774 - root - INFO - Fetching pending messages from outbox
2025-05-01 19:34:37,774 - internal.adapters.database_initalizer - DEBUG - Requesting cursor via context manager
2025-05-01 19:34:37,774 - internal.adapters.database_initalizer - INFO - Successfully retrieved connection from pool
2025-05-01 19:34:37,776 - internal.adapters.database_initalizer - DEBUG - Returning connection to pool
2025-05-01 19:34:37,776 - internal.adapters.database_initalizer - INFO - Connection returned to pool
2025-05-01 19:34:37,776 - root - INFO - There are no outbox messages to be processed
2025-05-01 19:34:42,776 - root - INFO - Fetching pending messages from outbox
2025-05-01 19:34:42,777 - internal.adapters.database_initalizer - DEBUG - Requesting cursor via context manager
2025-05-01 19:34:42,777 - internal.adapters.database_initalizer - INFO - Successfully retrieved connection from pool
2025-05-01 19:34:42,781 - internal.adapters.database_initalizer - DEBUG - Returning connection to pool
2025-05-01 19:34:42,781 - internal.adapters.database_initalizer - INFO - Connection returned to pool
2025-05-01 19:34:42,781 - root - INFO - There are no outbox messages to be processed
2025-05-01 19:34:47,781 - root - INFO - Fetching pending messages from outbox
2025-05-01 19:34:47,782 - internal.adapters.database_initalizer - DEBUG - Requesting cursor via context manager
2025-05-01 19:34:47,782 - internal.adapters.database_initalizer - INFO - Successfully retrieved connection from pool
2025-05-01 19:34:47,783 - internal.adapters.database_initalizer - DEBUG - Returning connection to pool
2025-05-01 19:34:47,783 - internal.adapters.database_initalizer - INFO - Connection returned to pool
2025-05-01 19:34:47,783 - root - INFO - There are no outbox messages to be processed
2025-05-01 19:34:52,783 - root - INFO - Fetching pending messages from outbox
2025-05-01 19:34:52,784 - internal.adapters.database_initalizer - DEBUG - Requesting cursor via context manager
2025-05-01 19:34:52,784 - internal.adapters.database_initalizer - INFO - Successfully retrieved connection from pool
2025-05-01 19:34:52,785 - internal.adapters.database_initalizer - DEBUG - Returning connection to pool
2025-05-01 19:34:52,785 - internal.adapters.database_initalizer - INFO - Connection returned to pool
2025-05-01 19:34:52,785 - root - INFO - There are no outbox messages to be processed
2025-05-01 19:34:57,786 - root - INFO - Fetching pending messages from outbox
2025-05-01 19:34:57,786 - internal.adapters.database_initalizer - DEBUG - Requesting cursor via context manager
2025-05-01 19:34:57,786 - internal.adapters.database_initalizer - INFO - Successfully retrieved connection from pool
2025-05-01 19:34:57,787 - internal.adapters.database_initalizer - DEBUG - Returning connection to pool
2025-05-01 19:34:57,787 - internal.adapters.database_initalizer - INFO - Connection returned to pool
2025-05-01 19:34:57,788 - root - INFO - There are no outbox messages to be processed
2025-05-01 19:35:02,788 - root - INFO - Fetching pending messages from outbox
2025-05-01 19:35:02,788 - internal.adapters.database_initalizer - DEBUG - Requesting cursor via context manager
2025-05-01 19:35:02,788 - internal.adapters.database_initalizer - INFO - Successfully retrieved connection from pool
2025-05-01 19:35:02,789 - internal.adapters.database_initalizer - DEBUG - Returning connection to pool
2025-05-01 19:35:02,789 - internal.adapters.database_initalizer - INFO - Connection returned to pool
2025-05-01 19:35:02,789 - root - INFO - There are no outbox messages to be processed
2025-05-01 19:35:07,789 - root - INFO - Fetching pending messages from outbox
2025-05-01 19:35:07,790 - internal.adapters.database_initalizer - DEBUG - Requesting cursor via context manager
2025-05-01 19:35:07,790 - internal.adapters.database_initalizer - INFO - Successfully retrieved connection from pool
2025-05-01 19:35:07,791 - internal.adapters.database_initalizer - DEBUG - Returning connection to pool
2025-05-01 19:35:07,791 - internal.adapters.database_initalizer - INFO - Connection returned to pool
2025-05-01 19:35:07,791 - root - INFO - There are no outbox messages to be processed
2025-05-01 19:35:12,792 - root - INFO - Fetching pending messages from outbox
2025-05-01 19:35:12,792 - internal.adapters.database_initalizer - DEBUG - Requesting cursor via context manager
2025-05-01 19:35:12,793 - internal.adapters.database_initalizer - INFO - Successfully retrieved connection from pool
2025-05-01 19:35:12,797 - internal.adapters.database_initalizer - DEBUG - Returning connection to pool
2025-05-01 19:35:12,798 - internal.adapters.database_initalizer - INFO - Connection returned to pool
2025-05-01 19:35:12,798 - root - INFO - There are no outbox messages to be processed
2025-05-01 19:35:17,798 - root - INFO - Fetching pending messages from outbox
2025-05-01 19:35:17,798 - internal.adapters.database_initalizer - DEBUG - Requesting cursor via context manager
2025-05-01 19:35:17,798 - internal.adapters.database_initalizer - INFO - Successfully retrieved connection from pool
2025-05-01 19:35:17,804 - internal.adapters.database_initalizer - DEBUG - Returning connection to pool
2025-05-01 19:35:17,804 - internal.adapters.database_initalizer - INFO - Connection returned to pool
2025-05-01 19:35:17,804 - root - INFO - There are no outbox messages to be processed
2025-05-01 19:35:22,804 - root - INFO - Fetching pending messages from outbox
2025-05-01 19:35:22,804 - internal.adapters.database_initalizer - DEBUG - Requesting cursor via context manager
2025-05-01 19:35:22,804 - internal.adapters.database_initalizer - INFO - Successfully retrieved connection from pool
2025-05-01 19:35:22,806 - internal.adapters.database_initalizer - DEBUG - Returning connection to pool
2025-05-01 19:35:22,806 - internal.adapters.database_initalizer - INFO - Connection returned to pool
2025-05-01 19:35:22,806 - root - INFO - There are no outbox messages to be processed
2025-05-01 19:35:27,806 - root - INFO - Fetching pending messages from outbox
2025-05-01 19:35:27,806 - internal.adapters.database_initalizer - DEBUG - Requesting cursor via context manager
2025-05-01 19:35:27,806 - internal.adapters.database_initalizer - INFO - Successfully retrieved connection from pool
2025-05-01 19:35:27,808 - internal.adapters.database_initalizer - DEBUG - Returning connection to pool
2025-05-01 19:35:27,808 - internal.adapters.database_initalizer - INFO - Connection returned to pool
2025-05-01 19:35:27,808 - root - INFO - There are no outbox messages to be processed
2025-05-01 19:35:27,821 - internal.adapters.database_initalizer - DEBUG - Requesting cursor via context manager
2025-05-01 19:35:27,821 - internal.adapters.database_initalizer - INFO - Successfully retrieved connection from pool
2025-05-01 19:35:27,823 - root - INFO - Row with ID 5281714a-cb2f-46ac-937c-4361cb4fa412 inserted into outbox table
2025-05-01 19:35:27,826 - internal.adapters.database_initalizer - DEBUG - Returning connection to pool
2025-05-01 19:35:27,826 - internal.adapters.database_initalizer - INFO - Connection returned to pool
2025-05-01 19:35:32,808 - root - INFO - Fetching pending messages from outbox
2025-05-01 19:35:32,808 - internal.adapters.database_initalizer - DEBUG - Requesting cursor via context manager
2025-05-01 19:35:32,808 - internal.adapters.database_initalizer - INFO - Successfully retrieved connection from pool
2025-05-01 19:35:32,810 - internal.adapters.database_initalizer - DEBUG - Returning connection to pool
2025-05-01 19:35:32,811 - internal.adapters.database_initalizer - INFO - Connection returned to pool
2025-05-01 19:35:32,811 - pika.adapters.utils.selector_ioloop_adapter - DEBUG - SelectorIOServicesAdapter.set_writer(13, <bound method _AsyncPlaintextTransport._on_socket_writable of <pika.adapters.utils.io_services_utils._AsyncPlaintextTransport object at 0x7c8f58139a90>>)
2025-05-01 19:35:32,811 - pika.adapters.utils.selector_ioloop_adapter - DEBUG - set_writer(13, _) updated handler RdWr
2025-05-01 19:35:32,811 - pika.adapters.utils.io_services_utils - DEBUG - Turned on writability watcher: <socket.socket fd=13, family=10, type=1, proto=6, laddr=('::1', 40650, 0, 0), raddr=('::1', 5672, 0, 0)>
2025-05-01 19:35:32,812 - pika.adapters.utils.selector_ioloop_adapter - DEBUG - SelectorIOServicesAdapter.remove_writer(13)
2025-05-01 19:35:32,812 - pika.adapters.utils.selector_ioloop_adapter - DEBUG - remove_writer(13) updated handler Rd
2025-05-01 19:35:32,812 - pika.adapters.utils.io_services_utils - DEBUG - Turned off writability watcher: <socket.socket fd=13, family=10, type=1, proto=6, laddr=('::1', 40650, 0, 0)>
2025-05-01 19:35:32,812 - pika.heartbeat - DEBUG - Received heartbeat frame
2025-05-01 19:35:32,812 - pika.heartbeat - DEBUG - Received heartbeat frame
2025-05-01 19:35:32,812 - pika.heartbeat - DEBUG - Received heartbeat frame
2025-05-01 19:35:32,812 - pika.heartbeat - DEBUG - Received heartbeat frame
2025-05-01 19:35:32,812 - pika.adapters.utils.io_services_utils - ERROR - Socket EOF; <socket.socket fd=13, family=10, type=1, proto=6, laddr=('::1', 40650, 0, 0)>
2025-05-01 19:35:32,812 - pika.adapters.base_connection - ERROR - Transport indicated EOF.
2025-05-01 19:35:32,812 - pika.adapters.utils.io_services_utils - INFO - protocol.eof_received() elected to close: <socket.socket fd=13, family=10, type=1, proto=6, laddr=('::1', 40650, 0, 0)>
2025-05-01 19:35:32,812 - pika.adapters.utils.io_services_utils - INFO - _AsyncTransportBase._initate_abort(): Initiating abrupt asynchronous transport shutdown: state=1; error=None; <socket.socket fd=13, family=10, type=1, proto=6, laddr=('::1', 40650, 0, 0)>
2025-05-01 19:35:32,812 - pika.adapters.utils.io_services_utils - INFO - Deactivating transport: state=1; <socket.socket fd=13, family=10, type=1, proto=6, laddr=('::1', 40650, 0, 0)>
2025-05-01 19:35:32,813 - pika.adapters.utils.selector_ioloop_adapter - DEBUG - SelectorIOServicesAdapter.remove_reader(13)
2025-05-01 19:35:32,813 - pika.adapters.utils.selector_ioloop_adapter - DEBUG - remove_reader(13) removed handler
2025-05-01 19:35:32,813 - pika.adapters.utils.selector_ioloop_adapter - DEBUG - SelectorIOServicesAdapter.remove_writer(13)
2025-05-01 19:35:32,813 - pika.adapters.utils.selector_ioloop_adapter - DEBUG - remove_writer(13) neither was set.
2025-05-01 19:35:32,813 - pika.adapters.select_connection - DEBUG - add_callback_threadsafe: added callback=functools.partial(<bound method _AsyncTransportBase._connection_lost_notify_async of <pika.adapters.utils.io_services_utils._AsyncPlaintextTransport object at 0x7c8f58139a90>>, None)
2025-05-01 19:35:32,813 - pika.adapters.select_connection - DEBUG - process_timeouts: invoking callback=functools.partial(<bound method _AsyncTransportBase._connection_lost_notify_async of <pika.adapters.utils.io_services_utils._AsyncPlaintextTransport object at 0x7c8f58139a90>>, None)
2025-05-01 19:35:32,813 - pika.adapters.utils.io_services_utils - DEBUG - Concluding transport shutdown: state=3; error=None
2025-05-01 19:35:32,813 - pika.adapters.base_connection - ERROR - connection_lost: StreamLostError: ('Transport indicated EOF',)
2025-05-01 19:35:32,813 - pika.connection - INFO - AMQP stack terminated, failed to connect, or aborted: opened=True, error-arg=StreamLostError: ('Transport indicated EOF',); pending-error=None
2025-05-01 19:35:32,813 - pika.heartbeat - DEBUG - Removing timer for next heartbeat send interval
2025-05-01 19:35:32,814 - pika.adapters.select_connection - DEBUG - remove_timeout: removing timeout <pika.adapters.select_connection._Timeout object at 0x7c8f5812e380> with deadline=68398.452512566 and callback=<bound method HeartbeatChecker._send_heartbeat of <pika.heartbeat.HeartbeatChecker object at 0x7c8f58139be0>>
2025-05-01 19:35:32,814 - pika.heartbeat - DEBUG - Removing timer for next heartbeat check interval
2025-05-01 19:35:32,814 - pika.adapters.select_connection - DEBUG - remove_timeout: removing timeout <pika.adapters.select_connection._Timeout object at 0x7c8f586b6980> with deadline=68388.391168434 and callback=<bound method HeartbeatChecker._check_heartbeat of <pika.heartbeat.HeartbeatChecker object at 0x7c8f58139be0>>
2025-05-01 19:35:32,814 - pika.connection - DEBUG - New Connection state: CLOSED (prev=OPEN)
2025-05-01 19:35:32,814 - pika.channel - DEBUG - Handling meta-close on <Channel number=1 OPEN conn=<SelectConnection CLOSED transport=None params=<ConnectionParameters host=localhost port=5672 virtual_host=/ ssl=False>>>: StreamLostError: ('Transport indicated EOF',)
2025-05-01 19:35:32,814 - pika.callback - DEBUG - Processing 1:_on_channel_close
2025-05-01 19:35:32,814 - pika.callback - DEBUG - Calling <bound method BlockingChannel._on_channel_closed of <BlockingChannel impl=<Channel number=1 CLOSED conn=<SelectConnection CLOSED transport=None params=<ConnectionParameters host=localhost port=5672 virtual_host=/ ssl=False>>>>> for "1:_on_channel_close"
2025-05-01 19:35:32,814 - pika.adapters.blocking_connection - DEBUG - _on_channel_closed: StreamLostError: ('Transport indicated EOF',); <BlockingChannel impl=<Channel number=1 CLOSED conn=<SelectConnection CLOSED transport=None params=<ConnectionParameters host=localhost port=5672 virtual_host=/ ssl=False>>>>
2025-05-01 19:35:32,814 - pika.callback - DEBUG - Processing 1:_on_channel_cleanup
2025-05-01 19:35:32,814 - pika.callback - DEBUG - Processing use of oneshot callback
2025-05-01 19:35:32,814 - pika.callback - DEBUG - 0 registered uses left
2025-05-01 19:35:32,814 - pika.callback - DEBUG - Removing callback #0: {'callback': <bound method Connection._on_channel_cleanup of <SelectConnection CLOSED transport=None params=<ConnectionParameters host=localhost port=5672 virtual_host=/ ssl=False>>>, 'one_shot': True, 'only': <Channel number=1 CLOSED conn=<SelectConnection CLOSED transport=None params=<ConnectionParameters host=localhost port=5672 virtual_host=/ ssl=False>>>, 'arguments': None, 'calls': 0}
2025-05-01 19:35:32,815 - pika.callback - DEBUG - Calling <bound method Connection._on_channel_cleanup of <SelectConnection CLOSED transport=None params=<ConnectionParameters host=localhost port=5672 virtual_host=/ ssl=False>>> for "1:_on_channel_cleanup"
2025-05-01 19:35:32,815 - pika.connection - DEBUG - Removed channel 1
2025-05-01 19:35:32,815 - pika.callback - DEBUG - Clearing out '1' from the stack
2025-05-01 19:35:32,815 - pika.connection - INFO - Stack terminated due to StreamLostError: ('Transport indicated EOF',)
2025-05-01 19:35:32,815 - pika.callback - DEBUG - Processing 0:_on_connection_closed
2025-05-01 19:35:32,815 - pika.callback - DEBUG - Calling <bound method _CallbackResult.set_value_once of <pika.adapters.blocking_connection._CallbackResult object at 0x7c8f58bf6c80>> for "0:_on_connection_closed"
2025-05-01 19:35:32,815 - pika.connection - DEBUG - New Connection state: CLOSED (prev=CLOSED)
2025-05-01 19:35:32,815 - pika.callback - DEBUG - Added: {'callback': <bound method Connection._on_connection_start of <SelectConnection CLOSED transport=None params=<ConnectionParameters host=localhost port=5672 virtual_host=/ ssl=False>>>, 'one_shot': True, 'only': None, 'arguments': None, 'calls': 1}
2025-05-01 19:35:32,815 - pika.callback - DEBUG - Incremented callback reference counter: {'callback': <bound method Connection._on_connection_close_from_broker of <SelectConnection CLOSED transport=None params=<ConnectionParameters host=localhost port=5672 virtual_host=/ ssl=False>>>, 'one_shot': True, 'only': None, 'arguments': None, 'calls': 2}
2025-05-01 19:35:32,815 - pika.adapters.utils.io_services_utils - INFO - Closing transport socket and unlinking: state=3; <socket.socket fd=13, family=10, type=1, proto=6, laddr=('::1', 40650, 0, 0)>
2025-05-01 19:35:32,815 - pika.adapters.blocking_connection - ERROR - Unexpected connection close detected: StreamLostError: ('Transport indicated EOF',)
2025-05-01 19:35:32,816 - root - ERROR - Error publishing message: Transport indicated EOF
2025-05-01 19:35:32,816 - root - ERROR - Error processing message ID 5281714a-cb2f-46ac-937c-4361cb4fa412 (attempt 1/3): Transport indicated EOF
2025-05-01 19:35:33,816 - root - INFO - Connecting to RabbitMQ at localhost
2025-05-01 19:35:33,817 - pika.adapters.select_connection - DEBUG - Using EPollPoller
2025-05-01 19:35:33,818 - pika.adapters.base_connection - DEBUG - Created default connection workflow <pika.adapters.utils.connection_workflow.AMQPConnectionWorkflow object at 0x7c8f58160190>
2025-05-01 19:35:33,818 - pika.adapters.utils.connection_workflow - DEBUG - Starting AMQP Connection workflow asynchronously.
2025-05-01 19:35:33,819 - pika.adapters.select_connection - DEBUG - call_later: added timeout <pika.adapters.select_connection._Timeout object at 0x7c8f5812ea70> with deadline=68569.609775604 and callback=functools.partial(<bound method AMQPConnectionWorkflow._start_new_cycle_async of <pika.adapters.utils.connection_workflow.AMQPConnectionWorkflow object at 0x7c8f58160190>>, first=True); now=68569.609775604; delay=0
2025-05-01 19:35:33,819 - pika.adapters.utils.connection_workflow - DEBUG - Beginning a new AMQP connection workflow cycle; attempts remaining after this: 0
2025-05-01 19:35:33,819 - pika.adapters.select_connection - DEBUG - call_later: added timeout <pika.adapters.select_connection._Timeout object at 0x7c8f5812eb60> with deadline=68569.610537663 and callback=<bound method AMQPConnectionWorkflow._try_next_config_async of <pika.adapters.utils.connection_workflow.AMQPConnectionWorkflow object at 0x7c8f58160190>>; now=68569.610537663; delay=0
2025-05-01 19:35:33,820 - pika.adapters.utils.connection_workflow - DEBUG - _try_next_config_async: 'localhost':5672
2025-05-01 19:35:33,821 - pika.adapters.select_connection - DEBUG - process_timeouts: invoking callback=<bound method _AddressResolver._dispatch_result of <pika.adapters.utils.selector_ioloop_adapter._AddressResolver object at 0x7c8f58160050>>
2025-05-01 19:35:33,822 - pika.adapters.select_connection - DEBUG - add_callback_threadsafe: added callback=<bound method _AddressResolver._dispatch_result of <pika.adapters.utils.selector_ioloop_adapter._AddressResolver object at 0x7c8f58160050>>
2025-05-01 19:35:33,822 - pika.adapters.utils.selector_ioloop_adapter - DEBUG - Invoking asynchronous getaddrinfo() completion callback; host='localhost'
2025-05-01 19:35:33,823 - pika.adapters.utils.connection_workflow - DEBUG - getaddrinfo returned 2 records
2025-05-01 19:35:33,824 - pika.adapters.utils.connection_workflow - DEBUG - Attempting to connect using address record (<AddressFamily.AF_INET6: 10>, <SocketKind.SOCK_STREAM: 1>, 6, '', ('::1', 5672, 0, 0))
2025-05-01 19:35:33,824 - pika.adapters.utils.connection_workflow - INFO - Pika version 1.3.2 connecting to ('::1', 5672, 0, 0)
2025-05-01 19:35:33,825 - pika.adapters.select_connection - DEBUG - add_callback_threadsafe: added callback=<bound method _AsyncSocketConnector._start_async of <pika.adapters.utils.io_services_utils._AsyncSocketConnector object at 0x7c8f58160690>>
2025-05-01 19:35:33,825 - pika.adapters.select_connection - DEBUG - call_later: added timeout <pika.adapters.select_connection._Timeout object at 0x7c8f5812e3b0> with deadline=68579.616043917 and callback=<bound method AMQPConnector._on_tcp_connection_timeout of <pika.adapters.utils.connection_workflow.AMQPConnector object at 0x7c8f58160550>>; now=68569.616043917; delay=10.0
2025-05-01 19:35:33,825 - pika.adapters.select_connection - DEBUG - call_later: added timeout <pika.adapters.select_connection._Timeout object at 0x7c8f5812eb30> with deadline=68584.616391349 and callback=<bound method AMQPConnector._on_overall_timeout of <pika.adapters.utils.connection_workflow.AMQPConnector object at 0x7c8f58160550>>; now=68569.616391349; delay=15.0
2025-05-01 19:35:33,826 - pika.adapters.select_connection - DEBUG - process_timeouts: invoking callback=<bound method _AsyncSocketConnector._start_async of <pika.adapters.utils.io_services_utils._AsyncSocketConnector object at 0x7c8f58160690>>
2025-05-01 19:35:33,826 - pika.adapters.utils.selector_ioloop_adapter - DEBUG - SelectorIOServicesAdapter.set_writer(13, <bound method _AsyncSocketConnector._on_writable of <pika.adapters.utils.io_services_utils._AsyncSocketConnector object at 0x7c8f58160690>>)
2025-05-01 19:35:33,827 - pika.adapters.utils.selector_ioloop_adapter - DEBUG - set_writer(13, _) added handler Wr
2025-05-01 19:35:33,827 - pika.adapters.utils.io_services_utils - DEBUG - Connection-establishment is in progress for <socket.socket fd=13, family=10, type=1, proto=6, laddr=('::1', 47614, 0, 0), raddr=('::1', 5672, 0, 0)>.
2025-05-01 19:35:33,827 - pika.adapters.utils.io_services_utils - INFO - Socket connected: <socket.socket fd=13, family=10, type=1, proto=6, laddr=('::1', 47614, 0, 0), raddr=('::1', 5672, 0, 0)>
2025-05-01 19:35:33,828 - pika.adapters.utils.io_services_utils - DEBUG - _AsyncSocketConnector._report_completion(None); <socket.socket fd=13, family=10, type=1, proto=6, laddr=('::1', 47614, 0, 0), raddr=('::1', 5672, 0, 0)>
2025-05-01 19:35:33,828 - pika.adapters.utils.selector_ioloop_adapter - DEBUG - SelectorIOServicesAdapter.remove_writer(13)
2025-05-01 19:35:33,829 - pika.adapters.utils.selector_ioloop_adapter - DEBUG - remove_writer(13) removed handler
2025-05-01 19:35:33,829 - pika.adapters.select_connection - DEBUG - remove_timeout: removing timeout <pika.adapters.select_connection._Timeout object at 0x7c8f5812e3b0> with deadline=68579.616043917 and callback=<bound method AMQPConnector._on_tcp_connection_timeout of <pika.adapters.utils.connection_workflow.AMQPConnector object at 0x7c8f58160550>>
2025-05-01 19:35:33,829 - pika.adapters.utils.connection_workflow - DEBUG - TCP connection to broker established: <socket.socket fd=13, family=10, type=1, proto=6, laddr=('::1', 47614, 0, 0), raddr=('::1', 5672, 0, 0)>.
2025-05-01 19:35:33,830 - pika.adapters.utils.io_services_utils - DEBUG - _AsyncStreamConnector.start(); <socket.socket fd=13, family=10, type=1, proto=6, laddr=('::1', 47614, 0, 0), raddr=('::1', 5672, 0, 0)>
2025-05-01 19:35:33,830 - pika.adapters.select_connection - DEBUG - add_callback_threadsafe: added callback=<bound method _AsyncStreamConnector._start_async of <pika.adapters.utils.io_services_utils._AsyncStreamConnector object at 0x7c8f581607d0>>
2025-05-01 19:35:33,831 - pika.adapters.select_connection - DEBUG - process_timeouts: invoking callback=<bound method _AsyncStreamConnector._start_async of <pika.adapters.utils.io_services_utils._AsyncStreamConnector object at 0x7c8f581607d0>>
2025-05-01 19:35:33,831 - pika.adapters.utils.io_services_utils - DEBUG - _AsyncStreamConnector._start_async(); <socket.socket fd=13, family=10, type=1, proto=6, laddr=('::1', 47614, 0, 0), raddr=('::1', 5672, 0, 0)>
2025-05-01 19:35:33,831 - pika.adapters.utils.io_services_utils - DEBUG - _AsyncStreamConnector._linkup()
2025-05-01 19:35:33,832 - pika.connection - DEBUG - New Connection state: CLOSED (prev=CLOSED)
2025-05-01 19:35:33,832 - pika.callback - DEBUG - Added: {'callback': <bound method Connection._on_connection_start of <SelectConnection CLOSED transport=None params=<ConnectionParameters host=localhost port=5672 virtual_host=/ ssl=False>>>, 'one_shot': True, 'only': None, 'arguments': None, 'calls': 1}
2025-05-01 19:35:33,833 - pika.callback - DEBUG - Added: {'callback': <bound method Connection._on_connection_close_from_broker of <SelectConnection CLOSED transport=None params=<ConnectionParameters host=localhost port=5672 virtual_host=/ ssl=False>>>, 'one_shot': True, 'only': None, 'arguments': None, 'calls': 1}
2025-05-01 19:35:33,833 - pika.callback - DEBUG - Added: {'callback': <bound method Connection._default_on_connection_error of <SelectConnection CLOSED transport=None params=<ConnectionParameters host=localhost port=5672 virtual_host=/ ssl=False>>>, 'one_shot': False, 'only': None, 'arguments': None}
2025-05-01 19:35:33,833 - pika.connection - DEBUG - New Connection state: INIT (prev=CLOSED)
2025-05-01 19:35:33,833 - pika.connection - DEBUG - Using external connection workflow.
2025-05-01 19:35:33,833 - pika.adapters.utils.io_services_utils - DEBUG - _AsyncTransportBase.__init__: <socket.socket fd=13, family=10, type=1, proto=6, laddr=('::1', 47614, 0, 0), raddr=('::1', 5672, 0, 0)>
2025-05-01 19:35:33,834 - pika.adapters.utils.selector_ioloop_adapter - DEBUG - SelectorIOServicesAdapter.set_reader(13, <bound method _AsyncPlaintextTransport._on_socket_readable of <pika.adapters.utils.io_services_utils._AsyncPlaintextTransport object at 0x7c8f58160410>>)
2025-05-01 19:35:33,834 - pika.adapters.utils.selector_ioloop_adapter - DEBUG - set_reader(13, _) added handler Rd
2025-05-01 19:35:33,834 - pika.adapters.utils.io_services_utils - DEBUG - _linkup(): created transport <pika.adapters.utils.io_services_utils._AsyncPlaintextTransport object at 0x7c8f58160410>
2025-05-01 19:35:33,834 - pika.connection - DEBUG - New Connection state: PROTOCOL (prev=INIT)
2025-05-01 19:35:33,835 - pika.adapters.utils.selector_ioloop_adapter - DEBUG - SelectorIOServicesAdapter.set_writer(13, <bound method _AsyncPlaintextTransport._on_socket_writable of <pika.adapters.utils.io_services_utils._AsyncPlaintextTransport object at 0x7c8f58160410>>)
2025-05-01 19:35:33,835 - pika.adapters.utils.selector_ioloop_adapter - DEBUG - set_writer(13, _) updated handler RdWr
2025-05-01 19:35:33,835 - pika.adapters.utils.io_services_utils - DEBUG - Turned on writability watcher: <socket.socket fd=13, family=10, type=1, proto=6, laddr=('::1', 47614, 0, 0), raddr=('::1', 5672, 0, 0)>
2025-05-01 19:35:33,835 - pika.adapters.utils.io_services_utils - DEBUG - _linkup(): introduced transport to protocol <pika.adapters.utils.io_services_utils._AsyncPlaintextTransport object at 0x7c8f58160410>; _StreamingProtocolShim: <SelectConnection PROTOCOL transport=<pika.adapters.utils.io_services_utils._AsyncPlaintextTransport object at 0x7c8f58160410> params=<ConnectionParameters host=localhost port=5672 virtual_host=/ ssl=False>>
2025-05-01 19:35:33,836 - pika.adapters.utils.io_services_utils - DEBUG - _AsyncStreamConnector._report_completion((<pika.adapters.utils.io_services_utils._AsyncPlaintextTransport object at 0x7c8f58160410>, _StreamingProtocolShim: <SelectConnection PROTOCOL transport=<pika.adapters.utils.io_services_utils._AsyncPlaintextTransport object at 0x7c8f58160410> params=<ConnectionParameters host=localhost port=5672 virtual_host=/ ssl=False>>)); <socket.socket fd=13, family=10, type=1, proto=6, laddr=('::1', 47614, 0, 0), raddr=('::1', 5672, 0, 0)>
2025-05-01 19:35:33,836 - pika.adapters.utils.connection_workflow - INFO - Streaming transport linked up: (<pika.adapters.utils.io_services_utils._AsyncPlaintextTransport object at 0x7c8f58160410>, _StreamingProtocolShim: <SelectConnection PROTOCOL transport=<pika.adapters.utils.io_services_utils._AsyncPlaintextTransport object at 0x7c8f58160410> params=<ConnectionParameters host=localhost port=5672 virtual_host=/ ssl=False>>).
2025-05-01 19:35:33,836 - pika.callback - DEBUG - Removing callback #0: {'callback': <bound method Connection._default_on_connection_error of <SelectConnection PROTOCOL transport=<pika.adapters.utils.io_services_utils._AsyncPlaintextTransport object at 0x7c8f58160410> params=<ConnectionParameters host=localhost port=5672 virtual_host=/ ssl=False>>>, 'one_shot': False, 'only': None, 'arguments': None}
2025-05-01 19:35:33,837 - pika.callback - DEBUG - Added: {'callback': <bound method AMQPConnector._on_amqp_handshake_done of <pika.adapters.utils.connection_workflow.AMQPConnector object at 0x7c8f58160550>>, 'one_shot': False, 'only': None, 'arguments': None}
2025-05-01 19:35:33,837 - pika.callback - DEBUG - Added: {'callback': <bound method AMQPConnector._on_amqp_handshake_done of <pika.adapters.utils.connection_workflow.AMQPConnector object at 0x7c8f58160550>>, 'one_shot': False, 'only': None, 'arguments': None}
2025-05-01 19:35:33,837 - pika.adapters.utils.io_services_utils - DEBUG - _AsyncStreamConnector._cleanup(False)
2025-05-01 19:35:33,838 - pika.adapters.utils.selector_ioloop_adapter - DEBUG - SelectorIOServicesAdapter.remove_writer(13)
2025-05-01 19:35:33,838 - pika.adapters.utils.selector_ioloop_adapter - DEBUG - remove_writer(13) updated handler Rd
2025-05-01 19:35:33,838 - pika.adapters.utils.io_services_utils - DEBUG - Turned off writability watcher: <socket.socket fd=13, family=10, type=1, proto=6, laddr=('::1', 47614, 0, 0), raddr=('::1', 5672, 0, 0)>
2025-05-01 19:35:33,842 - pika.callback - DEBUG - Processing 0:Connection.Start
2025-05-01 19:35:33,843 - pika.callback - DEBUG - Processing use of oneshot callback
2025-05-01 19:35:33,843 - pika.callback - DEBUG - 0 registered uses left
2025-05-01 19:35:33,843 - pika.callback - DEBUG - Removing callback #0: {'callback': <bound method Connection._on_connection_start of <SelectConnection PROTOCOL transport=<pika.adapters.utils.io_services_utils._AsyncPlaintextTransport object at 0x7c8f58160410> params=<ConnectionParameters host=localhost port=5672 virtual_host=/ ssl=False>>>, 'one_shot': True, 'only': None, 'arguments': None, 'calls': 0}
2025-05-01 19:35:33,843 - pika.callback - DEBUG - Calling <bound method Connection._on_connection_start of <SelectConnection PROTOCOL transport=<pika.adapters.utils.io_services_utils._AsyncPlaintextTransport object at 0x7c8f58160410> params=<ConnectionParameters host=localhost port=5672 virtual_host=/ ssl=False>>> for "0:Connection.Start"
2025-05-01 19:35:33,843 - pika.connection - DEBUG - New Connection state: START (prev=PROTOCOL)
2025-05-01 19:35:33,843 - pika.callback - DEBUG - Added: {'callback': <bound method Connection._on_connection_tune of <SelectConnection START transport=<pika.adapters.utils.io_services_utils._AsyncPlaintextTransport object at 0x7c8f58160410> params=<ConnectionParameters host=localhost port=5672 virtual_host=/ ssl=False>>>, 'one_shot': True, 'only': None, 'arguments': None, 'calls': 1}
2025-05-01 19:35:33,844 - pika.adapters.utils.selector_ioloop_adapter - DEBUG - SelectorIOServicesAdapter.set_writer(13, <bound method _AsyncPlaintextTransport._on_socket_writable of <pika.adapters.utils.io_services_utils._AsyncPlaintextTransport object at 0x7c8f58160410>>)
2025-05-01 19:35:33,844 - pika.adapters.utils.selector_ioloop_adapter - DEBUG - set_writer(13, _) updated handler RdWr
2025-05-01 19:35:33,844 - pika.adapters.utils.io_services_utils - DEBUG - Turned on writability watcher: <socket.socket fd=13, family=10, type=1, proto=6, laddr=('::1', 47614, 0, 0), raddr=('::1', 5672, 0, 0)>
2025-05-01 19:35:33,845 - pika.adapters.utils.io_services_utils - DEBUG - Recv would block on <socket.socket fd=13, family=10, type=1, proto=6, laddr=('::1', 47614, 0, 0), raddr=('::1', 5672, 0, 0)>
2025-05-01 19:35:33,845 - pika.adapters.utils.selector_ioloop_adapter - DEBUG - SelectorIOServicesAdapter.remove_writer(13)
2025-05-01 19:35:33,845 - pika.adapters.utils.selector_ioloop_adapter - DEBUG - remove_writer(13) updated handler Rd
2025-05-01 19:35:33,845 - pika.adapters.utils.io_services_utils - DEBUG - Turned off writability watcher: <socket.socket fd=13, family=10, type=1, proto=6, laddr=('::1', 47614, 0, 0), raddr=('::1', 5672, 0, 0)>
2025-05-01 19:35:33,846 - pika.callback - DEBUG - Processing 0:Connection.Tune
2025-05-01 19:35:33,846 - pika.callback - DEBUG - Processing use of oneshot callback
2025-05-01 19:35:33,846 - pika.callback - DEBUG - 0 registered uses left
2025-05-01 19:35:33,847 - pika.callback - DEBUG - Removing callback #0: {'callback': <bound method Connection._on_connection_tune of <SelectConnection START transport=<pika.adapters.utils.io_services_utils._AsyncPlaintextTransport object at 0x7c8f58160410> params=<ConnectionParameters host=localhost port=5672 virtual_host=/ ssl=False>>>, 'one_shot': True, 'only': None, 'arguments': None, 'calls': 0}
2025-05-01 19:35:33,847 - pika.callback - DEBUG - Calling <bound method Connection._on_connection_tune of <SelectConnection START transport=<pika.adapters.utils.io_services_utils._AsyncPlaintextTransport object at 0x7c8f58160410> params=<ConnectionParameters host=localhost port=5672 virtual_host=/ ssl=False>>> for "0:Connection.Tune"
2025-05-01 19:35:33,847 - pika.connection - DEBUG - New Connection state: TUNE (prev=START)
2025-05-01 19:35:33,847 - pika.connection - DEBUG - Creating a HeartbeatChecker: 60
2025-05-01 19:35:33,847 - pika.heartbeat - DEBUG - timeout: 60.000000 send_interval: 30.000000 check_interval: 65.000000
2025-05-01 19:35:33,847 - pika.adapters.select_connection - DEBUG - call_later: added timeout <pika.adapters.select_connection._Timeout object at 0x7c8f5812edd0> with deadline=68599.638557766 and callback=<bound method HeartbeatChecker._send_heartbeat of <pika.heartbeat.HeartbeatChecker object at 0x7c8f58160a50>>; now=68569.638557766; delay=30.0
2025-05-01 19:35:33,848 - pika.adapters.select_connection - DEBUG - call_later: added timeout <pika.adapters.select_connection._Timeout object at 0x7c8f5812f250> with deadline=68634.638730918 and callback=<bound method HeartbeatChecker._check_heartbeat of <pika.heartbeat.HeartbeatChecker object at 0x7c8f58160a50>>; now=68569.638730918; delay=65
2025-05-01 19:35:33,848 - pika.adapters.utils.selector_ioloop_adapter - DEBUG - SelectorIOServicesAdapter.set_writer(13, <bound method _AsyncPlaintextTransport._on_socket_writable of <pika.adapters.utils.io_services_utils._AsyncPlaintextTransport object at 0x7c8f58160410>>)
2025-05-01 19:35:33,848 - pika.adapters.utils.selector_ioloop_adapter - DEBUG - set_writer(13, _) updated handler RdWr
2025-05-01 19:35:33,848 - pika.adapters.utils.io_services_utils - DEBUG - Turned on writability watcher: <socket.socket fd=13, family=10, type=1, proto=6, laddr=('::1', 47614, 0, 0), raddr=('::1', 5672, 0, 0)>
2025-05-01 19:35:33,848 - pika.callback - DEBUG - Added: {'callback': <bound method Connection._on_connection_open_ok of <SelectConnection TUNE transport=<pika.adapters.utils.io_services_utils._AsyncPlaintextTransport object at 0x7c8f58160410> params=<ConnectionParameters host=localhost port=5672 virtual_host=/ ssl=False>>>, 'one_shot': True, 'only': None, 'arguments': None, 'calls': 1}
2025-05-01 19:35:33,848 - pika.adapters.utils.io_services_utils - DEBUG - Recv would block on <socket.socket fd=13, family=10, type=1, proto=6, laddr=('::1', 47614, 0, 0), raddr=('::1', 5672, 0, 0)>
2025-05-01 19:35:33,848 - pika.adapters.utils.selector_ioloop_adapter - DEBUG - SelectorIOServicesAdapter.remove_writer(13)
2025-05-01 19:35:33,849 - pika.adapters.utils.selector_ioloop_adapter - DEBUG - remove_writer(13) updated handler Rd
2025-05-01 19:35:33,849 - pika.adapters.utils.io_services_utils - DEBUG - Turned off writability watcher: <socket.socket fd=13, family=10, type=1, proto=6, laddr=('::1', 47614, 0, 0), raddr=('::1', 5672, 0, 0)>
2025-05-01 19:35:33,851 - pika.callback - DEBUG - Processing 0:Connection.OpenOk
2025-05-01 19:35:33,852 - pika.callback - DEBUG - Processing use of oneshot callback
2025-05-01 19:35:33,853 - pika.callback - DEBUG - 0 registered uses left
2025-05-01 19:35:33,853 - pika.callback - DEBUG - Removing callback #0: {'callback': <bound method Connection._on_connection_open_ok of <SelectConnection TUNE transport=<pika.adapters.utils.io_services_utils._AsyncPlaintextTransport object at 0x7c8f58160410> params=<ConnectionParameters host=localhost port=5672 virtual_host=/ ssl=False>>>, 'one_shot': True, 'only': None, 'arguments': None, 'calls': 0}
2025-05-01 19:35:33,853 - pika.callback - DEBUG - Calling <bound method Connection._on_connection_open_ok of <SelectConnection TUNE transport=<pika.adapters.utils.io_services_utils._AsyncPlaintextTransport object at 0x7c8f58160410> params=<ConnectionParameters host=localhost port=5672 virtual_host=/ ssl=False>>> for "0:Connection.OpenOk"
2025-05-01 19:35:33,853 - pika.connection - DEBUG - New Connection state: OPEN (prev=TUNE)
2025-05-01 19:35:33,853 - pika.callback - DEBUG - Processing 0:_on_connection_open_ok
2025-05-01 19:35:33,853 - pika.callback - DEBUG - Calling <bound method AMQPConnector._on_amqp_handshake_done of <pika.adapters.utils.connection_workflow.AMQPConnector object at 0x7c8f58160550>> for "0:_on_connection_open_ok"
2025-05-01 19:35:33,853 - pika.adapters.utils.connection_workflow - DEBUG - AMQPConnector: AMQP handshake attempt completed; state=3; error=None; 'localhost'/(<AddressFamily.AF_INET6: 10>, <SocketKind.SOCK_STREAM: 1>, 6, '', ('::1', 5672, 0, 0))
2025-05-01 19:35:33,854 - pika.adapters.utils.connection_workflow - DEBUG - AMQPConnector: AMQP connection established for 'localhost'/(<AddressFamily.AF_INET6: 10>, <SocketKind.SOCK_STREAM: 1>, 6, '', ('::1', 5672, 0, 0)): <SelectConnection OPEN transport=<pika.adapters.utils.io_services_utils._AsyncPlaintextTransport object at 0x7c8f58160410> params=<ConnectionParameters host=localhost port=5672 virtual_host=/ ssl=False>>
2025-05-01 19:35:33,854 - pika.adapters.utils.connection_workflow - INFO - AMQPConnector - reporting success: <SelectConnection OPEN transport=<pika.adapters.utils.io_services_utils._AsyncPlaintextTransport object at 0x7c8f58160410> params=<ConnectionParameters host=localhost port=5672 virtual_host=/ ssl=False>>
2025-05-01 19:35:33,854 - pika.adapters.select_connection - DEBUG - remove_timeout: removing timeout <pika.adapters.select_connection._Timeout object at 0x7c8f5812eb30> with deadline=68584.616391349 and callback=<bound method AMQPConnector._on_overall_timeout of <pika.adapters.utils.connection_workflow.AMQPConnector object at 0x7c8f58160550>>
2025-05-01 19:35:33,854 - pika.adapters.utils.connection_workflow - DEBUG - Connection attempt completed with <SelectConnection OPEN transport=<pika.adapters.utils.io_services_utils._AsyncPlaintextTransport object at 0x7c8f58160410> params=<ConnectionParameters host=localhost port=5672 virtual_host=/ ssl=False>>
2025-05-01 19:35:33,854 - pika.adapters.utils.connection_workflow - INFO - AMQPConnectionWorkflow - reporting success: <SelectConnection OPEN transport=<pika.adapters.utils.io_services_utils._AsyncPlaintextTransport object at 0x7c8f58160410> params=<ConnectionParameters host=localhost port=5672 virtual_host=/ ssl=False>>
2025-05-01 19:35:33,854 - pika.adapters.utils.io_services_utils - DEBUG - Recv would block on <socket.socket fd=13, family=10, type=1, proto=6, laddr=('::1', 47614, 0, 0), raddr=('::1', 5672, 0, 0)>
2025-05-01 19:35:33,854 - pika.adapters.blocking_connection - INFO - Connection workflow succeeded: <SelectConnection OPEN transport=<pika.adapters.utils.io_services_utils._AsyncPlaintextTransport object at 0x7c8f58160410> params=<ConnectionParameters host=localhost port=5672 virtual_host=/ ssl=False>>
2025-05-01 19:35:33,855 - pika.callback - DEBUG - Added: {'callback': <bound method _CallbackResult.set_value_once of <pika.adapters.blocking_connection._CallbackResult object at 0x7c8f58151000>>, 'one_shot': False, 'only': None, 'arguments': None}
2025-05-01 19:35:33,855 - pika.connection - DEBUG - Creating channel 1
2025-05-01 19:35:33,855 - pika.callback - DEBUG - Added: {'callback': <bound method Connection._on_channel_cleanup of <SelectConnection OPEN transport=<pika.adapters.utils.io_services_utils._AsyncPlaintextTransport object at 0x7c8f58160410> params=<ConnectionParameters host=localhost port=5672 virtual_host=/ ssl=False>>>, 'one_shot': True, 'only': <Channel number=1 CLOSED conn=<SelectConnection OPEN transport=<pika.adapters.utils.io_services_utils._AsyncPlaintextTransport object at 0x7c8f58160410> params=<ConnectionParameters host=localhost port=5672 virtual_host=/ ssl=False>>>, 'arguments': None, 'calls': 1}
2025-05-01 19:35:33,855 - pika.callback - DEBUG - Added: {'callback': <bound method Channel._on_getempty of <Channel number=1 OPENING conn=<SelectConnection OPEN transport=<pika.adapters.utils.io_services_utils._AsyncPlaintextTransport object at 0x7c8f58160410> params=<ConnectionParameters host=localhost port=5672 virtual_host=/ ssl=False>>>>, 'one_shot': False, 'only': None, 'arguments': None}
2025-05-01 19:35:33,855 - pika.callback - DEBUG - Added: {'callback': <bound method Channel._on_cancel of <Channel number=1 OPENING conn=<SelectConnection OPEN transport=<pika.adapters.utils.io_services_utils._AsyncPlaintextTransport object at 0x7c8f58160410> params=<ConnectionParameters host=localhost port=5672 virtual_host=/ ssl=False>>>>, 'one_shot': False, 'only': None, 'arguments': None}
2025-05-01 19:35:33,855 - pika.callback - DEBUG - Added: {'callback': <bound method Channel._on_flow of <Channel number=1 OPENING conn=<SelectConnection OPEN transport=<pika.adapters.utils.io_services_utils._AsyncPlaintextTransport object at 0x7c8f58160410> params=<ConnectionParameters host=localhost port=5672 virtual_host=/ ssl=False>>>>, 'one_shot': False, 'only': None, 'arguments': None}
2025-05-01 19:35:33,855 - pika.callback - DEBUG - Added: {'callback': <bound method Channel._on_close_from_broker of <Channel number=1 OPENING conn=<SelectConnection OPEN transport=<pika.adapters.utils.io_services_utils._AsyncPlaintextTransport object at 0x7c8f58160410> params=<ConnectionParameters host=localhost port=5672 virtual_host=/ ssl=False>>>>, 'one_shot': True, 'only': None, 'arguments': None, 'calls': 1}
2025-05-01 19:35:33,856 - pika.adapters.utils.selector_ioloop_adapter - DEBUG - SelectorIOServicesAdapter.set_writer(13, <bound method _AsyncPlaintextTransport._on_socket_writable of <pika.adapters.utils.io_services_utils._AsyncPlaintextTransport object at 0x7c8f58160410>>)
2025-05-01 19:35:33,856 - pika.adapters.utils.selector_ioloop_adapter - DEBUG - set_writer(13, _) updated handler RdWr
2025-05-01 19:35:33,856 - pika.adapters.utils.io_services_utils - DEBUG - Turned on writability watcher: <socket.socket fd=13, family=10, type=1, proto=6, laddr=('::1', 47614, 0, 0), raddr=('::1', 5672, 0, 0)>
2025-05-01 19:35:33,856 - pika.channel - DEBUG - Entering blocking state on frame <Channel.Open(['out_of_band='])>; acceptable_replies=[<class 'pika.spec.Channel.OpenOk'>]
2025-05-01 19:35:33,856 - pika.channel - DEBUG - Adding on_synchronous_complete callback
2025-05-01 19:35:33,856 - pika.callback - DEBUG - Added: {'callback': <bound method Channel._on_synchronous_complete of <Channel number=1 OPENING conn=<SelectConnection OPEN transport=<pika.adapters.utils.io_services_utils._AsyncPlaintextTransport object at 0x7c8f58160410> params=<ConnectionParameters host=localhost port=5672 virtual_host=/ ssl=False>>>>, 'one_shot': True, 'only': None, 'arguments': None, 'calls': 1}
2025-05-01 19:35:33,856 - pika.channel - DEBUG - Adding passed-in RPC response callback
2025-05-01 19:35:33,857 - pika.callback - DEBUG - Added: {'callback': <bound method Channel._on_openok of <Channel number=1 OPENING conn=<SelectConnection OPEN transport=<pika.adapters.utils.io_services_utils._AsyncPlaintextTransport object at 0x7c8f58160410> params=<ConnectionParameters host=localhost port=5672 virtual_host=/ ssl=False>>>>, 'one_shot': True, 'only': None, 'arguments': None, 'calls': 1}
2025-05-01 19:35:33,857 - pika.callback - DEBUG - Added: {'callback': <bound method BlockingChannel._on_consumer_cancelled_by_broker of <BlockingChannel impl=<Channel number=1 OPENING conn=<SelectConnection OPEN transport=<pika.adapters.utils.io_services_utils._AsyncPlaintextTransport object at 0x7c8f58160410> params=<ConnectionParameters host=localhost port=5672 virtual_host=/ ssl=False>>>>>, 'one_shot': False, 'only': None, 'arguments': None}
2025-05-01 19:35:33,857 - pika.callback - DEBUG - Added: {'callback': <bound method _CallbackResult.signal_once of <pika.adapters.blocking_connection._CallbackResult object at 0x7c8f58168180>>, 'one_shot': False, 'only': None, 'arguments': None}
2025-05-01 19:35:33,857 - pika.callback - DEBUG - Added: {'callback': <bound method BlockingChannel._on_channel_closed of <BlockingChannel impl=<Channel number=1 OPENING conn=<SelectConnection OPEN transport=<pika.adapters.utils.io_services_utils._AsyncPlaintextTransport object at 0x7c8f58160410> params=<ConnectionParameters host=localhost port=5672 virtual_host=/ ssl=False>>>>>, 'one_shot': False, 'only': <Channel number=1 OPENING conn=<SelectConnection OPEN transport=<pika.adapters.utils.io_services_utils._AsyncPlaintextTransport object at 0x7c8f58160410> params=<ConnectionParameters host=localhost port=5672 virtual_host=/ ssl=False>>>, 'arguments': None}
2025-05-01 19:35:33,857 - pika.callback - DEBUG - Added: {'callback': <bound method _CallbackResult.set_value_once of <pika.adapters.blocking_connection._CallbackResult object at 0x7c8f581681c0>>, 'one_shot': False, 'only': None, 'arguments': None}
2025-05-01 19:35:33,857 - pika.adapters.blocking_connection - INFO - Created channel=1
2025-05-01 19:35:33,857 - pika.adapters.utils.selector_ioloop_adapter - DEBUG - SelectorIOServicesAdapter.remove_writer(13)
2025-05-01 19:35:33,858 - pika.adapters.utils.selector_ioloop_adapter - DEBUG - remove_writer(13) updated handler Rd
2025-05-01 19:35:33,858 - pika.adapters.utils.io_services_utils - DEBUG - Turned off writability watcher: <socket.socket fd=13, family=10, type=1, proto=6, laddr=('::1', 47614, 0, 0), raddr=('::1', 5672, 0, 0)>
2025-05-01 19:35:33,860 - pika.callback - DEBUG - Processing 1:Channel.OpenOk
2025-05-01 19:35:33,860 - pika.callback - DEBUG - Processing use of oneshot callback
2025-05-01 19:35:33,860 - pika.callback - DEBUG - 0 registered uses left
2025-05-01 19:35:33,860 - pika.callback - DEBUG - Removing callback #0: {'callback': <bound method Channel._on_synchronous_complete of <Channel number=1 OPENING conn=<SelectConnection OPEN transport=<pika.adapters.utils.io_services_utils._AsyncPlaintextTransport object at 0x7c8f58160410> params=<ConnectionParameters host=localhost port=5672 virtual_host=/ ssl=False>>>>, 'one_shot': True, 'only': None, 'arguments': None, 'calls': 0}
2025-05-01 19:35:33,860 - pika.callback - DEBUG - Processing use of oneshot callback
2025-05-01 19:35:33,860 - pika.callback - DEBUG - 0 registered uses left
2025-05-01 19:35:33,860 - pika.callback - DEBUG - Removing callback #0: {'callback': <bound method Channel._on_openok of <Channel number=1 OPENING conn=<SelectConnection OPEN transport=<pika.adapters.utils.io_services_utils._AsyncPlaintextTransport object at 0x7c8f58160410> params=<ConnectionParameters host=localhost port=5672 virtual_host=/ ssl=False>>>>, 'one_shot': True, 'only': None, 'arguments': None, 'calls': 0}
2025-05-01 19:35:33,860 - pika.callback - DEBUG - Calling <bound method Channel._on_synchronous_complete of <Channel number=1 OPENING conn=<SelectConnection OPEN transport=<pika.adapters.utils.io_services_utils._AsyncPlaintextTransport object at 0x7c8f58160410> params=<ConnectionParameters host=localhost port=5672 virtual_host=/ ssl=False>>>> for "1:Channel.OpenOk"
2025-05-01 19:35:33,861 - pika.channel - DEBUG - 0 blocked frames
2025-05-01 19:35:33,861 - pika.callback - DEBUG - Calling <bound method Channel._on_openok of <Channel number=1 OPENING conn=<SelectConnection OPEN transport=<pika.adapters.utils.io_services_utils._AsyncPlaintextTransport object at 0x7c8f58160410> params=<ConnectionParameters host=localhost port=5672 virtual_host=/ ssl=False>>>> for "1:Channel.OpenOk"
2025-05-01 19:35:33,861 - pika.adapters.utils.io_services_utils - DEBUG - Recv would block on <socket.socket fd=13, family=10, type=1, proto=6, laddr=('::1', 47614, 0, 0), raddr=('::1', 5672, 0, 0)>
2025-05-01 19:35:33,861 - pika.adapters.utils.selector_ioloop_adapter - DEBUG - SelectorIOServicesAdapter.set_writer(13, <bound method _AsyncPlaintextTransport._on_socket_writable of <pika.adapters.utils.io_services_utils._AsyncPlaintextTransport object at 0x7c8f58160410>>)
2025-05-01 19:35:33,861 - pika.adapters.utils.selector_ioloop_adapter - DEBUG - set_writer(13, _) updated handler RdWr
2025-05-01 19:35:33,861 - pika.adapters.utils.io_services_utils - DEBUG - Turned on writability watcher: <socket.socket fd=13, family=10, type=1, proto=6, laddr=('::1', 47614, 0, 0), raddr=('::1', 5672, 0, 0)>
2025-05-01 19:35:33,861 - pika.channel - DEBUG - Entering blocking state on frame <Queue.Declare(['arguments={}', 'auto_delete=False', 'durable=False', 'exclusive=False', 'nowait=False', 'passive=False', 'queue=sums', 'ticket=0'])>; acceptable_replies=[(<class 'pika.spec.Queue.DeclareOk'>, {'queue': 'sums'})]
2025-05-01 19:35:33,862 - pika.channel - DEBUG - Adding on_synchronous_complete callback
2025-05-01 19:35:33,862 - pika.callback - DEBUG - Added: {'callback': <bound method Channel._on_synchronous_complete of <Channel number=1 OPEN conn=<SelectConnection OPEN transport=<pika.adapters.utils.io_services_utils._AsyncPlaintextTransport object at 0x7c8f58160410> params=<ConnectionParameters host=localhost port=5672 virtual_host=/ ssl=False>>>>, 'one_shot': True, 'only': None, 'arguments': {'queue': 'sums'}, 'calls': 1}
2025-05-01 19:35:33,862 - pika.channel - DEBUG - Adding passed-in RPC response callback
2025-05-01 19:35:33,862 - pika.callback - DEBUG - Added: {'callback': <bound method _CallbackResult.set_value_once of <pika.adapters.blocking_connection._CallbackResult object at 0x7c8f5815df40>>, 'one_shot': True, 'only': None, 'arguments': {'queue': 'sums'}, 'calls': 1}
2025-05-01 19:35:33,862 - pika.adapters.utils.selector_ioloop_adapter - DEBUG - SelectorIOServicesAdapter.remove_writer(13)
2025-05-01 19:35:33,862 - pika.adapters.utils.selector_ioloop_adapter - DEBUG - remove_writer(13) updated handler Rd
2025-05-01 19:35:33,862 - pika.adapters.utils.io_services_utils - DEBUG - Turned off writability watcher: <socket.socket fd=13, family=10, type=1, proto=6, laddr=('::1', 47614, 0, 0), raddr=('::1', 5672, 0, 0)>
2025-05-01 19:35:33,864 - pika.callback - DEBUG - Processing 1:Queue.DeclareOk
2025-05-01 19:35:33,864 - pika.callback - DEBUG - Processing use of oneshot callback
2025-05-01 19:35:33,864 - pika.callback - DEBUG - 0 registered uses left
2025-05-01 19:35:33,864 - pika.callback - DEBUG - Comparing {'queue': 'sums'} to {'queue': 'sums'}
2025-05-01 19:35:33,864 - pika.callback - DEBUG - Removing callback #0: {'callback': <bound method Channel._on_synchronous_complete of <Channel number=1 OPEN conn=<SelectConnection OPEN transport=<pika.adapters.utils.io_services_utils._AsyncPlaintextTransport object at 0x7c8f58160410> params=<ConnectionParameters host=localhost port=5672 virtual_host=/ ssl=False>>>>, 'one_shot': True, 'only': None, 'arguments': {'queue': 'sums'}, 'calls': 0}
2025-05-01 19:35:33,865 - pika.callback - DEBUG - Processing use of oneshot callback
2025-05-01 19:35:33,865 - pika.callback - DEBUG - 0 registered uses left
2025-05-01 19:35:33,865 - pika.callback - DEBUG - Comparing {'queue': 'sums'} to {'queue': 'sums'}
2025-05-01 19:35:33,865 - pika.callback - DEBUG - Removing callback #0: {'callback': <bound method _CallbackResult.set_value_once of <pika.adapters.blocking_connection._CallbackResult object at 0x7c8f5815df40>>, 'one_shot': True, 'only': None, 'arguments': {'queue': 'sums'}, 'calls': 0}
2025-05-01 19:35:33,865 - pika.callback - DEBUG - Calling <bound method Channel._on_synchronous_complete of <Channel number=1 OPEN conn=<SelectConnection OPEN transport=<pika.adapters.utils.io_services_utils._AsyncPlaintextTransport object at 0x7c8f58160410> params=<ConnectionParameters host=localhost port=5672 virtual_host=/ ssl=False>>>> for "1:Queue.DeclareOk"
2025-05-01 19:35:33,865 - pika.channel - DEBUG - 0 blocked frames
2025-05-01 19:35:33,865 - pika.callback - DEBUG - Calling <bound method _CallbackResult.set_value_once of <pika.adapters.blocking_connection._CallbackResult object at 0x7c8f5815df40>> for "1:Queue.DeclareOk"
2025-05-01 19:35:33,865 - pika.adapters.utils.io_services_utils - DEBUG - Recv would block on <socket.socket fd=13, family=10, type=1, proto=6, laddr=('::1', 47614, 0, 0), raddr=('::1', 5672, 0, 0)>
2025-05-01 19:35:33,865 - root - INFO - Successfully connected to RabbitMQ and declared queue sums
2025-05-01 19:35:33,866 - pika.adapters.utils.selector_ioloop_adapter - DEBUG - SelectorIOServicesAdapter.set_writer(13, <bound method _AsyncPlaintextTransport._on_socket_writable of <pika.adapters.utils.io_services_utils._AsyncPlaintextTransport object at 0x7c8f58160410>>)
2025-05-01 19:35:33,866 - pika.adapters.utils.selector_ioloop_adapter - DEBUG - set_writer(13, _) updated handler RdWr
2025-05-01 19:35:33,866 - pika.adapters.utils.io_services_utils - DEBUG - Turned on writability watcher: <socket.socket fd=13, family=10, type=1, proto=6, laddr=('::1', 47614, 0, 0), raddr=('::1', 5672, 0, 0)>
2025-05-01 19:35:33,866 - pika.adapters.utils.selector_ioloop_adapter - DEBUG - SelectorIOServicesAdapter.remove_writer(13)
2025-05-01 19:35:33,867 - pika.adapters.utils.selector_ioloop_adapter - DEBUG - remove_writer(13) updated handler Rd
2025-05-01 19:35:33,867 - pika.adapters.utils.io_services_utils - DEBUG - Turned off writability watcher: <socket.socket fd=13, family=10, type=1, proto=6, laddr=('::1', 47614, 0, 0), raddr=('::1', 5672, 0, 0)>
2025-05-01 19:35:33,867 - root - INFO - Message published to queue sums
2025-05-01 19:35:33,868 - internal.adapters.database_initalizer - DEBUG - Requesting cursor via context manager
2025-05-01 19:35:33,868 - internal.adapters.database_initalizer - INFO - Successfully retrieved connection from pool
2025-05-01 19:35:33,870 - root - INFO - Row 5281714a-cb2f-46ac-937c-4361cb4fa412 has been marked as processed
2025-05-01 19:35:33,871 - internal.adapters.database_initalizer - DEBUG - Returning connection to pool
2025-05-01 19:35:33,872 - internal.adapters.database_initalizer - INFO - Connection returned to pool
2025-05-01 19:35:33,872 - root - INFO - Successfully processed and published message ID 5281714a-cb2f-46ac-937c-4361cb4fa412
2025-05-01 19:35:38,872 - root - INFO - Fetching pending messages from outbox
2025-05-01 19:35:38,872 - internal.adapters.database_initalizer - DEBUG - Requesting cursor via context manager
2025-05-01 19:35:38,872 - internal.adapters.database_initalizer - INFO - Successfully retrieved connection from pool
2025-05-01 19:35:38,874 - internal.adapters.database_initalizer - DEBUG - Returning connection to pool
2025-05-01 19:35:38,874 - internal.adapters.database_initalizer - INFO - Connection returned to pool
2025-05-01 19:35:38,874 - root - INFO - There are no outbox messages to be processed
2025-05-01 19:35:43,874 - root - INFO - Fetching pending messages from outbox
2025-05-01 19:35:43,874 - internal.adapters.database_initalizer - DEBUG - Requesting cursor via context manager
2025-05-01 19:35:43,874 - internal.adapters.database_initalizer - INFO - Successfully retrieved connection from pool
2025-05-01 19:35:43,876 - internal.adapters.database_initalizer - DEBUG - Returning connection to pool
2025-05-01 19:35:43,876 - internal.adapters.database_initalizer - INFO - Connection returned to pool
2025-05-01 19:35:43,877 - root - INFO - There are no outbox messages to be processed
2025-05-01 19:35:48,877 - root - INFO - Fetching pending messages from outbox
2025-05-01 19:35:48,877 - internal.adapters.database_initalizer - DEBUG - Requesting cursor via context manager
2025-05-01 19:35:48,877 - internal.adapters.database_initalizer - INFO - Successfully retrieved connection from pool
2025-05-01 19:35:48,879 - internal.adapters.database_initalizer - DEBUG - Returning connection to pool
2025-05-01 19:35:48,879 - internal.adapters.database_initalizer - INFO - Connection returned to pool
2025-05-01 19:35:48,879 - root - INFO - There are no outbox messages to be processed
2025-05-01 19:35:53,880 - root - INFO - Fetching pending messages from outbox
2025-05-01 19:35:53,880 - internal.adapters.database_initalizer - DEBUG - Requesting cursor via context manager
2025-05-01 19:35:53,880 - internal.adapters.database_initalizer - INFO - Successfully retrieved connection from pool
2025-05-01 19:35:53,885 - internal.adapters.database_initalizer - DEBUG - Returning connection to pool
2025-05-01 19:35:53,886 - internal.adapters.database_initalizer - INFO - Connection returned to pool
2025-05-01 19:35:53,886 - root - INFO - There are no outbox messages to be processed
2025-05-01 19:35:58,886 - root - INFO - Fetching pending messages from outbox
2025-05-01 19:35:58,887 - internal.adapters.database_initalizer - DEBUG - Requesting cursor via context manager
2025-05-01 19:35:58,887 - internal.adapters.database_initalizer - INFO - Successfully retrieved connection from pool
2025-05-01 19:35:58,889 - internal.adapters.database_initalizer - DEBUG - Returning connection to pool
2025-05-01 19:35:58,890 - internal.adapters.database_initalizer - INFO - Connection returned to pool
2025-05-01 19:35:58,890 - root - INFO - There are no outbox messages to be processed
2025-05-01 19:36:03,890 - root - INFO - Fetching pending messages from outbox
2025-05-01 19:36:03,890 - internal.adapters.database_initalizer - DEBUG - Requesting cursor via context manager
2025-05-01 19:36:03,890 - internal.adapters.database_initalizer - INFO - Successfully retrieved connection from pool
2025-05-01 19:36:03,893 - internal.adapters.database_initalizer - DEBUG - Returning connection to pool
2025-05-01 19:36:03,893 - internal.adapters.database_initalizer - INFO - Connection returned to pool
2025-05-01 19:36:03,893 - root - INFO - There are no outbox messages to be processed
2025-05-01 19:36:08,894 - root - INFO - Fetching pending messages from outbox
2025-05-01 19:36:08,894 - internal.adapters.database_initalizer - DEBUG - Requesting cursor via context manager
2025-05-01 19:36:08,894 - internal.adapters.database_initalizer - INFO - Successfully retrieved connection from pool
2025-05-01 19:36:08,895 - internal.adapters.database_initalizer - DEBUG - Returning connection to pool
2025-05-01 19:36:08,895 - internal.adapters.database_initalizer - INFO - Connection returned to pool
2025-05-01 19:36:08,896 - root - INFO - There are no outbox messages to be processed
2025-05-01 19:36:13,896 - root - INFO - Fetching pending messages from outbox
2025-05-01 19:36:13,896 - internal.adapters.database_initalizer - DEBUG - Requesting cursor via context manager
2025-05-01 19:36:13,896 - internal.adapters.database_initalizer - INFO - Successfully retrieved connection from pool
2025-05-01 19:36:13,900 - internal.adapters.database_initalizer - DEBUG - Returning connection to pool
2025-05-01 19:36:13,901 - internal.adapters.database_initalizer - INFO - Connection returned to pool
2025-05-01 19:36:13,901 - root - INFO - There are no outbox messages to be processed
2025-05-01 19:36:18,901 - root - INFO - Fetching pending messages from outbox
2025-05-01 19:36:18,902 - internal.adapters.database_initalizer - DEBUG - Requesting cursor via context manager
2025-05-01 19:36:18,902 - internal.adapters.database_initalizer - INFO - Successfully retrieved connection from pool
2025-05-01 19:36:18,907 - internal.adapters.database_initalizer - DEBUG - Returning connection to pool
2025-05-01 19:36:18,907 - internal.adapters.database_initalizer - INFO - Connection returned to pool
2025-05-01 19:36:18,907 - root - INFO - There are no outbox messages to be processed
2025-05-01 19:36:23,908 - root - INFO - Fetching pending messages from outbox
2025-05-01 19:36:23,908 - internal.adapters.database_initalizer - DEBUG - Requesting cursor via context manager
2025-05-01 19:36:23,908 - internal.adapters.database_initalizer - INFO - Successfully retrieved connection from pool
2025-05-01 19:36:23,913 - internal.adapters.database_initalizer - DEBUG - Returning connection to pool
2025-05-01 19:36:23,913 - internal.adapters.database_initalizer - INFO - Connection returned to pool
2025-05-01 19:36:23,914 - root - INFO - There are no outbox messages to be processed
2025-05-01 19:36:28,914 - root - INFO - Fetching pending messages from outbox
2025-05-01 19:36:28,914 - internal.adapters.database_initalizer - DEBUG - Requesting cursor via context manager
2025-05-01 19:36:28,914 - internal.adapters.database_initalizer - INFO - Successfully retrieved connection from pool
2025-05-01 19:36:28,917 - internal.adapters.database_initalizer - DEBUG - Returning connection to pool
2025-05-01 19:36:28,918 - internal.adapters.database_initalizer - INFO - Connection returned to pool
2025-05-01 19:36:28,918 - root - INFO - There are no outbox messages to be processed
2025-05-01 19:36:33,918 - root - INFO - Fetching pending messages from outbox
2025-05-01 19:36:33,918 - internal.adapters.database_initalizer - DEBUG - Requesting cursor via context manager
2025-05-01 19:36:33,919 - internal.adapters.database_initalizer - INFO - Successfully retrieved connection from pool
2025-05-01 19:36:33,923 - internal.adapters.database_initalizer - DEBUG - Returning connection to pool
2025-05-01 19:36:33,923 - internal.adapters.database_initalizer - INFO - Connection returned to pool
2025-05-01 19:36:33,923 - root - INFO - There are no outbox messages to be processed
2025-05-01 19:36:38,924 - root - INFO - Fetching pending messages from outbox
2025-05-01 19:36:38,924 - internal.adapters.database_initalizer - DEBUG - Requesting cursor via context manager
2025-05-01 19:36:38,924 - internal.adapters.database_initalizer - INFO - Successfully retrieved connection from pool
2025-05-01 19:36:38,926 - internal.adapters.database_initalizer - DEBUG - Returning connection to pool
2025-05-01 19:36:38,927 - internal.adapters.database_initalizer - INFO - Connection returned to pool
2025-05-01 19:36:38,927 - root - INFO - There are no outbox messages to be processed
2025-05-01 19:36:43,927 - root - INFO - Fetching pending messages from outbox
2025-05-01 19:36:43,927 - internal.adapters.database_initalizer - DEBUG - Requesting cursor via context manager
2025-05-01 19:36:43,927 - internal.adapters.database_initalizer - INFO - Successfully retrieved connection from pool
2025-05-01 19:36:43,929 - internal.adapters.database_initalizer - DEBUG - Returning connection to pool
2025-05-01 19:36:43,929 - internal.adapters.database_initalizer - INFO - Connection returned to pool
2025-05-01 19:36:43,929 - root - INFO - There are no outbox messages to be processed
2025-05-01 19:36:48,930 - root - INFO - Fetching pending messages from outbox
2025-05-01 19:36:48,930 - internal.adapters.database_initalizer - DEBUG - Requesting cursor via context manager
2025-05-01 19:36:48,930 - internal.adapters.database_initalizer - INFO - Successfully retrieved connection from pool
2025-05-01 19:36:48,932 - internal.adapters.database_initalizer - DEBUG - Returning connection to pool
2025-05-01 19:36:48,932 - internal.adapters.database_initalizer - INFO - Connection returned to pool
2025-05-01 19:36:48,933 - root - INFO - There are no outbox messages to be processed
2025-05-01 19:36:53,933 - root - INFO - Fetching pending messages from outbox
2025-05-01 19:36:53,933 - internal.adapters.database_initalizer - DEBUG - Requesting cursor via context manager
2025-05-01 19:36:53,933 - internal.adapters.database_initalizer - INFO - Successfully retrieved connection from pool
2025-05-01 19:36:53,938 - internal.adapters.database_initalizer - DEBUG - Returning connection to pool
2025-05-01 19:36:53,938 - internal.adapters.database_initalizer - INFO - Connection returned to pool
2025-05-01 19:36:53,938 - root - INFO - There are no outbox messages to be processed
2025-05-01 19:36:58,938 - root - INFO - Fetching pending messages from outbox
2025-05-01 19:36:58,939 - internal.adapters.database_initalizer - DEBUG - Requesting cursor via context manager
2025-05-01 19:36:58,939 - internal.adapters.database_initalizer - INFO - Successfully retrieved connection from pool
2025-05-01 19:36:58,944 - internal.adapters.database_initalizer - DEBUG - Returning connection to pool
2025-05-01 19:36:58,944 - internal.adapters.database_initalizer - INFO - Connection returned to pool
2025-05-01 19:36:58,944 - root - INFO - There are no outbox messages to be processed
2025-05-01 19:37:03,945 - root - INFO - Fetching pending messages from outbox
2025-05-01 19:37:03,945 - internal.adapters.database_initalizer - DEBUG - Requesting cursor via context manager
2025-05-01 19:37:03,945 - internal.adapters.database_initalizer - INFO - Successfully retrieved connection from pool
2025-05-01 19:37:03,947 - internal.adapters.database_initalizer - DEBUG - Returning connection to pool
2025-05-01 19:37:03,947 - internal.adapters.database_initalizer - INFO - Connection returned to pool
2025-05-01 19:37:03,947 - root - INFO - There are no outbox messages to be processed
2025-05-01 19:37:08,947 - root - INFO - Fetching pending messages from outbox
2025-05-01 19:37:08,947 - internal.adapters.database_initalizer - DEBUG - Requesting cursor via context manager
2025-05-01 19:37:08,948 - internal.adapters.database_initalizer - INFO - Successfully retrieved connection from pool
2025-05-01 19:37:08,952 - internal.adapters.database_initalizer - DEBUG - Returning connection to pool
2025-05-01 19:37:08,952 - internal.adapters.database_initalizer - INFO - Connection returned to pool
2025-05-01 19:37:08,953 - root - INFO - There are no outbox messages to be processed
2025-05-01 19:37:13,953 - root - INFO - Fetching pending messages from outbox
2025-05-01 19:37:13,953 - internal.adapters.database_initalizer - DEBUG - Requesting cursor via context manager
2025-05-01 19:37:13,954 - internal.adapters.database_initalizer - INFO - Successfully retrieved connection from pool
2025-05-01 19:37:13,957 - internal.adapters.database_initalizer - DEBUG - Returning connection to pool
2025-05-01 19:37:13,958 - internal.adapters.database_initalizer - INFO - Connection returned to pool
2025-05-01 19:37:13,958 - root - INFO - There are no outbox messages to be processed
2025-05-01 19:37:18,958 - root - INFO - Fetching pending messages from outbox
2025-05-01 19:37:18,959 - internal.adapters.database_initalizer - DEBUG - Requesting cursor via context manager
2025-05-01 19:37:18,959 - internal.adapters.database_initalizer - INFO - Successfully retrieved connection from pool
2025-05-01 19:37:18,963 - internal.adapters.database_initalizer - DEBUG - Returning connection to pool
2025-05-01 19:37:18,963 - internal.adapters.database_initalizer - INFO - Connection returned to pool
2025-05-01 19:37:18,964 - root - INFO - There are no outbox messages to be processed
2025-05-01 19:37:23,964 - root - INFO - Fetching pending messages from outbox
2025-05-01 19:37:23,964 - internal.adapters.database_initalizer - DEBUG - Requesting cursor via context manager
2025-05-01 19:37:23,965 - internal.adapters.database_initalizer - INFO - Successfully retrieved connection from pool
2025-05-01 19:37:23,970 - internal.adapters.database_initalizer - DEBUG - Returning connection to pool
2025-05-01 19:37:23,970 - internal.adapters.database_initalizer - INFO - Connection returned to pool
2025-05-01 19:37:23,971 - root - INFO - There are no outbox messages to be processed
2025-05-01 19:37:28,971 - root - INFO - Fetching pending messages from outbox
2025-05-01 19:37:28,971 - internal.adapters.database_initalizer - DEBUG - Requesting cursor via context manager
2025-05-01 19:37:28,971 - internal.adapters.database_initalizer - INFO - Successfully retrieved connection from pool
2025-05-01 19:37:28,972 - internal.adapters.database_initalizer - DEBUG - Returning connection to pool
2025-05-01 19:37:28,973 - internal.adapters.database_initalizer - INFO - Connection returned to pool
2025-05-01 19:37:28,973 - root - INFO - There are no outbox messages to be processed
2025-05-01 19:37:33,973 - root - INFO - Fetching pending messages from outbox
2025-05-01 19:37:33,973 - internal.adapters.database_initalizer - DEBUG - Requesting cursor via context manager
2025-05-01 19:37:33,973 - internal.adapters.database_initalizer - INFO - Successfully retrieved connection from pool
2025-05-01 19:37:33,975 - internal.adapters.database_initalizer - DEBUG - Returning connection to pool
2025-05-01 19:37:33,975 - internal.adapters.database_initalizer - INFO - Connection returned to pool
2025-05-01 19:37:33,975 - root - INFO - There are no outbox messages to be processed
2025-05-01 19:37:38,975 - root - INFO - Fetching pending messages from outbox
2025-05-01 19:37:38,976 - internal.adapters.database_initalizer - DEBUG - Requesting cursor via context manager
2025-05-01 19:37:38,976 - internal.adapters.database_initalizer - INFO - Successfully retrieved connection from pool
2025-05-01 19:37:38,981 - internal.adapters.database_initalizer - DEBUG - Returning connection to pool
2025-05-01 19:37:38,981 - internal.adapters.database_initalizer - INFO - Connection returned to pool
2025-05-01 19:37:38,982 - root - INFO - There are no outbox messages to be processed
2025-05-01 19:37:43,982 - root - INFO - Fetching pending messages from outbox
2025-05-01 19:37:43,982 - internal.adapters.database_initalizer - DEBUG - Requesting cursor via context manager
2025-05-01 19:37:43,983 - internal.adapters.database_initalizer - INFO - Successfully retrieved connection from pool
2025-05-01 19:37:43,985 - internal.adapters.database_initalizer - DEBUG - Returning connection to pool
2025-05-01 19:37:43,985 - internal.adapters.database_initalizer - INFO - Connection returned to pool
2025-05-01 19:37:43,985 - root - INFO - There are no outbox messages to be processed
2025-05-01 19:37:48,986 - root - INFO - Fetching pending messages from outbox
2025-05-01 19:37:48,986 - internal.adapters.database_initalizer - DEBUG - Requesting cursor via context manager
2025-05-01 19:37:48,986 - internal.adapters.database_initalizer - INFO - Successfully retrieved connection from pool
2025-05-01 19:37:48,989 - internal.adapters.database_initalizer - DEBUG - Returning connection to pool
2025-05-01 19:37:48,989 - internal.adapters.database_initalizer - INFO - Connection returned to pool
2025-05-01 19:37:48,989 - root - INFO - There are no outbox messages to be processed
2025-05-01 19:37:53,989 - root - INFO - Fetching pending messages from outbox
2025-05-01 19:37:53,989 - internal.adapters.database_initalizer - DEBUG - Requesting cursor via context manager
2025-05-01 19:37:53,990 - internal.adapters.database_initalizer - INFO - Successfully retrieved connection from pool
2025-05-01 19:37:53,992 - internal.adapters.database_initalizer - DEBUG - Returning connection to pool
2025-05-01 19:37:53,992 - internal.adapters.database_initalizer - INFO - Connection returned to pool
2025-05-01 19:37:53,992 - root - INFO - There are no outbox messages to be processed
2025-05-01 19:37:58,992 - root - INFO - Fetching pending messages from outbox
2025-05-01 19:37:58,993 - internal.adapters.database_initalizer - DEBUG - Requesting cursor via context manager
2025-05-01 19:37:58,993 - internal.adapters.database_initalizer - INFO - Successfully retrieved connection from pool
2025-05-01 19:37:58,995 - internal.adapters.database_initalizer - DEBUG - Returning connection to pool
2025-05-01 19:37:58,995 - internal.adapters.database_initalizer - INFO - Connection returned to pool
2025-05-01 19:37:58,995 - root - INFO - There are no outbox messages to be processed
2025-05-01 19:38:03,995 - root - INFO - Fetching pending messages from outbox
2025-05-01 19:38:03,996 - internal.adapters.database_initalizer - DEBUG - Requesting cursor via context manager
2025-05-01 19:38:03,996 - internal.adapters.database_initalizer - INFO - Successfully retrieved connection from pool
2025-05-01 19:38:03,998 - internal.adapters.database_initalizer - DEBUG - Returning connection to pool
2025-05-01 19:38:03,998 - internal.adapters.database_initalizer - INFO - Connection returned to pool
2025-05-01 19:38:03,998 - root - INFO - There are no outbox messages to be processed
2025-05-01 19:38:08,998 - root - INFO - Fetching pending messages from outbox
2025-05-01 19:38:08,998 - internal.adapters.database_initalizer - DEBUG - Requesting cursor via context manager
2025-05-01 19:38:08,998 - internal.adapters.database_initalizer - INFO - Successfully retrieved connection from pool
2025-05-01 19:38:09,000 - internal.adapters.database_initalizer - DEBUG - Returning connection to pool
2025-05-01 19:38:09,000 - internal.adapters.database_initalizer - INFO - Connection returned to pool
2025-05-01 19:38:09,000 - root - INFO - There are no outbox messages to be processed
2025-05-01 19:38:14,000 - root - INFO - Fetching pending messages from outbox
2025-05-01 19:38:14,000 - internal.adapters.database_initalizer - DEBUG - Requesting cursor via context manager
2025-05-01 19:38:14,000 - internal.adapters.database_initalizer - INFO - Successfully retrieved connection from pool
2025-05-01 19:38:14,002 - internal.adapters.database_initalizer - DEBUG - Returning connection to pool
2025-05-01 19:38:14,002 - internal.adapters.database_initalizer - INFO - Connection returned to pool
2025-05-01 19:38:14,002 - root - INFO - There are no outbox messages to be processed
2025-05-01 19:38:19,003 - root - INFO - Fetching pending messages from outbox
2025-05-01 19:38:19,003 - internal.adapters.database_initalizer - DEBUG - Requesting cursor via context manager
2025-05-01 19:38:19,003 - internal.adapters.database_initalizer - INFO - Successfully retrieved connection from pool
2025-05-01 19:38:19,007 - internal.adapters.database_initalizer - DEBUG - Returning connection to pool
2025-05-01 19:38:19,007 - internal.adapters.database_initalizer - INFO - Connection returned to pool
2025-05-01 19:38:19,007 - root - INFO - There are no outbox messages to be processed
2025-05-01 19:38:24,008 - root - INFO - Fetching pending messages from outbox
2025-05-01 19:38:24,008 - internal.adapters.database_initalizer - DEBUG - Requesting cursor via context manager
2025-05-01 19:38:24,008 - internal.adapters.database_initalizer - INFO - Successfully retrieved connection from pool
2025-05-01 19:38:24,013 - internal.adapters.database_initalizer - DEBUG - Returning connection to pool
2025-05-01 19:38:24,013 - internal.adapters.database_initalizer - INFO - Connection returned to pool
2025-05-01 19:38:24,014 - root - INFO - There are no outbox messages to be processed
2025-05-01 19:38:29,014 - root - INFO - Fetching pending messages from outbox
2025-05-01 19:38:29,014 - internal.adapters.database_initalizer - DEBUG - Requesting cursor via context manager
2025-05-01 19:38:29,015 - internal.adapters.database_initalizer - INFO - Successfully retrieved connection from pool
2025-05-01 19:38:29,019 - internal.adapters.database_initalizer - DEBUG - Returning connection to pool
2025-05-01 19:38:29,020 - internal.adapters.database_initalizer - INFO - Connection returned to pool
2025-05-01 19:38:29,020 - root - INFO - There are no outbox messages to be processed
2025-05-01 19:38:34,021 - root - INFO - Fetching pending messages from outbox
2025-05-01 19:38:34,022 - internal.adapters.database_initalizer - DEBUG - Requesting cursor via context manager
2025-05-01 19:38:34,022 - internal.adapters.database_initalizer - INFO - Successfully retrieved connection from pool
2025-05-01 19:38:34,027 - internal.adapters.database_initalizer - DEBUG - Returning connection to pool
2025-05-01 19:38:34,027 - internal.adapters.database_initalizer - INFO - Connection returned to pool
2025-05-01 19:38:34,027 - root - INFO - There are no outbox messages to be processed
2025-05-01 19:38:39,027 - root - INFO - Fetching pending messages from outbox
2025-05-01 19:38:39,028 - internal.adapters.database_initalizer - DEBUG - Requesting cursor via context manager
2025-05-01 19:38:39,028 - internal.adapters.database_initalizer - INFO - Successfully retrieved connection from pool
2025-05-01 19:38:39,030 - internal.adapters.database_initalizer - DEBUG - Returning connection to pool
2025-05-01 19:38:39,030 - internal.adapters.database_initalizer - INFO - Connection returned to pool
2025-05-01 19:38:39,030 - root - INFO - There are no outbox messages to be processed
2025-05-01 19:38:44,030 - root - INFO - Fetching pending messages from outbox
2025-05-01 19:38:44,030 - internal.adapters.database_initalizer - DEBUG - Requesting cursor via context manager
2025-05-01 19:38:44,030 - internal.adapters.database_initalizer - INFO - Successfully retrieved connection from pool
2025-05-01 19:38:44,032 - internal.adapters.database_initalizer - DEBUG - Returning connection to pool
2025-05-01 19:38:44,032 - internal.adapters.database_initalizer - INFO - Connection returned to pool
2025-05-01 19:38:44,032 - root - INFO - There are no outbox messages to be processed
2025-05-01 19:38:49,032 - root - INFO - Fetching pending messages from outbox
2025-05-01 19:38:49,032 - internal.adapters.database_initalizer - DEBUG - Requesting cursor via context manager
2025-05-01 19:38:49,032 - internal.adapters.database_initalizer - INFO - Successfully retrieved connection from pool
2025-05-01 19:38:49,034 - internal.adapters.database_initalizer - DEBUG - Returning connection to pool
2025-05-01 19:38:49,034 - internal.adapters.database_initalizer - INFO - Connection returned to pool
2025-05-01 19:38:49,034 - root - INFO - There are no outbox messages to be processed
2025-05-01 19:38:54,034 - root - INFO - Fetching pending messages from outbox
2025-05-01 19:38:54,035 - internal.adapters.database_initalizer - DEBUG - Requesting cursor via context manager
2025-05-01 19:38:54,035 - internal.adapters.database_initalizer - INFO - Successfully retrieved connection from pool
2025-05-01 19:38:54,036 - internal.adapters.database_initalizer - DEBUG - Returning connection to pool
2025-05-01 19:38:54,036 - internal.adapters.database_initalizer - INFO - Connection returned to pool
2025-05-01 19:38:54,036 - root - INFO - There are no outbox messages to be processed
2025-05-01 19:38:59,037 - root - INFO - Fetching pending messages from outbox
2025-05-01 19:38:59,037 - internal.adapters.database_initalizer - DEBUG - Requesting cursor via context manager
2025-05-01 19:38:59,037 - internal.adapters.database_initalizer - INFO - Successfully retrieved connection from pool
2025-05-01 19:38:59,039 - internal.adapters.database_initalizer - DEBUG - Returning connection to pool
2025-05-01 19:38:59,039 - internal.adapters.database_initalizer - INFO - Connection returned to pool
2025-05-01 19:38:59,039 - root - INFO - There are no outbox messages to be processed
2025-05-01 19:39:04,039 - root - INFO - Fetching pending messages from outbox
2025-05-01 19:39:04,039 - internal.adapters.database_initalizer - DEBUG - Requesting cursor via context manager
2025-05-01 19:39:04,039 - internal.adapters.database_initalizer - INFO - Successfully retrieved connection from pool
2025-05-01 19:39:04,040 - internal.adapters.database_initalizer - DEBUG - Returning connection to pool
2025-05-01 19:39:04,041 - internal.adapters.database_initalizer - INFO - Connection returned to pool
2025-05-01 19:39:04,041 - root - INFO - There are no outbox messages to be processed
2025-05-01 19:39:09,041 - root - INFO - Fetching pending messages from outbox
2025-05-01 19:39:09,041 - internal.adapters.database_initalizer - DEBUG - Requesting cursor via context manager
2025-05-01 19:39:09,042 - internal.adapters.database_initalizer - INFO - Successfully retrieved connection from pool
2025-05-01 19:39:09,045 - internal.adapters.database_initalizer - DEBUG - Returning connection to pool
2025-05-01 19:39:09,046 - internal.adapters.database_initalizer - INFO - Connection returned to pool
2025-05-01 19:39:09,046 - root - INFO - There are no outbox messages to be processed
2025-05-01 19:39:14,046 - root - INFO - Fetching pending messages from outbox
2025-05-01 19:39:14,046 - internal.adapters.database_initalizer - DEBUG - Requesting cursor via context manager
2025-05-01 19:39:14,046 - internal.adapters.database_initalizer - INFO - Successfully retrieved connection from pool
2025-05-01 19:39:14,048 - internal.adapters.database_initalizer - DEBUG - Returning connection to pool
2025-05-01 19:39:14,048 - internal.adapters.database_initalizer - INFO - Connection returned to pool
2025-05-01 19:39:14,048 - root - INFO - There are no outbox messages to be processed
2025-05-01 19:39:19,049 - root - INFO - Fetching pending messages from outbox
2025-05-01 19:39:19,049 - internal.adapters.database_initalizer - DEBUG - Requesting cursor via context manager
2025-05-01 19:39:19,049 - internal.adapters.database_initalizer - INFO - Successfully retrieved connection from pool
2025-05-01 19:39:19,052 - internal.adapters.database_initalizer - DEBUG - Returning connection to pool
2025-05-01 19:39:19,052 - internal.adapters.database_initalizer - INFO - Connection returned to pool
2025-05-01 19:39:19,052 - root - INFO - There are no outbox messages to be processed
2025-05-01 19:39:24,053 - root - INFO - Fetching pending messages from outbox
2025-05-01 19:39:24,053 - internal.adapters.database_initalizer - DEBUG - Requesting cursor via context manager
2025-05-01 19:39:24,053 - internal.adapters.database_initalizer - INFO - Successfully retrieved connection from pool
2025-05-01 19:39:24,054 - internal.adapters.database_initalizer - DEBUG - Returning connection to pool
2025-05-01 19:39:24,054 - internal.adapters.database_initalizer - INFO - Connection returned to pool
2025-05-01 19:39:24,054 - root - INFO - There are no outbox messages to be processed
2025-05-01 19:39:29,055 - root - INFO - Fetching pending messages from outbox
2025-05-01 19:39:29,055 - internal.adapters.database_initalizer - DEBUG - Requesting cursor via context manager
2025-05-01 19:39:29,055 - internal.adapters.database_initalizer - INFO - Successfully retrieved connection from pool
2025-05-01 19:39:29,059 - internal.adapters.database_initalizer - DEBUG - Returning connection to pool
2025-05-01 19:39:29,060 - internal.adapters.database_initalizer - INFO - Connection returned to pool
2025-05-01 19:39:29,060 - root - INFO - There are no outbox messages to be processed
2025-05-01 19:39:34,060 - root - INFO - Fetching pending messages from outbox
2025-05-01 19:39:34,060 - internal.adapters.database_initalizer - DEBUG - Requesting cursor via context manager
2025-05-01 19:39:34,061 - internal.adapters.database_initalizer - INFO - Successfully retrieved connection from pool
2025-05-01 19:39:34,065 - internal.adapters.database_initalizer - DEBUG - Returning connection to pool
2025-05-01 19:39:34,065 - internal.adapters.database_initalizer - INFO - Connection returned to pool
2025-05-01 19:39:34,065 - root - INFO - There are no outbox messages to be processed
2025-05-01 19:39:39,066 - root - INFO - Fetching pending messages from outbox
2025-05-01 19:39:39,066 - internal.adapters.database_initalizer - DEBUG - Requesting cursor via context manager
2025-05-01 19:39:39,066 - internal.adapters.database_initalizer - INFO - Successfully retrieved connection from pool
2025-05-01 19:39:39,067 - internal.adapters.database_initalizer - DEBUG - Returning connection to pool
2025-05-01 19:39:39,067 - internal.adapters.database_initalizer - INFO - Connection returned to pool
2025-05-01 19:39:39,067 - root - INFO - There are no outbox messages to be processed
2025-05-01 19:39:44,068 - root - INFO - Fetching pending messages from outbox
2025-05-01 19:39:44,068 - internal.adapters.database_initalizer - DEBUG - Requesting cursor via context manager
2025-05-01 19:39:44,068 - internal.adapters.database_initalizer - INFO - Successfully retrieved connection from pool
2025-05-01 19:39:44,069 - internal.adapters.database_initalizer - DEBUG - Returning connection to pool
2025-05-01 19:39:44,069 - internal.adapters.database_initalizer - INFO - Connection returned to pool
2025-05-01 19:39:44,070 - root - INFO - There are no outbox messages to be processed
2025-05-01 19:39:49,070 - root - INFO - Fetching pending messages from outbox
2025-05-01 19:39:49,070 - internal.adapters.database_initalizer - DEBUG - Requesting cursor via context manager
2025-05-01 19:39:49,070 - internal.adapters.database_initalizer - INFO - Successfully retrieved connection from pool
2025-05-01 19:39:49,072 - internal.adapters.database_initalizer - DEBUG - Returning connection to pool
2025-05-01 19:39:49,072 - internal.adapters.database_initalizer - INFO - Connection returned to pool
2025-05-01 19:39:49,072 - root - INFO - There are no outbox messages to be processed
2025-05-01 19:39:54,072 - root - INFO - Fetching pending messages from outbox
2025-05-01 19:39:54,072 - internal.adapters.database_initalizer - DEBUG - Requesting cursor via context manager
2025-05-01 19:39:54,072 - internal.adapters.database_initalizer - INFO - Successfully retrieved connection from pool
2025-05-01 19:39:54,074 - internal.adapters.database_initalizer - DEBUG - Returning connection to pool
2025-05-01 19:39:54,075 - internal.adapters.database_initalizer - INFO - Connection returned to pool
2025-05-01 19:39:54,075 - root - INFO - There are no outbox messages to be processed
2025-05-01 19:39:59,075 - root - INFO - Fetching pending messages from outbox
2025-05-01 19:39:59,075 - internal.adapters.database_initalizer - DEBUG - Requesting cursor via context manager
2025-05-01 19:39:59,076 - internal.adapters.database_initalizer - INFO - Successfully retrieved connection from pool
2025-05-01 19:39:59,081 - internal.adapters.database_initalizer - DEBUG - Returning connection to pool
2025-05-01 19:39:59,082 - internal.adapters.database_initalizer - INFO - Connection returned to pool
2025-05-01 19:39:59,082 - root - INFO - There are no outbox messages to be processed
2025-05-01 19:40:04,082 - root - INFO - Fetching pending messages from outbox
2025-05-01 19:40:04,083 - internal.adapters.database_initalizer - DEBUG - Requesting cursor via context manager
2025-05-01 19:40:04,083 - internal.adapters.database_initalizer - INFO - Successfully retrieved connection from pool
2025-05-01 19:40:04,084 - internal.adapters.database_initalizer - DEBUG - Returning connection to pool
2025-05-01 19:40:04,085 - internal.adapters.database_initalizer - INFO - Connection returned to pool
2025-05-01 19:40:04,085 - root - INFO - There are no outbox messages to be processed
2025-05-01 19:40:09,085 - root - INFO - Fetching pending messages from outbox
2025-05-01 19:40:09,085 - internal.adapters.database_initalizer - DEBUG - Requesting cursor via context manager
2025-05-01 19:40:09,085 - internal.adapters.database_initalizer - INFO - Successfully retrieved connection from pool
2025-05-01 19:40:09,087 - internal.adapters.database_initalizer - DEBUG - Returning connection to pool
2025-05-01 19:40:09,087 - internal.adapters.database_initalizer - INFO - Connection returned to pool
2025-05-01 19:40:09,087 - root - INFO - There are no outbox messages to be processed
2025-05-01 19:40:14,087 - root - INFO - Fetching pending messages from outbox
2025-05-01 19:40:14,088 - internal.adapters.database_initalizer - DEBUG - Requesting cursor via context manager
2025-05-01 19:40:14,088 - internal.adapters.database_initalizer - INFO - Successfully retrieved connection from pool
2025-05-01 19:40:14,092 - internal.adapters.database_initalizer - DEBUG - Returning connection to pool
2025-05-01 19:40:14,092 - internal.adapters.database_initalizer - INFO - Connection returned to pool
2025-05-01 19:40:14,093 - root - INFO - There are no outbox messages to be processed
2025-05-01 19:40:19,093 - root - INFO - Fetching pending messages from outbox
2025-05-01 19:40:19,093 - internal.adapters.database_initalizer - DEBUG - Requesting cursor via context manager
2025-05-01 19:40:19,093 - internal.adapters.database_initalizer - INFO - Successfully retrieved connection from pool
2025-05-01 19:40:19,094 - internal.adapters.database_initalizer - DEBUG - Returning connection to pool
2025-05-01 19:40:19,095 - internal.adapters.database_initalizer - INFO - Connection returned to pool
2025-05-01 19:40:19,095 - root - INFO - There are no outbox messages to be processed
2025-05-01 19:40:24,095 - root - INFO - Fetching pending messages from outbox
2025-05-01 19:40:24,095 - internal.adapters.database_initalizer - DEBUG - Requesting cursor via context manager
2025-05-01 19:40:24,095 - internal.adapters.database_initalizer - INFO - Successfully retrieved connection from pool
2025-05-01 19:40:24,097 - internal.adapters.database_initalizer - DEBUG - Returning connection to pool
2025-05-01 19:40:24,097 - internal.adapters.database_initalizer - INFO - Connection returned to pool
2025-05-01 19:40:24,097 - root - INFO - There are no outbox messages to be processed
2025-05-01 19:40:29,097 - root - INFO - Fetching pending messages from outbox
2025-05-01 19:40:29,098 - internal.adapters.database_initalizer - DEBUG - Requesting cursor via context manager
2025-05-01 19:40:29,098 - internal.adapters.database_initalizer - INFO - Successfully retrieved connection from pool
2025-05-01 19:40:29,100 - internal.adapters.database_initalizer - DEBUG - Returning connection to pool
2025-05-01 19:40:29,101 - internal.adapters.database_initalizer - INFO - Connection returned to pool
2025-05-01 19:40:29,101 - root - INFO - There are no outbox messages to be processed
2025-05-01 19:40:34,101 - root - INFO - Fetching pending messages from outbox
2025-05-01 19:40:34,101 - internal.adapters.database_initalizer - DEBUG - Requesting cursor via context manager
2025-05-01 19:40:34,101 - internal.adapters.database_initalizer - INFO - Successfully retrieved connection from pool
2025-05-01 19:40:34,103 - internal.adapters.database_initalizer - DEBUG - Returning connection to pool
2025-05-01 19:40:34,103 - internal.adapters.database_initalizer - INFO - Connection returned to pool
2025-05-01 19:40:34,103 - root - INFO - There are no outbox messages to be processed
2025-05-01 19:40:39,104 - root - INFO - Fetching pending messages from outbox
2025-05-01 19:40:39,104 - internal.adapters.database_initalizer - DEBUG - Requesting cursor via context manager
2025-05-01 19:40:39,104 - internal.adapters.database_initalizer - INFO - Successfully retrieved connection from pool
2025-05-01 19:40:39,108 - internal.adapters.database_initalizer - DEBUG - Returning connection to pool
2025-05-01 19:40:39,108 - internal.adapters.database_initalizer - INFO - Connection returned to pool
2025-05-01 19:40:39,108 - root - INFO - There are no outbox messages to be processed
2025-05-01 19:40:44,109 - root - INFO - Fetching pending messages from outbox
2025-05-01 19:40:44,109 - internal.adapters.database_initalizer - DEBUG - Requesting cursor via context manager
2025-05-01 19:40:44,109 - internal.adapters.database_initalizer - INFO - Successfully retrieved connection from pool
2025-05-01 19:40:44,114 - internal.adapters.database_initalizer - DEBUG - Returning connection to pool
2025-05-01 19:40:44,115 - internal.adapters.database_initalizer - INFO - Connection returned to pool
2025-05-01 19:40:44,115 - root - INFO - There are no outbox messages to be processed
2025-05-01 19:40:49,115 - root - INFO - Fetching pending messages from outbox
2025-05-01 19:40:49,115 - internal.adapters.database_initalizer - DEBUG - Requesting cursor via context manager
2025-05-01 19:40:49,116 - internal.adapters.database_initalizer - INFO - Successfully retrieved connection from pool
2025-05-01 19:40:49,118 - internal.adapters.database_initalizer - DEBUG - Returning connection to pool
2025-05-01 19:40:49,118 - internal.adapters.database_initalizer - INFO - Connection returned to pool
2025-05-01 19:40:49,118 - root - INFO - There are no outbox messages to be processed
2025-05-01 19:40:51,644 - internal.adapters.database_initalizer - DEBUG - Requesting cursor via context manager
2025-05-01 19:40:51,644 - internal.adapters.database_initalizer - INFO - Successfully retrieved connection from pool
2025-05-01 19:40:51,646 - root - INFO - Row with ID a5368883-e800-413f-b90d-02e06354f39b inserted into outbox table
2025-05-01 19:40:51,649 - internal.adapters.database_initalizer - DEBUG - Returning connection to pool
2025-05-01 19:40:51,649 - internal.adapters.database_initalizer - INFO - Connection returned to pool
2025-05-01 19:40:54,119 - root - INFO - Fetching pending messages from outbox
2025-05-01 19:40:54,119 - internal.adapters.database_initalizer - DEBUG - Requesting cursor via context manager
2025-05-01 19:40:54,119 - internal.adapters.database_initalizer - INFO - Successfully retrieved connection from pool
2025-05-01 19:40:54,122 - internal.adapters.database_initalizer - DEBUG - Returning connection to pool
2025-05-01 19:40:54,122 - internal.adapters.database_initalizer - INFO - Connection returned to pool
2025-05-01 19:40:54,123 - pika.adapters.utils.selector_ioloop_adapter - DEBUG - SelectorIOServicesAdapter.set_writer(13, <bound method _AsyncPlaintextTransport._on_socket_writable of <pika.adapters.utils.io_services_utils._AsyncPlaintextTransport object at 0x7c8f58160410>>)
2025-05-01 19:40:54,123 - pika.adapters.utils.selector_ioloop_adapter - DEBUG - set_writer(13, _) updated handler RdWr
2025-05-01 19:40:54,124 - pika.adapters.utils.io_services_utils - DEBUG - Turned on writability watcher: <socket.socket fd=13, family=10, type=1, proto=6, laddr=('::1', 47614, 0, 0), raddr=('::1', 5672, 0, 0)>
2025-05-01 19:40:54,124 - pika.adapters.utils.selector_ioloop_adapter - DEBUG - SelectorIOServicesAdapter.remove_writer(13)
2025-05-01 19:40:54,124 - pika.adapters.utils.selector_ioloop_adapter - DEBUG - remove_writer(13) updated handler Rd
2025-05-01 19:40:54,124 - pika.adapters.utils.io_services_utils - DEBUG - Turned off writability watcher: <socket.socket fd=13, family=10, type=1, proto=6, laddr=('::1', 47614, 0, 0), raddr=('::1', 5672, 0, 0)>
2025-05-01 19:40:54,125 - pika.heartbeat - DEBUG - Received heartbeat frame
2025-05-01 19:40:54,125 - pika.heartbeat - DEBUG - Received heartbeat frame
2025-05-01 19:40:54,125 - pika.heartbeat - DEBUG - Received heartbeat frame
2025-05-01 19:40:54,125 - pika.heartbeat - DEBUG - Received heartbeat frame
2025-05-01 19:40:54,126 - pika.heartbeat - DEBUG - Received heartbeat frame
2025-05-01 19:40:54,126 - pika.adapters.utils.io_services_utils - ERROR - Socket EOF; <socket.socket fd=13, family=10, type=1, proto=6, laddr=('::1', 47614, 0, 0), raddr=('::1', 5672, 0, 0)>
2025-05-01 19:40:54,126 - pika.adapters.base_connection - ERROR - Transport indicated EOF.
2025-05-01 19:40:54,127 - pika.adapters.utils.io_services_utils - INFO - protocol.eof_received() elected to close: <socket.socket fd=13, family=10, type=1, proto=6, laddr=('::1', 47614, 0, 0), raddr=('::1', 5672, 0, 0)>
2025-05-01 19:40:54,127 - pika.adapters.utils.io_services_utils - INFO - _AsyncTransportBase._initate_abort(): Initiating abrupt asynchronous transport shutdown: state=1; error=None; <socket.socket fd=13, family=10, type=1, proto=6, laddr=('::1', 47614, 0, 0), raddr=('::1', 5672, 0, 0)>
2025-05-01 19:40:54,127 - pika.adapters.utils.io_services_utils - INFO - Deactivating transport: state=1; <socket.socket fd=13, family=10, type=1, proto=6, laddr=('::1', 47614, 0, 0), raddr=('::1', 5672, 0, 0)>
2025-05-01 19:40:54,128 - pika.adapters.utils.selector_ioloop_adapter - DEBUG - SelectorIOServicesAdapter.remove_reader(13)
2025-05-01 19:40:54,128 - pika.adapters.utils.selector_ioloop_adapter - DEBUG - remove_reader(13) removed handler
2025-05-01 19:40:54,128 - pika.adapters.utils.selector_ioloop_adapter - DEBUG - SelectorIOServicesAdapter.remove_writer(13)
2025-05-01 19:40:54,128 - pika.adapters.utils.selector_ioloop_adapter - DEBUG - remove_writer(13) neither was set.
2025-05-01 19:40:54,128 - pika.adapters.select_connection - DEBUG - add_callback_threadsafe: added callback=functools.partial(<bound method _AsyncTransportBase._connection_lost_notify_async of <pika.adapters.utils.io_services_utils._AsyncPlaintextTransport object at 0x7c8f58160410>>, None)
2025-05-01 19:40:54,128 - pika.adapters.select_connection - DEBUG - process_timeouts: invoking callback=functools.partial(<bound method _AsyncTransportBase._connection_lost_notify_async of <pika.adapters.utils.io_services_utils._AsyncPlaintextTransport object at 0x7c8f58160410>>, None)
2025-05-01 19:40:54,129 - pika.adapters.utils.io_services_utils - DEBUG - Concluding transport shutdown: state=3; error=None
2025-05-01 19:40:54,129 - pika.adapters.base_connection - ERROR - connection_lost: StreamLostError: ('Transport indicated EOF',)
2025-05-01 19:40:54,129 - pika.connection - INFO - AMQP stack terminated, failed to connect, or aborted: opened=True, error-arg=StreamLostError: ('Transport indicated EOF',); pending-error=None
2025-05-01 19:40:54,129 - pika.heartbeat - DEBUG - Removing timer for next heartbeat send interval
2025-05-01 19:40:54,129 - pika.adapters.select_connection - DEBUG - remove_timeout: removing timeout <pika.adapters.select_connection._Timeout object at 0x7c8f5812edd0> with deadline=68599.638557766 and callback=<bound method HeartbeatChecker._send_heartbeat of <pika.heartbeat.HeartbeatChecker object at 0x7c8f58160a50>>
2025-05-01 19:40:54,129 - pika.heartbeat - DEBUG - Removing timer for next heartbeat check interval
2025-05-01 19:40:54,130 - pika.adapters.select_connection - DEBUG - remove_timeout: removing timeout <pika.adapters.select_connection._Timeout object at 0x7c8f5812f250> with deadline=68634.638730918 and callback=<bound method HeartbeatChecker._check_heartbeat of <pika.heartbeat.HeartbeatChecker object at 0x7c8f58160a50>>
2025-05-01 19:40:54,130 - pika.connection - DEBUG - New Connection state: CLOSED (prev=OPEN)
2025-05-01 19:40:54,130 - pika.channel - DEBUG - Handling meta-close on <Channel number=1 OPEN conn=<SelectConnection CLOSED transport=None params=<ConnectionParameters host=localhost port=5672 virtual_host=/ ssl=False>>>: StreamLostError: ('Transport indicated EOF',)
2025-05-01 19:40:54,131 - pika.callback - DEBUG - Processing 1:_on_channel_close
2025-05-01 19:40:54,131 - pika.callback - DEBUG - Calling <bound method BlockingChannel._on_channel_closed of <BlockingChannel impl=<Channel number=1 CLOSED conn=<SelectConnection CLOSED transport=None params=<ConnectionParameters host=localhost port=5672 virtual_host=/ ssl=False>>>>> for "1:_on_channel_close"
2025-05-01 19:40:54,131 - pika.adapters.blocking_connection - DEBUG - _on_channel_closed: StreamLostError: ('Transport indicated EOF',); <BlockingChannel impl=<Channel number=1 CLOSED conn=<SelectConnection CLOSED transport=None params=<ConnectionParameters host=localhost port=5672 virtual_host=/ ssl=False>>>>
2025-05-01 19:40:54,132 - pika.callback - DEBUG - Processing 1:_on_channel_cleanup
2025-05-01 19:40:54,132 - pika.callback - DEBUG - Processing use of oneshot callback
2025-05-01 19:40:54,132 - pika.callback - DEBUG - 0 registered uses left
2025-05-01 19:40:54,132 - pika.callback - DEBUG - Removing callback #0: {'callback': <bound method Connection._on_channel_cleanup of <SelectConnection CLOSED transport=None params=<ConnectionParameters host=localhost port=5672 virtual_host=/ ssl=False>>>, 'one_shot': True, 'only': <Channel number=1 CLOSED conn=<SelectConnection CLOSED transport=None params=<ConnectionParameters host=localhost port=5672 virtual_host=/ ssl=False>>>, 'arguments': None, 'calls': 0}
2025-05-01 19:40:54,132 - pika.callback - DEBUG - Calling <bound method Connection._on_channel_cleanup of <SelectConnection CLOSED transport=None params=<ConnectionParameters host=localhost port=5672 virtual_host=/ ssl=False>>> for "1:_on_channel_cleanup"
2025-05-01 19:40:54,133 - pika.connection - DEBUG - Removed channel 1
2025-05-01 19:40:54,133 - pika.callback - DEBUG - Clearing out '1' from the stack
2025-05-01 19:40:54,133 - pika.connection - INFO - Stack terminated due to StreamLostError: ('Transport indicated EOF',)
2025-05-01 19:40:54,133 - pika.callback - DEBUG - Processing 0:_on_connection_closed
2025-05-01 19:40:54,133 - pika.callback - DEBUG - Calling <bound method _CallbackResult.set_value_once of <pika.adapters.blocking_connection._CallbackResult object at 0x7c8f58151000>> for "0:_on_connection_closed"
2025-05-01 19:40:54,134 - pika.connection - DEBUG - New Connection state: CLOSED (prev=CLOSED)
2025-05-01 19:40:54,134 - pika.callback - DEBUG - Added: {'callback': <bound method Connection._on_connection_start of <SelectConnection CLOSED transport=None params=<ConnectionParameters host=localhost port=5672 virtual_host=/ ssl=False>>>, 'one_shot': True, 'only': None, 'arguments': None, 'calls': 1}
2025-05-01 19:40:54,134 - pika.callback - DEBUG - Incremented callback reference counter: {'callback': <bound method Connection._on_connection_close_from_broker of <SelectConnection CLOSED transport=None params=<ConnectionParameters host=localhost port=5672 virtual_host=/ ssl=False>>>, 'one_shot': True, 'only': None, 'arguments': None, 'calls': 2}
2025-05-01 19:40:54,134 - pika.adapters.utils.io_services_utils - INFO - Closing transport socket and unlinking: state=3; <socket.socket fd=13, family=10, type=1, proto=6, laddr=('::1', 47614, 0, 0), raddr=('::1', 5672, 0, 0)>
2025-05-01 19:40:54,135 - pika.adapters.blocking_connection - ERROR - Unexpected connection close detected: StreamLostError: ('Transport indicated EOF',)
2025-05-01 19:40:54,135 - root - ERROR - Error publishing message: Transport indicated EOF
2025-05-01 19:40:54,136 - root - ERROR - Error processing message ID a5368883-e800-413f-b90d-02e06354f39b (attempt 1/3): Transport indicated EOF
2025-05-01 19:40:55,136 - root - INFO - Connecting to RabbitMQ at localhost
2025-05-01 19:40:55,137 - pika.adapters.select_connection - DEBUG - Using EPollPoller
2025-05-01 19:40:55,137 - pika.adapters.base_connection - DEBUG - Created default connection workflow <pika.adapters.utils.connection_workflow.AMQPConnectionWorkflow object at 0x7c8f581602d0>
2025-05-01 19:40:55,137 - pika.adapters.utils.connection_workflow - DEBUG - Starting AMQP Connection workflow asynchronously.
2025-05-01 19:40:55,138 - pika.adapters.select_connection - DEBUG - call_later: added timeout <pika.adapters.select_connection._Timeout object at 0x7c8f5812fc10> with deadline=68890.92866097 and callback=functools.partial(<bound method AMQPConnectionWorkflow._start_new_cycle_async of <pika.adapters.utils.connection_workflow.AMQPConnectionWorkflow object at 0x7c8f581602d0>>, first=True); now=68890.92866097; delay=0
2025-05-01 19:40:55,138 - pika.adapters.utils.connection_workflow - DEBUG - Beginning a new AMQP connection workflow cycle; attempts remaining after this: 0
2025-05-01 19:40:55,138 - pika.adapters.select_connection - DEBUG - call_later: added timeout <pika.adapters.select_connection._Timeout object at 0x7c8f5812fd00> with deadline=68890.929134898 and callback=<bound method AMQPConnectionWorkflow._try_next_config_async of <pika.adapters.utils.connection_workflow.AMQPConnectionWorkflow object at 0x7c8f581602d0>>; now=68890.929134898; delay=0
2025-05-01 19:40:55,138 - pika.adapters.utils.connection_workflow - DEBUG - _try_next_config_async: 'localhost':5672
2025-05-01 19:40:55,139 - pika.adapters.select_connection - DEBUG - add_callback_threadsafe: added callback=<bound method _AddressResolver._dispatch_result of <pika.adapters.utils.selector_ioloop_adapter._AddressResolver object at 0x7c8f58160e10>>
2025-05-01 19:40:55,139 - pika.adapters.select_connection - DEBUG - process_timeouts: invoking callback=<bound method _AddressResolver._dispatch_result of <pika.adapters.utils.selector_ioloop_adapter._AddressResolver object at 0x7c8f58160e10>>
2025-05-01 19:40:55,140 - pika.adapters.utils.selector_ioloop_adapter - DEBUG - Invoking asynchronous getaddrinfo() completion callback; host='localhost'
2025-05-01 19:40:55,140 - pika.adapters.utils.connection_workflow - DEBUG - getaddrinfo returned 2 records
2025-05-01 19:40:55,140 - pika.adapters.utils.connection_workflow - DEBUG - Attempting to connect using address record (<AddressFamily.AF_INET6: 10>, <SocketKind.SOCK_STREAM: 1>, 6, '', ('::1', 5672, 0, 0))
2025-05-01 19:40:55,140 - pika.adapters.utils.connection_workflow - INFO - Pika version 1.3.2 connecting to ('::1', 5672, 0, 0)
2025-05-01 19:40:55,141 - pika.adapters.select_connection - DEBUG - add_callback_threadsafe: added callback=<bound method _AsyncSocketConnector._start_async of <pika.adapters.utils.io_services_utils._AsyncSocketConnector object at 0x7c8f58161310>>
2025-05-01 19:40:55,141 - pika.adapters.select_connection - DEBUG - call_later: added timeout <pika.adapters.select_connection._Timeout object at 0x7c8f5812fe50> with deadline=68900.931781776 and callback=<bound method AMQPConnector._on_tcp_connection_timeout of <pika.adapters.utils.connection_workflow.AMQPConnector object at 0x7c8f581611d0>>; now=68890.931781776; delay=10.0
2025-05-01 19:40:55,141 - pika.adapters.select_connection - DEBUG - call_later: added timeout <pika.adapters.select_connection._Timeout object at 0x7c8f5812fe80> with deadline=68905.931976048 and callback=<bound method AMQPConnector._on_overall_timeout of <pika.adapters.utils.connection_workflow.AMQPConnector object at 0x7c8f581611d0>>; now=68890.931976048; delay=15.0
2025-05-01 19:40:55,141 - pika.adapters.select_connection - DEBUG - process_timeouts: invoking callback=<bound method _AsyncSocketConnector._start_async of <pika.adapters.utils.io_services_utils._AsyncSocketConnector object at 0x7c8f58161310>>
2025-05-01 19:40:55,141 - pika.adapters.utils.selector_ioloop_adapter - DEBUG - SelectorIOServicesAdapter.set_writer(13, <bound method _AsyncSocketConnector._on_writable of <pika.adapters.utils.io_services_utils._AsyncSocketConnector object at 0x7c8f58161310>>)
2025-05-01 19:40:55,142 - pika.adapters.utils.selector_ioloop_adapter - DEBUG - set_writer(13, _) added handler Wr
2025-05-01 19:40:55,142 - pika.adapters.utils.io_services_utils - DEBUG - Connection-establishment is in progress for <socket.socket fd=13, family=10, type=1, proto=6, laddr=('::1', 51444, 0, 0), raddr=('::1', 5672, 0, 0)>.
2025-05-01 19:40:55,142 - pika.adapters.utils.io_services_utils - INFO - Socket connected: <socket.socket fd=13, family=10, type=1, proto=6, laddr=('::1', 51444, 0, 0), raddr=('::1', 5672, 0, 0)>
2025-05-01 19:40:55,143 - pika.adapters.utils.io_services_utils - DEBUG - _AsyncSocketConnector._report_completion(None); <socket.socket fd=13, family=10, type=1, proto=6, laddr=('::1', 51444, 0, 0), raddr=('::1', 5672, 0, 0)>
2025-05-01 19:40:55,143 - pika.adapters.utils.selector_ioloop_adapter - DEBUG - SelectorIOServicesAdapter.remove_writer(13)
2025-05-01 19:40:55,143 - pika.adapters.utils.selector_ioloop_adapter - DEBUG - remove_writer(13) removed handler
2025-05-01 19:40:55,144 - pika.adapters.select_connection - DEBUG - remove_timeout: removing timeout <pika.adapters.select_connection._Timeout object at 0x7c8f5812fe50> with deadline=68900.931781776 and callback=<bound method AMQPConnector._on_tcp_connection_timeout of <pika.adapters.utils.connection_workflow.AMQPConnector object at 0x7c8f581611d0>>
2025-05-01 19:40:55,144 - pika.adapters.utils.connection_workflow - DEBUG - TCP connection to broker established: <socket.socket fd=13, family=10, type=1, proto=6, laddr=('::1', 51444, 0, 0), raddr=('::1', 5672, 0, 0)>.
2025-05-01 19:40:55,144 - pika.adapters.utils.io_services_utils - DEBUG - _AsyncStreamConnector.start(); <socket.socket fd=13, family=10, type=1, proto=6, laddr=('::1', 51444, 0, 0), raddr=('::1', 5672, 0, 0)>
2025-05-01 19:40:55,144 - pika.adapters.select_connection - DEBUG - add_callback_threadsafe: added callback=<bound method _AsyncStreamConnector._start_async of <pika.adapters.utils.io_services_utils._AsyncStreamConnector object at 0x7c8f58160e10>>
2025-05-01 19:40:55,145 - pika.adapters.select_connection - DEBUG - process_timeouts: invoking callback=<bound method _AsyncStreamConnector._start_async of <pika.adapters.utils.io_services_utils._AsyncStreamConnector object at 0x7c8f58160e10>>
2025-05-01 19:40:55,145 - pika.adapters.utils.io_services_utils - DEBUG - _AsyncStreamConnector._start_async(); <socket.socket fd=13, family=10, type=1, proto=6, laddr=('::1', 51444, 0, 0), raddr=('::1', 5672, 0, 0)>
2025-05-01 19:40:55,145 - pika.adapters.utils.io_services_utils - DEBUG - _AsyncStreamConnector._linkup()
2025-05-01 19:40:55,145 - pika.connection - DEBUG - New Connection state: CLOSED (prev=CLOSED)
2025-05-01 19:40:55,145 - pika.callback - DEBUG - Added: {'callback': <bound method Connection._on_connection_start of <SelectConnection CLOSED transport=None params=<ConnectionParameters host=localhost port=5672 virtual_host=/ ssl=False>>>, 'one_shot': True, 'only': None, 'arguments': None, 'calls': 1}
2025-05-01 19:40:55,146 - pika.callback - DEBUG - Added: {'callback': <bound method Connection._on_connection_close_from_broker of <SelectConnection CLOSED transport=None params=<ConnectionParameters host=localhost port=5672 virtual_host=/ ssl=False>>>, 'one_shot': True, 'only': None, 'arguments': None, 'calls': 1}
2025-05-01 19:40:55,146 - pika.callback - DEBUG - Added: {'callback': <bound method Connection._default_on_connection_error of <SelectConnection CLOSED transport=None params=<ConnectionParameters host=localhost port=5672 virtual_host=/ ssl=False>>>, 'one_shot': False, 'only': None, 'arguments': None}
2025-05-01 19:40:55,146 - pika.connection - DEBUG - New Connection state: INIT (prev=CLOSED)
2025-05-01 19:40:55,146 - pika.connection - DEBUG - Using external connection workflow.
2025-05-01 19:40:55,146 - pika.adapters.utils.io_services_utils - DEBUG - _AsyncTransportBase.__init__: <socket.socket fd=13, family=10, type=1, proto=6, laddr=('::1', 51444, 0, 0), raddr=('::1', 5672, 0, 0)>
2025-05-01 19:40:55,147 - pika.adapters.utils.selector_ioloop_adapter - DEBUG - SelectorIOServicesAdapter.set_reader(13, <bound method _AsyncPlaintextTransport._on_socket_readable of <pika.adapters.utils.io_services_utils._AsyncPlaintextTransport object at 0x7c8f58161450>>)
2025-05-01 19:40:55,147 - pika.adapters.utils.selector_ioloop_adapter - DEBUG - set_reader(13, _) added handler Rd
2025-05-01 19:40:55,147 - pika.adapters.utils.io_services_utils - DEBUG - _linkup(): created transport <pika.adapters.utils.io_services_utils._AsyncPlaintextTransport object at 0x7c8f58161450>
2025-05-01 19:40:55,147 - pika.connection - DEBUG - New Connection state: PROTOCOL (prev=INIT)
2025-05-01 19:40:55,147 - pika.adapters.utils.selector_ioloop_adapter - DEBUG - SelectorIOServicesAdapter.set_writer(13, <bound method _AsyncPlaintextTransport._on_socket_writable of <pika.adapters.utils.io_services_utils._AsyncPlaintextTransport object at 0x7c8f58161450>>)
2025-05-01 19:40:55,147 - pika.adapters.utils.selector_ioloop_adapter - DEBUG - set_writer(13, _) updated handler RdWr
2025-05-01 19:40:55,147 - pika.adapters.utils.io_services_utils - DEBUG - Turned on writability watcher: <socket.socket fd=13, family=10, type=1, proto=6, laddr=('::1', 51444, 0, 0), raddr=('::1', 5672, 0, 0)>
2025-05-01 19:40:55,151 - pika.adapters.utils.io_services_utils - DEBUG - _linkup(): introduced transport to protocol <pika.adapters.utils.io_services_utils._AsyncPlaintextTransport object at 0x7c8f58161450>; _StreamingProtocolShim: <SelectConnection PROTOCOL transport=<pika.adapters.utils.io_services_utils._AsyncPlaintextTransport object at 0x7c8f58161450> params=<ConnectionParameters host=localhost port=5672 virtual_host=/ ssl=False>>
2025-05-01 19:40:55,151 - pika.adapters.utils.io_services_utils - DEBUG - _AsyncStreamConnector._report_completion((<pika.adapters.utils.io_services_utils._AsyncPlaintextTransport object at 0x7c8f58161450>, _StreamingProtocolShim: <SelectConnection PROTOCOL transport=<pika.adapters.utils.io_services_utils._AsyncPlaintextTransport object at 0x7c8f58161450> params=<ConnectionParameters host=localhost port=5672 virtual_host=/ ssl=False>>)); <socket.socket fd=13, family=10, type=1, proto=6, laddr=('::1', 51444, 0, 0), raddr=('::1', 5672, 0, 0)>
2025-05-01 19:40:55,151 - pika.adapters.utils.connection_workflow - INFO - Streaming transport linked up: (<pika.adapters.utils.io_services_utils._AsyncPlaintextTransport object at 0x7c8f58161450>, _StreamingProtocolShim: <SelectConnection PROTOCOL transport=<pika.adapters.utils.io_services_utils._AsyncPlaintextTransport object at 0x7c8f58161450> params=<ConnectionParameters host=localhost port=5672 virtual_host=/ ssl=False>>).
2025-05-01 19:40:55,152 - pika.callback - DEBUG - Removing callback #0: {'callback': <bound method Connection._default_on_connection_error of <SelectConnection PROTOCOL transport=<pika.adapters.utils.io_services_utils._AsyncPlaintextTransport object at 0x7c8f58161450> params=<ConnectionParameters host=localhost port=5672 virtual_host=/ ssl=False>>>, 'one_shot': False, 'only': None, 'arguments': None}
2025-05-01 19:40:55,152 - pika.callback - DEBUG - Added: {'callback': <bound method AMQPConnector._on_amqp_handshake_done of <pika.adapters.utils.connection_workflow.AMQPConnector object at 0x7c8f581611d0>>, 'one_shot': False, 'only': None, 'arguments': None}
2025-05-01 19:40:55,152 - pika.callback - DEBUG - Added: {'callback': <bound method AMQPConnector._on_amqp_handshake_done of <pika.adapters.utils.connection_workflow.AMQPConnector object at 0x7c8f581611d0>>, 'one_shot': False, 'only': None, 'arguments': None}
2025-05-01 19:40:55,152 - pika.adapters.utils.io_services_utils - DEBUG - _AsyncStreamConnector._cleanup(False)
2025-05-01 19:40:55,152 - pika.adapters.utils.selector_ioloop_adapter - DEBUG - SelectorIOServicesAdapter.remove_writer(13)
2025-05-01 19:40:55,152 - pika.adapters.utils.selector_ioloop_adapter - DEBUG - remove_writer(13) updated handler Rd
2025-05-01 19:40:55,152 - pika.adapters.utils.io_services_utils - DEBUG - Turned off writability watcher: <socket.socket fd=13, family=10, type=1, proto=6, laddr=('::1', 51444, 0, 0), raddr=('::1', 5672, 0, 0)>
2025-05-01 19:40:55,157 - pika.callback - DEBUG - Processing 0:Connection.Start
2025-05-01 19:40:55,158 - pika.callback - DEBUG - Processing use of oneshot callback
2025-05-01 19:40:55,158 - pika.callback - DEBUG - 0 registered uses left
2025-05-01 19:40:55,158 - pika.callback - DEBUG - Removing callback #0: {'callback': <bound method Connection._on_connection_start of <SelectConnection PROTOCOL transport=<pika.adapters.utils.io_services_utils._AsyncPlaintextTransport object at 0x7c8f58161450> params=<ConnectionParameters host=localhost port=5672 virtual_host=/ ssl=False>>>, 'one_shot': True, 'only': None, 'arguments': None, 'calls': 0}
2025-05-01 19:40:55,158 - pika.callback - DEBUG - Calling <bound method Connection._on_connection_start of <SelectConnection PROTOCOL transport=<pika.adapters.utils.io_services_utils._AsyncPlaintextTransport object at 0x7c8f58161450> params=<ConnectionParameters host=localhost port=5672 virtual_host=/ ssl=False>>> for "0:Connection.Start"
2025-05-01 19:40:55,158 - pika.connection - DEBUG - New Connection state: START (prev=PROTOCOL)
2025-05-01 19:40:55,158 - pika.callback - DEBUG - Added: {'callback': <bound method Connection._on_connection_tune of <SelectConnection START transport=<pika.adapters.utils.io_services_utils._AsyncPlaintextTransport object at 0x7c8f58161450> params=<ConnectionParameters host=localhost port=5672 virtual_host=/ ssl=False>>>, 'one_shot': True, 'only': None, 'arguments': None, 'calls': 1}
2025-05-01 19:40:55,158 - pika.adapters.utils.selector_ioloop_adapter - DEBUG - SelectorIOServicesAdapter.set_writer(13, <bound method _AsyncPlaintextTransport._on_socket_writable of <pika.adapters.utils.io_services_utils._AsyncPlaintextTransport object at 0x7c8f58161450>>)
2025-05-01 19:40:55,159 - pika.adapters.utils.selector_ioloop_adapter - DEBUG - set_writer(13, _) updated handler RdWr
2025-05-01 19:40:55,159 - pika.adapters.utils.io_services_utils - DEBUG - Turned on writability watcher: <socket.socket fd=13, family=10, type=1, proto=6, laddr=('::1', 51444, 0, 0), raddr=('::1', 5672, 0, 0)>
2025-05-01 19:40:55,159 - pika.adapters.utils.io_services_utils - DEBUG - Recv would block on <socket.socket fd=13, family=10, type=1, proto=6, laddr=('::1', 51444, 0, 0), raddr=('::1', 5672, 0, 0)>
2025-05-01 19:40:55,161 - pika.adapters.utils.selector_ioloop_adapter - DEBUG - SelectorIOServicesAdapter.remove_writer(13)
2025-05-01 19:40:55,162 - pika.adapters.utils.selector_ioloop_adapter - DEBUG - remove_writer(13) updated handler Rd
2025-05-01 19:40:55,162 - pika.adapters.utils.io_services_utils - DEBUG - Turned off writability watcher: <socket.socket fd=13, family=10, type=1, proto=6, laddr=('::1', 51444, 0, 0), raddr=('::1', 5672, 0, 0)>
2025-05-01 19:40:55,163 - pika.callback - DEBUG - Processing 0:Connection.Tune
2025-05-01 19:40:55,163 - pika.callback - DEBUG - Processing use of oneshot callback
2025-05-01 19:40:55,163 - pika.callback - DEBUG - 0 registered uses left
2025-05-01 19:40:55,164 - pika.callback - DEBUG - Removing callback #0: {'callback': <bound method Connection._on_connection_tune of <SelectConnection START transport=<pika.adapters.utils.io_services_utils._AsyncPlaintextTransport object at 0x7c8f58161450> params=<ConnectionParameters host=localhost port=5672 virtual_host=/ ssl=False>>>, 'one_shot': True, 'only': None, 'arguments': None, 'calls': 0}
2025-05-01 19:40:55,164 - pika.callback - DEBUG - Calling <bound method Connection._on_connection_tune of <SelectConnection START transport=<pika.adapters.utils.io_services_utils._AsyncPlaintextTransport object at 0x7c8f58161450> params=<ConnectionParameters host=localhost port=5672 virtual_host=/ ssl=False>>> for "0:Connection.Tune"
2025-05-01 19:40:55,164 - pika.connection - DEBUG - New Connection state: TUNE (prev=START)
2025-05-01 19:40:55,164 - pika.connection - DEBUG - Creating a HeartbeatChecker: 60
2025-05-01 19:40:55,165 - pika.heartbeat - DEBUG - timeout: 60.000000 send_interval: 30.000000 check_interval: 65.000000
2025-05-01 19:40:55,165 - pika.adapters.select_connection - DEBUG - call_later: added timeout <pika.adapters.select_connection._Timeout object at 0x7c8f5812ffd0> with deadline=68920.95600959 and callback=<bound method HeartbeatChecker._send_heartbeat of <pika.heartbeat.HeartbeatChecker object at 0x7c8f581616d0>>; now=68890.95600959; delay=30.0
2025-05-01 19:40:55,165 - pika.adapters.select_connection - DEBUG - call_later: added timeout <pika.adapters.select_connection._Timeout object at 0x7c8f57510490> with deadline=68955.95650689 and callback=<bound method HeartbeatChecker._check_heartbeat of <pika.heartbeat.HeartbeatChecker object at 0x7c8f581616d0>>; now=68890.95650689; delay=65
2025-05-01 19:40:55,166 - pika.adapters.utils.selector_ioloop_adapter - DEBUG - SelectorIOServicesAdapter.set_writer(13, <bound method _AsyncPlaintextTransport._on_socket_writable of <pika.adapters.utils.io_services_utils._AsyncPlaintextTransport object at 0x7c8f58161450>>)
2025-05-01 19:40:55,166 - pika.adapters.utils.selector_ioloop_adapter - DEBUG - set_writer(13, _) updated handler RdWr
2025-05-01 19:40:55,166 - pika.adapters.utils.io_services_utils - DEBUG - Turned on writability watcher: <socket.socket fd=13, family=10, type=1, proto=6, laddr=('::1', 51444, 0, 0), raddr=('::1', 5672, 0, 0)>
2025-05-01 19:40:55,166 - pika.callback - DEBUG - Added: {'callback': <bound method Connection._on_connection_open_ok of <SelectConnection TUNE transport=<pika.adapters.utils.io_services_utils._AsyncPlaintextTransport object at 0x7c8f58161450> params=<ConnectionParameters host=localhost port=5672 virtual_host=/ ssl=False>>>, 'one_shot': True, 'only': None, 'arguments': None, 'calls': 1}
2025-05-01 19:40:55,166 - pika.adapters.utils.io_services_utils - DEBUG - Recv would block on <socket.socket fd=13, family=10, type=1, proto=6, laddr=('::1', 51444, 0, 0), raddr=('::1', 5672, 0, 0)>
2025-05-01 19:40:55,167 - pika.adapters.utils.selector_ioloop_adapter - DEBUG - SelectorIOServicesAdapter.remove_writer(13)
2025-05-01 19:40:55,167 - pika.adapters.utils.selector_ioloop_adapter - DEBUG - remove_writer(13) updated handler Rd
2025-05-01 19:40:55,168 - pika.adapters.utils.io_services_utils - DEBUG - Turned off writability watcher: <socket.socket fd=13, family=10, type=1, proto=6, laddr=('::1', 51444, 0, 0), raddr=('::1', 5672, 0, 0)>
2025-05-01 19:40:55,168 - pika.callback - DEBUG - Processing 0:Connection.OpenOk
2025-05-01 19:40:55,169 - pika.callback - DEBUG - Processing use of oneshot callback
2025-05-01 19:40:55,169 - pika.callback - DEBUG - 0 registered uses left
2025-05-01 19:40:55,169 - pika.callback - DEBUG - Removing callback #0: {'callback': <bound method Connection._on_connection_open_ok of <SelectConnection TUNE transport=<pika.adapters.utils.io_services_utils._AsyncPlaintextTransport object at 0x7c8f58161450> params=<ConnectionParameters host=localhost port=5672 virtual_host=/ ssl=False>>>, 'one_shot': True, 'only': None, 'arguments': None, 'calls': 0}
2025-05-01 19:40:55,169 - pika.callback - DEBUG - Calling <bound method Connection._on_connection_open_ok of <SelectConnection TUNE transport=<pika.adapters.utils.io_services_utils._AsyncPlaintextTransport object at 0x7c8f58161450> params=<ConnectionParameters host=localhost port=5672 virtual_host=/ ssl=False>>> for "0:Connection.OpenOk"
2025-05-01 19:40:55,169 - pika.connection - DEBUG - New Connection state: OPEN (prev=TUNE)
2025-05-01 19:40:55,170 - pika.callback - DEBUG - Processing 0:_on_connection_open_ok
2025-05-01 19:40:55,170 - pika.callback - DEBUG - Calling <bound method AMQPConnector._on_amqp_handshake_done of <pika.adapters.utils.connection_workflow.AMQPConnector object at 0x7c8f581611d0>> for "0:_on_connection_open_ok"
2025-05-01 19:40:55,170 - pika.adapters.utils.connection_workflow - DEBUG - AMQPConnector: AMQP handshake attempt completed; state=3; error=None; 'localhost'/(<AddressFamily.AF_INET6: 10>, <SocketKind.SOCK_STREAM: 1>, 6, '', ('::1', 5672, 0, 0))
2025-05-01 19:40:55,170 - pika.adapters.utils.connection_workflow - DEBUG - AMQPConnector: AMQP connection established for 'localhost'/(<AddressFamily.AF_INET6: 10>, <SocketKind.SOCK_STREAM: 1>, 6, '', ('::1', 5672, 0, 0)): <SelectConnection OPEN transport=<pika.adapters.utils.io_services_utils._AsyncPlaintextTransport object at 0x7c8f58161450> params=<ConnectionParameters host=localhost port=5672 virtual_host=/ ssl=False>>
2025-05-01 19:40:55,170 - pika.adapters.utils.connection_workflow - INFO - AMQPConnector - reporting success: <SelectConnection OPEN transport=<pika.adapters.utils.io_services_utils._AsyncPlaintextTransport object at 0x7c8f58161450> params=<ConnectionParameters host=localhost port=5672 virtual_host=/ ssl=False>>
2025-05-01 19:40:55,171 - pika.adapters.select_connection - DEBUG - remove_timeout: removing timeout <pika.adapters.select_connection._Timeout object at 0x7c8f5812fe80> with deadline=68905.931976048 and callback=<bound method AMQPConnector._on_overall_timeout of <pika.adapters.utils.connection_workflow.AMQPConnector object at 0x7c8f581611d0>>
2025-05-01 19:40:55,171 - pika.adapters.utils.connection_workflow - DEBUG - Connection attempt completed with <SelectConnection OPEN transport=<pika.adapters.utils.io_services_utils._AsyncPlaintextTransport object at 0x7c8f58161450> params=<ConnectionParameters host=localhost port=5672 virtual_host=/ ssl=False>>
2025-05-01 19:40:55,171 - pika.adapters.utils.connection_workflow - INFO - AMQPConnectionWorkflow - reporting success: <SelectConnection OPEN transport=<pika.adapters.utils.io_services_utils._AsyncPlaintextTransport object at 0x7c8f58161450> params=<ConnectionParameters host=localhost port=5672 virtual_host=/ ssl=False>>
2025-05-01 19:40:55,171 - pika.adapters.utils.io_services_utils - DEBUG - Recv would block on <socket.socket fd=13, family=10, type=1, proto=6, laddr=('::1', 51444, 0, 0), raddr=('::1', 5672, 0, 0)>
2025-05-01 19:40:55,171 - pika.adapters.blocking_connection - INFO - Connection workflow succeeded: <SelectConnection OPEN transport=<pika.adapters.utils.io_services_utils._AsyncPlaintextTransport object at 0x7c8f58161450> params=<ConnectionParameters host=localhost port=5672 virtual_host=/ ssl=False>>
2025-05-01 19:40:55,172 - pika.callback - DEBUG - Added: {'callback': <bound method _CallbackResult.set_value_once of <pika.adapters.blocking_connection._CallbackResult object at 0x7c8f5815cf80>>, 'one_shot': False, 'only': None, 'arguments': None}
2025-05-01 19:40:55,172 - pika.connection - DEBUG - Creating channel 1
2025-05-01 19:40:55,172 - pika.callback - DEBUG - Added: {'callback': <bound method Connection._on_channel_cleanup of <SelectConnection OPEN transport=<pika.adapters.utils.io_services_utils._AsyncPlaintextTransport object at 0x7c8f58161450> params=<ConnectionParameters host=localhost port=5672 virtual_host=/ ssl=False>>>, 'one_shot': True, 'only': <Channel number=1 CLOSED conn=<SelectConnection OPEN transport=<pika.adapters.utils.io_services_utils._AsyncPlaintextTransport object at 0x7c8f58161450> params=<ConnectionParameters host=localhost port=5672 virtual_host=/ ssl=False>>>, 'arguments': None, 'calls': 1}
2025-05-01 19:40:55,172 - pika.callback - DEBUG - Added: {'callback': <bound method Channel._on_getempty of <Channel number=1 OPENING conn=<SelectConnection OPEN transport=<pika.adapters.utils.io_services_utils._AsyncPlaintextTransport object at 0x7c8f58161450> params=<ConnectionParameters host=localhost port=5672 virtual_host=/ ssl=False>>>>, 'one_shot': False, 'only': None, 'arguments': None}
2025-05-01 19:40:55,173 - pika.callback - DEBUG - Added: {'callback': <bound method Channel._on_cancel of <Channel number=1 OPENING conn=<SelectConnection OPEN transport=<pika.adapters.utils.io_services_utils._AsyncPlaintextTransport object at 0x7c8f58161450> params=<ConnectionParameters host=localhost port=5672 virtual_host=/ ssl=False>>>>, 'one_shot': False, 'only': None, 'arguments': None}
2025-05-01 19:40:55,173 - pika.callback - DEBUG - Added: {'callback': <bound method Channel._on_flow of <Channel number=1 OPENING conn=<SelectConnection OPEN transport=<pika.adapters.utils.io_services_utils._AsyncPlaintextTransport object at 0x7c8f58161450> params=<ConnectionParameters host=localhost port=5672 virtual_host=/ ssl=False>>>>, 'one_shot': False, 'only': None, 'arguments': None}
2025-05-01 19:40:55,173 - pika.callback - DEBUG - Added: {'callback': <bound method Channel._on_close_from_broker of <Channel number=1 OPENING conn=<SelectConnection OPEN transport=<pika.adapters.utils.io_services_utils._AsyncPlaintextTransport object at 0x7c8f58161450> params=<ConnectionParameters host=localhost port=5672 virtual_host=/ ssl=False>>>>, 'one_shot': True, 'only': None, 'arguments': None, 'calls': 1}
2025-05-01 19:40:55,173 - pika.adapters.utils.selector_ioloop_adapter - DEBUG - SelectorIOServicesAdapter.set_writer(13, <bound method _AsyncPlaintextTransport._on_socket_writable of <pika.adapters.utils.io_services_utils._AsyncPlaintextTransport object at 0x7c8f58161450>>)
2025-05-01 19:40:55,174 - pika.adapters.utils.selector_ioloop_adapter - DEBUG - set_writer(13, _) updated handler RdWr
2025-05-01 19:40:55,174 - pika.adapters.utils.io_services_utils - DEBUG - Turned on writability watcher: <socket.socket fd=13, family=10, type=1, proto=6, laddr=('::1', 51444, 0, 0), raddr=('::1', 5672, 0, 0)>
2025-05-01 19:40:55,174 - pika.channel - DEBUG - Entering blocking state on frame <Channel.Open(['out_of_band='])>; acceptable_replies=[<class 'pika.spec.Channel.OpenOk'>]
2025-05-01 19:40:55,174 - pika.channel - DEBUG - Adding on_synchronous_complete callback
2025-05-01 19:40:55,174 - pika.callback - DEBUG - Added: {'callback': <bound method Channel._on_synchronous_complete of <Channel number=1 OPENING conn=<SelectConnection OPEN transport=<pika.adapters.utils.io_services_utils._AsyncPlaintextTransport object at 0x7c8f58161450> params=<ConnectionParameters host=localhost port=5672 virtual_host=/ ssl=False>>>>, 'one_shot': True, 'only': None, 'arguments': None, 'calls': 1}
2025-05-01 19:40:55,175 - pika.channel - DEBUG - Adding passed-in RPC response callback
2025-05-01 19:40:55,175 - pika.callback - DEBUG - Added: {'callback': <bound method Channel._on_openok of <Channel number=1 OPENING conn=<SelectConnection OPEN transport=<pika.adapters.utils.io_services_utils._AsyncPlaintextTransport object at 0x7c8f58161450> params=<ConnectionParameters host=localhost port=5672 virtual_host=/ ssl=False>>>>, 'one_shot': True, 'only': None, 'arguments': None, 'calls': 1}
2025-05-01 19:40:55,175 - pika.callback - DEBUG - Added: {'callback': <bound method BlockingChannel._on_consumer_cancelled_by_broker of <BlockingChannel impl=<Channel number=1 OPENING conn=<SelectConnection OPEN transport=<pika.adapters.utils.io_services_utils._AsyncPlaintextTransport object at 0x7c8f58161450> params=<ConnectionParameters host=localhost port=5672 virtual_host=/ ssl=False>>>>>, 'one_shot': False, 'only': None, 'arguments': None}
2025-05-01 19:40:55,175 - pika.callback - DEBUG - Added: {'callback': <bound method _CallbackResult.signal_once of <pika.adapters.blocking_connection._CallbackResult object at 0x7c8f5816a280>>, 'one_shot': False, 'only': None, 'arguments': None}
2025-05-01 19:40:55,176 - pika.callback - DEBUG - Added: {'callback': <bound method BlockingChannel._on_channel_closed of <BlockingChannel impl=<Channel number=1 OPENING conn=<SelectConnection OPEN transport=<pika.adapters.utils.io_services_utils._AsyncPlaintextTransport object at 0x7c8f58161450> params=<ConnectionParameters host=localhost port=5672 virtual_host=/ ssl=False>>>>>, 'one_shot': False, 'only': <Channel number=1 OPENING conn=<SelectConnection OPEN transport=<pika.adapters.utils.io_services_utils._AsyncPlaintextTransport object at 0x7c8f58161450> params=<ConnectionParameters host=localhost port=5672 virtual_host=/ ssl=False>>>, 'arguments': None}
2025-05-01 19:40:55,176 - pika.callback - DEBUG - Added: {'callback': <bound method _CallbackResult.set_value_once of <pika.adapters.blocking_connection._CallbackResult object at 0x7c8f5816a2c0>>, 'one_shot': False, 'only': None, 'arguments': None}
2025-05-01 19:40:55,177 - pika.adapters.blocking_connection - INFO - Created channel=1
2025-05-01 19:40:55,177 - pika.adapters.utils.selector_ioloop_adapter - DEBUG - SelectorIOServicesAdapter.remove_writer(13)
2025-05-01 19:40:55,177 - pika.adapters.utils.selector_ioloop_adapter - DEBUG - remove_writer(13) updated handler Rd
2025-05-01 19:40:55,177 - pika.adapters.utils.io_services_utils - DEBUG - Turned off writability watcher: <socket.socket fd=13, family=10, type=1, proto=6, laddr=('::1', 51444, 0, 0), raddr=('::1', 5672, 0, 0)>
2025-05-01 19:40:55,178 - pika.callback - DEBUG - Processing 1:Channel.OpenOk
2025-05-01 19:40:55,178 - pika.callback - DEBUG - Processing use of oneshot callback
2025-05-01 19:40:55,178 - pika.callback - DEBUG - 0 registered uses left
2025-05-01 19:40:55,179 - pika.callback - DEBUG - Removing callback #0: {'callback': <bound method Channel._on_synchronous_complete of <Channel number=1 OPENING conn=<SelectConnection OPEN transport=<pika.adapters.utils.io_services_utils._AsyncPlaintextTransport object at 0x7c8f58161450> params=<ConnectionParameters host=localhost port=5672 virtual_host=/ ssl=False>>>>, 'one_shot': True, 'only': None, 'arguments': None, 'calls': 0}
2025-05-01 19:40:55,179 - pika.callback - DEBUG - Processing use of oneshot callback
2025-05-01 19:40:55,179 - pika.callback - DEBUG - 0 registered uses left
2025-05-01 19:40:55,179 - pika.callback - DEBUG - Removing callback #0: {'callback': <bound method Channel._on_openok of <Channel number=1 OPENING conn=<SelectConnection OPEN transport=<pika.adapters.utils.io_services_utils._AsyncPlaintextTransport object at 0x7c8f58161450> params=<ConnectionParameters host=localhost port=5672 virtual_host=/ ssl=False>>>>, 'one_shot': True, 'only': None, 'arguments': None, 'calls': 0}
2025-05-01 19:40:55,179 - pika.callback - DEBUG - Calling <bound method Channel._on_synchronous_complete of <Channel number=1 OPENING conn=<SelectConnection OPEN transport=<pika.adapters.utils.io_services_utils._AsyncPlaintextTransport object at 0x7c8f58161450> params=<ConnectionParameters host=localhost port=5672 virtual_host=/ ssl=False>>>> for "1:Channel.OpenOk"
2025-05-01 19:40:55,180 - pika.channel - DEBUG - 0 blocked frames
2025-05-01 19:40:55,180 - pika.callback - DEBUG - Calling <bound method Channel._on_openok of <Channel number=1 OPENING conn=<SelectConnection OPEN transport=<pika.adapters.utils.io_services_utils._AsyncPlaintextTransport object at 0x7c8f58161450> params=<ConnectionParameters host=localhost port=5672 virtual_host=/ ssl=False>>>> for "1:Channel.OpenOk"
2025-05-01 19:40:55,180 - pika.adapters.utils.io_services_utils - DEBUG - Recv would block on <socket.socket fd=13, family=10, type=1, proto=6, laddr=('::1', 51444, 0, 0), raddr=('::1', 5672, 0, 0)>
2025-05-01 19:40:55,180 - pika.adapters.utils.selector_ioloop_adapter - DEBUG - SelectorIOServicesAdapter.set_writer(13, <bound method _AsyncPlaintextTransport._on_socket_writable of <pika.adapters.utils.io_services_utils._AsyncPlaintextTransport object at 0x7c8f58161450>>)
2025-05-01 19:40:55,181 - pika.adapters.utils.selector_ioloop_adapter - DEBUG - set_writer(13, _) updated handler RdWr
2025-05-01 19:40:55,181 - pika.adapters.utils.io_services_utils - DEBUG - Turned on writability watcher: <socket.socket fd=13, family=10, type=1, proto=6, laddr=('::1', 51444, 0, 0), raddr=('::1', 5672, 0, 0)>
2025-05-01 19:40:55,181 - pika.channel - DEBUG - Entering blocking state on frame <Queue.Declare(['arguments={}', 'auto_delete=False', 'durable=False', 'exclusive=False', 'nowait=False', 'passive=False', 'queue=sums', 'ticket=0'])>; acceptable_replies=[(<class 'pika.spec.Queue.DeclareOk'>, {'queue': 'sums'})]
2025-05-01 19:40:55,181 - pika.channel - DEBUG - Adding on_synchronous_complete callback
2025-05-01 19:40:55,182 - pika.callback - DEBUG - Added: {'callback': <bound method Channel._on_synchronous_complete of <Channel number=1 OPEN conn=<SelectConnection OPEN transport=<pika.adapters.utils.io_services_utils._AsyncPlaintextTransport object at 0x7c8f58161450> params=<ConnectionParameters host=localhost port=5672 virtual_host=/ ssl=False>>>>, 'one_shot': True, 'only': None, 'arguments': {'queue': 'sums'}, 'calls': 1}
2025-05-01 19:40:55,182 - pika.channel - DEBUG - Adding passed-in RPC response callback
2025-05-01 19:40:55,182 - pika.callback - DEBUG - Added: {'callback': <bound method _CallbackResult.set_value_once of <pika.adapters.blocking_connection._CallbackResult object at 0x7c8f5815fd40>>, 'one_shot': True, 'only': None, 'arguments': {'queue': 'sums'}, 'calls': 1}
2025-05-01 19:40:55,182 - pika.adapters.utils.selector_ioloop_adapter - DEBUG - SelectorIOServicesAdapter.remove_writer(13)
2025-05-01 19:40:55,183 - pika.adapters.utils.selector_ioloop_adapter - DEBUG - remove_writer(13) updated handler Rd
2025-05-01 19:40:55,183 - pika.adapters.utils.io_services_utils - DEBUG - Turned off writability watcher: <socket.socket fd=13, family=10, type=1, proto=6, laddr=('::1', 51444, 0, 0), raddr=('::1', 5672, 0, 0)>
2025-05-01 19:40:55,183 - pika.callback - DEBUG - Processing 1:Queue.DeclareOk
2025-05-01 19:40:55,183 - pika.callback - DEBUG - Processing use of oneshot callback
2025-05-01 19:40:55,184 - pika.callback - DEBUG - 0 registered uses left
2025-05-01 19:40:55,184 - pika.callback - DEBUG - Comparing {'queue': 'sums'} to {'queue': 'sums'}
2025-05-01 19:40:55,184 - pika.callback - DEBUG - Removing callback #0: {'callback': <bound method Channel._on_synchronous_complete of <Channel number=1 OPEN conn=<SelectConnection OPEN transport=<pika.adapters.utils.io_services_utils._AsyncPlaintextTransport object at 0x7c8f58161450> params=<ConnectionParameters host=localhost port=5672 virtual_host=/ ssl=False>>>>, 'one_shot': True, 'only': None, 'arguments': {'queue': 'sums'}, 'calls': 0}
2025-05-01 19:40:55,184 - pika.callback - DEBUG - Processing use of oneshot callback
2025-05-01 19:40:55,184 - pika.callback - DEBUG - 0 registered uses left
2025-05-01 19:40:55,184 - pika.callback - DEBUG - Comparing {'queue': 'sums'} to {'queue': 'sums'}
2025-05-01 19:40:55,184 - pika.callback - DEBUG - Removing callback #0: {'callback': <bound method _CallbackResult.set_value_once of <pika.adapters.blocking_connection._CallbackResult object at 0x7c8f5815fd40>>, 'one_shot': True, 'only': None, 'arguments': {'queue': 'sums'}, 'calls': 0}
2025-05-01 19:40:55,184 - pika.callback - DEBUG - Calling <bound method Channel._on_synchronous_complete of <Channel number=1 OPEN conn=<SelectConnection OPEN transport=<pika.adapters.utils.io_services_utils._AsyncPlaintextTransport object at 0x7c8f58161450> params=<ConnectionParameters host=localhost port=5672 virtual_host=/ ssl=False>>>> for "1:Queue.DeclareOk"
2025-05-01 19:40:55,184 - pika.channel - DEBUG - 0 blocked frames
2025-05-01 19:40:55,184 - pika.callback - DEBUG - Calling <bound method _CallbackResult.set_value_once of <pika.adapters.blocking_connection._CallbackResult object at 0x7c8f5815fd40>> for "1:Queue.DeclareOk"
2025-05-01 19:40:55,184 - pika.adapters.utils.io_services_utils - DEBUG - Recv would block on <socket.socket fd=13, family=10, type=1, proto=6, laddr=('::1', 51444, 0, 0), raddr=('::1', 5672, 0, 0)>
2025-05-01 19:40:55,185 - root - INFO - Successfully connected to RabbitMQ and declared queue sums
2025-05-01 19:40:55,185 - pika.adapters.utils.selector_ioloop_adapter - DEBUG - SelectorIOServicesAdapter.set_writer(13, <bound method _AsyncPlaintextTransport._on_socket_writable of <pika.adapters.utils.io_services_utils._AsyncPlaintextTransport object at 0x7c8f58161450>>)
2025-05-01 19:40:55,185 - pika.adapters.utils.selector_ioloop_adapter - DEBUG - set_writer(13, _) updated handler RdWr
2025-05-01 19:40:55,185 - pika.adapters.utils.io_services_utils - DEBUG - Turned on writability watcher: <socket.socket fd=13, family=10, type=1, proto=6, laddr=('::1', 51444, 0, 0), raddr=('::1', 5672, 0, 0)>
2025-05-01 19:40:55,185 - pika.adapters.utils.selector_ioloop_adapter - DEBUG - SelectorIOServicesAdapter.remove_writer(13)
2025-05-01 19:40:55,185 - pika.adapters.utils.selector_ioloop_adapter - DEBUG - remove_writer(13) updated handler Rd
2025-05-01 19:40:55,185 - pika.adapters.utils.io_services_utils - DEBUG - Turned off writability watcher: <socket.socket fd=13, family=10, type=1, proto=6, laddr=('::1', 51444, 0, 0), raddr=('::1', 5672, 0, 0)>
2025-05-01 19:40:55,185 - root - INFO - Message published to queue sums
2025-05-01 19:40:55,186 - internal.adapters.database_initalizer - DEBUG - Requesting cursor via context manager
2025-05-01 19:40:55,186 - internal.adapters.database_initalizer - INFO - Successfully retrieved connection from pool
2025-05-01 19:40:55,188 - root - INFO - Row a5368883-e800-413f-b90d-02e06354f39b has been marked as processed
2025-05-01 19:40:55,199 - internal.adapters.database_initalizer - DEBUG - Returning connection to pool
2025-05-01 19:40:55,199 - internal.adapters.database_initalizer - INFO - Connection returned to pool
2025-05-01 19:40:55,199 - root - INFO - Successfully processed and published message ID a5368883-e800-413f-b90d-02e06354f39b
2025-05-01 19:41:00,200 - root - INFO - Fetching pending messages from outbox
2025-05-01 19:41:00,201 - internal.adapters.database_initalizer - DEBUG - Requesting cursor via context manager
2025-05-01 19:41:00,201 - internal.adapters.database_initalizer - INFO - Successfully retrieved connection from pool
2025-05-01 19:41:00,205 - internal.adapters.database_initalizer - DEBUG - Returning connection to pool
2025-05-01 19:41:00,206 - internal.adapters.database_initalizer - INFO - Connection returned to pool
2025-05-01 19:41:00,206 - root - INFO - There are no outbox messages to be processed
2025-05-01 19:41:05,206 - root - INFO - Fetching pending messages from outbox
2025-05-01 19:41:05,207 - internal.adapters.database_initalizer - DEBUG - Requesting cursor via context manager
2025-05-01 19:41:05,207 - internal.adapters.database_initalizer - INFO - Successfully retrieved connection from pool
2025-05-01 19:41:05,208 - internal.adapters.database_initalizer - DEBUG - Returning connection to pool
2025-05-01 19:41:05,209 - internal.adapters.database_initalizer - INFO - Connection returned to pool
2025-05-01 19:41:05,209 - root - INFO - There are no outbox messages to be processed
2025-05-01 19:41:10,209 - root - INFO - Fetching pending messages from outbox
2025-05-01 19:41:10,209 - internal.adapters.database_initalizer - DEBUG - Requesting cursor via context manager
2025-05-01 19:41:10,210 - internal.adapters.database_initalizer - INFO - Successfully retrieved connection from pool
2025-05-01 19:41:10,214 - internal.adapters.database_initalizer - DEBUG - Returning connection to pool
2025-05-01 19:41:10,214 - internal.adapters.database_initalizer - INFO - Connection returned to pool
2025-05-01 19:41:10,214 - root - INFO - There are no outbox messages to be processed
2025-05-01 19:41:15,215 - root - INFO - Fetching pending messages from outbox
2025-05-01 19:41:15,215 - internal.adapters.database_initalizer - DEBUG - Requesting cursor via context manager
2025-05-01 19:41:15,216 - internal.adapters.database_initalizer - INFO - Successfully retrieved connection from pool
2025-05-01 19:41:15,220 - internal.adapters.database_initalizer - DEBUG - Returning connection to pool
2025-05-01 19:41:15,220 - internal.adapters.database_initalizer - INFO - Connection returned to pool
2025-05-01 19:41:15,221 - root - INFO - There are no outbox messages to be processed
2025-05-01 19:41:20,221 - root - INFO - Fetching pending messages from outbox
2025-05-01 19:41:20,221 - internal.adapters.database_initalizer - DEBUG - Requesting cursor via context manager
2025-05-01 19:41:20,221 - internal.adapters.database_initalizer - INFO - Successfully retrieved connection from pool
2025-05-01 19:41:20,223 - internal.adapters.database_initalizer - DEBUG - Returning connection to pool
2025-05-01 19:41:20,223 - internal.adapters.database_initalizer - INFO - Connection returned to pool
2025-05-01 19:41:20,223 - root - INFO - There are no outbox messages to be processed
2025-05-01 19:41:25,223 - root - INFO - Fetching pending messages from outbox
2025-05-01 19:41:25,224 - internal.adapters.database_initalizer - DEBUG - Requesting cursor via context manager
2025-05-01 19:41:25,224 - internal.adapters.database_initalizer - INFO - Successfully retrieved connection from pool
2025-05-01 19:41:25,228 - internal.adapters.database_initalizer - DEBUG - Returning connection to pool
2025-05-01 19:41:25,229 - internal.adapters.database_initalizer - INFO - Connection returned to pool
2025-05-01 19:41:25,229 - root - INFO - There are no outbox messages to be processed
2025-05-01 19:41:30,229 - root - INFO - Fetching pending messages from outbox
2025-05-01 19:41:30,229 - internal.adapters.database_initalizer - DEBUG - Requesting cursor via context manager
2025-05-01 19:41:30,230 - internal.adapters.database_initalizer - INFO - Successfully retrieved connection from pool
2025-05-01 19:41:30,231 - internal.adapters.database_initalizer - DEBUG - Returning connection to pool
2025-05-01 19:41:30,231 - internal.adapters.database_initalizer - INFO - Connection returned to pool
2025-05-01 19:41:30,231 - root - INFO - There are no outbox messages to be processed
2025-05-01 19:41:35,231 - root - INFO - Fetching pending messages from outbox
2025-05-01 19:41:35,231 - internal.adapters.database_initalizer - DEBUG - Requesting cursor via context manager
2025-05-01 19:41:35,232 - internal.adapters.database_initalizer - INFO - Successfully retrieved connection from pool
2025-05-01 19:41:35,233 - internal.adapters.database_initalizer - DEBUG - Returning connection to pool
2025-05-01 19:41:35,234 - internal.adapters.database_initalizer - INFO - Connection returned to pool
2025-05-01 19:41:35,234 - root - INFO - There are no outbox messages to be processed
2025-05-01 19:41:40,234 - root - INFO - Fetching pending messages from outbox
2025-05-01 19:41:40,234 - internal.adapters.database_initalizer - DEBUG - Requesting cursor via context manager
2025-05-01 19:41:40,234 - internal.adapters.database_initalizer - INFO - Successfully retrieved connection from pool
2025-05-01 19:41:40,236 - internal.adapters.database_initalizer - DEBUG - Returning connection to pool
2025-05-01 19:41:40,236 - internal.adapters.database_initalizer - INFO - Connection returned to pool
2025-05-01 19:41:40,236 - root - INFO - There are no outbox messages to be processed
2025-05-01 19:41:45,237 - root - INFO - Fetching pending messages from outbox
2025-05-01 19:41:45,237 - internal.adapters.database_initalizer - DEBUG - Requesting cursor via context manager
2025-05-01 19:41:45,237 - internal.adapters.database_initalizer - INFO - Successfully retrieved connection from pool
2025-05-01 19:41:45,242 - internal.adapters.database_initalizer - DEBUG - Returning connection to pool
2025-05-01 19:41:45,242 - internal.adapters.database_initalizer - INFO - Connection returned to pool
2025-05-01 19:41:45,242 - root - INFO - There are no outbox messages to be processed
2025-05-01 19:41:50,243 - root - INFO - Fetching pending messages from outbox
2025-05-01 19:41:50,243 - internal.adapters.database_initalizer - DEBUG - Requesting cursor via context manager
2025-05-01 19:41:50,243 - internal.adapters.database_initalizer - INFO - Successfully retrieved connection from pool
2025-05-01 19:41:50,244 - internal.adapters.database_initalizer - DEBUG - Returning connection to pool
2025-05-01 19:41:50,245 - internal.adapters.database_initalizer - INFO - Connection returned to pool
2025-05-01 19:41:50,245 - root - INFO - There are no outbox messages to be processed
2025-05-01 19:41:55,245 - root - INFO - Fetching pending messages from outbox
2025-05-01 19:41:55,245 - internal.adapters.database_initalizer - DEBUG - Requesting cursor via context manager
2025-05-01 19:41:55,245 - internal.adapters.database_initalizer - INFO - Successfully retrieved connection from pool
2025-05-01 19:41:55,246 - internal.adapters.database_initalizer - DEBUG - Returning connection to pool
2025-05-01 19:41:55,246 - internal.adapters.database_initalizer - INFO - Connection returned to pool
2025-05-01 19:41:55,246 - root - INFO - There are no outbox messages to be processed
2025-05-01 19:42:00,247 - root - INFO - Fetching pending messages from outbox
2025-05-01 19:42:00,247 - internal.adapters.database_initalizer - DEBUG - Requesting cursor via context manager
2025-05-01 19:42:00,247 - internal.adapters.database_initalizer - INFO - Successfully retrieved connection from pool
2025-05-01 19:42:00,252 - internal.adapters.database_initalizer - DEBUG - Returning connection to pool
2025-05-01 19:42:00,252 - internal.adapters.database_initalizer - INFO - Connection returned to pool
2025-05-01 19:42:00,252 - root - INFO - There are no outbox messages to be processed
2025-05-01 19:42:05,252 - root - INFO - Fetching pending messages from outbox
2025-05-01 19:42:05,252 - internal.adapters.database_initalizer - DEBUG - Requesting cursor via context manager
2025-05-01 19:42:05,253 - internal.adapters.database_initalizer - INFO - Successfully retrieved connection from pool
2025-05-01 19:42:05,254 - internal.adapters.database_initalizer - DEBUG - Returning connection to pool
2025-05-01 19:42:05,254 - internal.adapters.database_initalizer - INFO - Connection returned to pool
2025-05-01 19:42:05,254 - root - INFO - There are no outbox messages to be processed
2025-05-01 19:42:10,255 - root - INFO - Fetching pending messages from outbox
2025-05-01 19:42:10,255 - internal.adapters.database_initalizer - DEBUG - Requesting cursor via context manager
2025-05-01 19:42:10,255 - internal.adapters.database_initalizer - INFO - Successfully retrieved connection from pool
2025-05-01 19:42:10,260 - internal.adapters.database_initalizer - DEBUG - Returning connection to pool
2025-05-01 19:42:10,261 - internal.adapters.database_initalizer - INFO - Connection returned to pool
2025-05-01 19:42:10,261 - root - INFO - There are no outbox messages to be processed
2025-05-01 19:42:15,261 - root - INFO - Fetching pending messages from outbox
2025-05-01 19:42:15,261 - internal.adapters.database_initalizer - DEBUG - Requesting cursor via context manager
2025-05-01 19:42:15,261 - internal.adapters.database_initalizer - INFO - Successfully retrieved connection from pool
2025-05-01 19:42:15,263 - internal.adapters.database_initalizer - DEBUG - Returning connection to pool
2025-05-01 19:42:15,263 - internal.adapters.database_initalizer - INFO - Connection returned to pool
2025-05-01 19:42:15,263 - root - INFO - There are no outbox messages to be processed
2025-05-01 19:42:20,263 - root - INFO - Fetching pending messages from outbox
2025-05-01 19:42:20,264 - internal.adapters.database_initalizer - DEBUG - Requesting cursor via context manager
2025-05-01 19:42:20,264 - internal.adapters.database_initalizer - INFO - Successfully retrieved connection from pool
2025-05-01 19:42:20,268 - internal.adapters.database_initalizer - DEBUG - Returning connection to pool
2025-05-01 19:42:20,269 - internal.adapters.database_initalizer - INFO - Connection returned to pool
2025-05-01 19:42:20,269 - root - INFO - There are no outbox messages to be processed
2025-05-01 19:42:25,270 - root - INFO - Fetching pending messages from outbox
2025-05-01 19:42:25,270 - internal.adapters.database_initalizer - DEBUG - Requesting cursor via context manager
2025-05-01 19:42:25,270 - internal.adapters.database_initalizer - INFO - Successfully retrieved connection from pool
2025-05-01 19:42:25,276 - internal.adapters.database_initalizer - DEBUG - Returning connection to pool
2025-05-01 19:42:25,276 - internal.adapters.database_initalizer - INFO - Connection returned to pool
2025-05-01 19:42:25,277 - root - INFO - There are no outbox messages to be processed
2025-05-01 19:42:30,277 - root - INFO - Fetching pending messages from outbox
2025-05-01 19:42:30,277 - internal.adapters.database_initalizer - DEBUG - Requesting cursor via context manager
2025-05-01 19:42:30,277 - internal.adapters.database_initalizer - INFO - Successfully retrieved connection from pool
2025-05-01 19:42:30,279 - internal.adapters.database_initalizer - DEBUG - Returning connection to pool
2025-05-01 19:42:30,279 - internal.adapters.database_initalizer - INFO - Connection returned to pool
2025-05-01 19:42:30,279 - root - INFO - There are no outbox messages to be processed
2025-05-01 19:42:35,279 - root - INFO - Fetching pending messages from outbox
2025-05-01 19:42:35,279 - internal.adapters.database_initalizer - DEBUG - Requesting cursor via context manager
2025-05-01 19:42:35,279 - internal.adapters.database_initalizer - INFO - Successfully retrieved connection from pool
2025-05-01 19:42:35,282 - internal.adapters.database_initalizer - DEBUG - Returning connection to pool
2025-05-01 19:42:35,282 - internal.adapters.database_initalizer - INFO - Connection returned to pool
2025-05-01 19:42:35,282 - root - INFO - There are no outbox messages to be processed
2025-05-01 19:42:40,283 - root - INFO - Fetching pending messages from outbox
2025-05-01 19:42:40,283 - internal.adapters.database_initalizer - DEBUG - Requesting cursor via context manager
2025-05-01 19:42:40,283 - internal.adapters.database_initalizer - INFO - Successfully retrieved connection from pool
2025-05-01 19:42:40,285 - internal.adapters.database_initalizer - DEBUG - Returning connection to pool
2025-05-01 19:42:40,286 - internal.adapters.database_initalizer - INFO - Connection returned to pool
2025-05-01 19:42:40,286 - root - INFO - There are no outbox messages to be processed
2025-05-01 19:42:45,286 - root - INFO - Fetching pending messages from outbox
2025-05-01 19:42:45,286 - internal.adapters.database_initalizer - DEBUG - Requesting cursor via context manager
2025-05-01 19:42:45,286 - internal.adapters.database_initalizer - INFO - Successfully retrieved connection from pool
2025-05-01 19:42:45,288 - internal.adapters.database_initalizer - DEBUG - Returning connection to pool
2025-05-01 19:42:45,288 - internal.adapters.database_initalizer - INFO - Connection returned to pool
2025-05-01 19:42:45,288 - root - INFO - There are no outbox messages to be processed
2025-05-01 19:42:50,288 - root - INFO - Fetching pending messages from outbox
2025-05-01 19:42:50,288 - internal.adapters.database_initalizer - DEBUG - Requesting cursor via context manager
2025-05-01 19:42:50,289 - internal.adapters.database_initalizer - INFO - Successfully retrieved connection from pool
2025-05-01 19:42:50,293 - internal.adapters.database_initalizer - DEBUG - Returning connection to pool
2025-05-01 19:42:50,296 - internal.adapters.database_initalizer - INFO - Connection returned to pool
2025-05-01 19:42:50,296 - root - INFO - There are no outbox messages to be processed
2025-05-01 19:42:55,296 - root - INFO - Fetching pending messages from outbox
2025-05-01 19:42:55,296 - internal.adapters.database_initalizer - DEBUG - Requesting cursor via context manager
2025-05-01 19:42:55,296 - internal.adapters.database_initalizer - INFO - Successfully retrieved connection from pool
2025-05-01 19:42:55,302 - internal.adapters.database_initalizer - DEBUG - Returning connection to pool
2025-05-01 19:42:55,303 - internal.adapters.database_initalizer - INFO - Connection returned to pool
2025-05-01 19:42:55,303 - root - INFO - There are no outbox messages to be processed
2025-05-01 19:43:00,303 - root - INFO - Fetching pending messages from outbox
2025-05-01 19:43:00,303 - internal.adapters.database_initalizer - DEBUG - Requesting cursor via context manager
2025-05-01 19:43:00,303 - internal.adapters.database_initalizer - INFO - Successfully retrieved connection from pool
2025-05-01 19:43:00,304 - internal.adapters.database_initalizer - DEBUG - Returning connection to pool
2025-05-01 19:43:00,304 - internal.adapters.database_initalizer - INFO - Connection returned to pool
2025-05-01 19:43:00,305 - root - INFO - There are no outbox messages to be processed
2025-05-01 19:43:05,305 - root - INFO - Fetching pending messages from outbox
2025-05-01 19:43:05,305 - internal.adapters.database_initalizer - DEBUG - Requesting cursor via context manager
2025-05-01 19:43:05,305 - internal.adapters.database_initalizer - INFO - Successfully retrieved connection from pool
2025-05-01 19:43:05,310 - internal.adapters.database_initalizer - DEBUG - Returning connection to pool
2025-05-01 19:43:05,311 - internal.adapters.database_initalizer - INFO - Connection returned to pool
2025-05-01 19:43:05,311 - root - INFO - There are no outbox messages to be processed
2025-05-01 19:43:10,311 - root - INFO - Fetching pending messages from outbox
2025-05-01 19:43:10,311 - internal.adapters.database_initalizer - DEBUG - Requesting cursor via context manager
2025-05-01 19:43:10,312 - internal.adapters.database_initalizer - INFO - Successfully retrieved connection from pool
2025-05-01 19:43:10,317 - internal.adapters.database_initalizer - DEBUG - Returning connection to pool
2025-05-01 19:43:10,317 - internal.adapters.database_initalizer - INFO - Connection returned to pool
2025-05-01 19:43:10,318 - root - INFO - There are no outbox messages to be processed
2025-05-01 19:43:15,318 - root - INFO - Fetching pending messages from outbox
2025-05-01 19:43:15,318 - internal.adapters.database_initalizer - DEBUG - Requesting cursor via context manager
2025-05-01 19:43:15,318 - internal.adapters.database_initalizer - INFO - Successfully retrieved connection from pool
2025-05-01 19:43:15,319 - internal.adapters.database_initalizer - DEBUG - Returning connection to pool
2025-05-01 19:43:15,320 - internal.adapters.database_initalizer - INFO - Connection returned to pool
2025-05-01 19:43:15,320 - root - INFO - There are no outbox messages to be processed
2025-05-01 19:43:20,320 - root - INFO - Fetching pending messages from outbox
2025-05-01 19:43:20,321 - internal.adapters.database_initalizer - DEBUG - Requesting cursor via context manager
2025-05-01 19:43:20,321 - internal.adapters.database_initalizer - INFO - Successfully retrieved connection from pool
2025-05-01 19:43:20,326 - internal.adapters.database_initalizer - DEBUG - Returning connection to pool
2025-05-01 19:43:20,326 - internal.adapters.database_initalizer - INFO - Connection returned to pool
2025-05-01 19:43:20,326 - root - INFO - There are no outbox messages to be processed
2025-05-01 19:43:25,327 - root - INFO - Fetching pending messages from outbox
2025-05-01 19:43:25,327 - internal.adapters.database_initalizer - DEBUG - Requesting cursor via context manager
2025-05-01 19:43:25,327 - internal.adapters.database_initalizer - INFO - Successfully retrieved connection from pool
2025-05-01 19:43:25,333 - internal.adapters.database_initalizer - DEBUG - Returning connection to pool
2025-05-01 19:43:25,333 - internal.adapters.database_initalizer - INFO - Connection returned to pool
2025-05-01 19:43:25,333 - root - INFO - There are no outbox messages to be processed
2025-05-01 19:43:30,334 - root - INFO - Fetching pending messages from outbox
2025-05-01 19:43:30,334 - internal.adapters.database_initalizer - DEBUG - Requesting cursor via context manager
2025-05-01 19:43:30,334 - internal.adapters.database_initalizer - INFO - Successfully retrieved connection from pool
2025-05-01 19:43:30,339 - internal.adapters.database_initalizer - DEBUG - Returning connection to pool
2025-05-01 19:43:30,339 - internal.adapters.database_initalizer - INFO - Connection returned to pool
2025-05-01 19:43:30,339 - root - INFO - There are no outbox messages to be processed
2025-05-01 19:43:35,340 - root - INFO - Fetching pending messages from outbox
2025-05-01 19:43:35,340 - internal.adapters.database_initalizer - DEBUG - Requesting cursor via context manager
2025-05-01 19:43:35,340 - internal.adapters.database_initalizer - INFO - Successfully retrieved connection from pool
2025-05-01 19:43:35,341 - internal.adapters.database_initalizer - DEBUG - Returning connection to pool
2025-05-01 19:43:35,341 - internal.adapters.database_initalizer - INFO - Connection returned to pool
2025-05-01 19:43:35,341 - root - INFO - There are no outbox messages to be processed
2025-05-01 19:43:40,342 - root - INFO - Fetching pending messages from outbox
2025-05-01 19:43:40,342 - internal.adapters.database_initalizer - DEBUG - Requesting cursor via context manager
2025-05-01 19:43:40,342 - internal.adapters.database_initalizer - INFO - Successfully retrieved connection from pool
2025-05-01 19:43:40,343 - internal.adapters.database_initalizer - DEBUG - Returning connection to pool
2025-05-01 19:43:40,344 - internal.adapters.database_initalizer - INFO - Connection returned to pool
2025-05-01 19:43:40,344 - root - INFO - There are no outbox messages to be processed
2025-05-01 19:43:45,344 - root - INFO - Fetching pending messages from outbox
2025-05-01 19:43:45,344 - internal.adapters.database_initalizer - DEBUG - Requesting cursor via context manager
2025-05-01 19:43:45,344 - internal.adapters.database_initalizer - INFO - Successfully retrieved connection from pool
2025-05-01 19:43:45,346 - internal.adapters.database_initalizer - DEBUG - Returning connection to pool
2025-05-01 19:43:45,347 - internal.adapters.database_initalizer - INFO - Connection returned to pool
2025-05-01 19:43:45,347 - root - INFO - There are no outbox messages to be processed
2025-05-01 19:43:50,347 - root - INFO - Fetching pending messages from outbox
2025-05-01 19:43:50,347 - internal.adapters.database_initalizer - DEBUG - Requesting cursor via context manager
2025-05-01 19:43:50,347 - internal.adapters.database_initalizer - INFO - Successfully retrieved connection from pool
2025-05-01 19:43:50,349 - internal.adapters.database_initalizer - DEBUG - Returning connection to pool
2025-05-01 19:43:50,349 - internal.adapters.database_initalizer - INFO - Connection returned to pool
2025-05-01 19:43:50,349 - root - INFO - There are no outbox messages to be processed
2025-05-01 19:43:55,349 - root - INFO - Fetching pending messages from outbox
2025-05-01 19:43:55,350 - internal.adapters.database_initalizer - DEBUG - Requesting cursor via context manager
2025-05-01 19:43:55,350 - internal.adapters.database_initalizer - INFO - Successfully retrieved connection from pool
2025-05-01 19:43:55,355 - internal.adapters.database_initalizer - DEBUG - Returning connection to pool
2025-05-01 19:43:55,355 - internal.adapters.database_initalizer - INFO - Connection returned to pool
2025-05-01 19:43:55,355 - root - INFO - There are no outbox messages to be processed
2025-05-01 19:44:00,356 - root - INFO - Fetching pending messages from outbox
2025-05-01 19:44:00,356 - internal.adapters.database_initalizer - DEBUG - Requesting cursor via context manager
2025-05-01 19:44:00,356 - internal.adapters.database_initalizer - INFO - Successfully retrieved connection from pool
2025-05-01 19:44:00,359 - internal.adapters.database_initalizer - DEBUG - Returning connection to pool
2025-05-01 19:44:00,359 - internal.adapters.database_initalizer - INFO - Connection returned to pool
2025-05-01 19:44:00,359 - root - INFO - There are no outbox messages to be processed
2025-05-01 19:44:05,359 - root - INFO - Fetching pending messages from outbox
2025-05-01 19:44:05,360 - internal.adapters.database_initalizer - DEBUG - Requesting cursor via context manager
2025-05-01 19:44:05,360 - internal.adapters.database_initalizer - INFO - Successfully retrieved connection from pool
2025-05-01 19:44:05,364 - internal.adapters.database_initalizer - DEBUG - Returning connection to pool
2025-05-01 19:44:05,364 - internal.adapters.database_initalizer - INFO - Connection returned to pool
2025-05-01 19:44:05,364 - root - INFO - There are no outbox messages to be processed
2025-05-01 19:44:10,365 - root - INFO - Fetching pending messages from outbox
2025-05-01 19:44:10,365 - internal.adapters.database_initalizer - DEBUG - Requesting cursor via context manager
2025-05-01 19:44:10,365 - internal.adapters.database_initalizer - INFO - Successfully retrieved connection from pool
2025-05-01 19:44:10,370 - internal.adapters.database_initalizer - DEBUG - Returning connection to pool
2025-05-01 19:44:10,370 - internal.adapters.database_initalizer - INFO - Connection returned to pool
2025-05-01 19:44:10,371 - root - INFO - There are no outbox messages to be processed
2025-05-01 19:44:15,371 - root - INFO - Fetching pending messages from outbox
2025-05-01 19:44:15,371 - internal.adapters.database_initalizer - DEBUG - Requesting cursor via context manager
2025-05-01 19:44:15,372 - internal.adapters.database_initalizer - INFO - Successfully retrieved connection from pool
2025-05-01 19:44:15,377 - internal.adapters.database_initalizer - DEBUG - Returning connection to pool
2025-05-01 19:44:15,377 - internal.adapters.database_initalizer - INFO - Connection returned to pool
2025-05-01 19:44:15,377 - root - INFO - There are no outbox messages to be processed
2025-05-01 19:44:20,378 - root - INFO - Fetching pending messages from outbox
2025-05-01 19:44:20,378 - internal.adapters.database_initalizer - DEBUG - Requesting cursor via context manager
2025-05-01 19:44:20,378 - internal.adapters.database_initalizer - INFO - Successfully retrieved connection from pool
2025-05-01 19:44:20,383 - internal.adapters.database_initalizer - DEBUG - Returning connection to pool
2025-05-01 19:44:20,384 - internal.adapters.database_initalizer - INFO - Connection returned to pool
2025-05-01 19:44:20,384 - root - INFO - There are no outbox messages to be processed
2025-05-01 19:44:25,385 - root - INFO - Fetching pending messages from outbox
2025-05-01 19:44:25,385 - internal.adapters.database_initalizer - DEBUG - Requesting cursor via context manager
2025-05-01 19:44:25,385 - internal.adapters.database_initalizer - INFO - Successfully retrieved connection from pool
2025-05-01 19:44:25,386 - internal.adapters.database_initalizer - DEBUG - Returning connection to pool
2025-05-01 19:44:25,387 - internal.adapters.database_initalizer - INFO - Connection returned to pool
2025-05-01 19:44:25,387 - root - INFO - There are no outbox messages to be processed
2025-05-01 19:44:30,387 - root - INFO - Fetching pending messages from outbox
2025-05-01 19:44:30,387 - internal.adapters.database_initalizer - DEBUG - Requesting cursor via context manager
2025-05-01 19:44:30,388 - internal.adapters.database_initalizer - INFO - Successfully retrieved connection from pool
2025-05-01 19:44:30,392 - internal.adapters.database_initalizer - DEBUG - Returning connection to pool
2025-05-01 19:44:30,393 - internal.adapters.database_initalizer - INFO - Connection returned to pool
2025-05-01 19:44:30,393 - root - INFO - There are no outbox messages to be processed
2025-05-01 19:44:35,393 - root - INFO - Fetching pending messages from outbox
2025-05-01 19:44:35,393 - internal.adapters.database_initalizer - DEBUG - Requesting cursor via context manager
2025-05-01 19:44:35,394 - internal.adapters.database_initalizer - INFO - Successfully retrieved connection from pool
2025-05-01 19:44:35,395 - internal.adapters.database_initalizer - DEBUG - Returning connection to pool
2025-05-01 19:44:35,396 - internal.adapters.database_initalizer - INFO - Connection returned to pool
2025-05-01 19:44:35,396 - root - INFO - There are no outbox messages to be processed
2025-05-01 19:44:40,396 - root - INFO - Fetching pending messages from outbox
2025-05-01 19:44:40,396 - internal.adapters.database_initalizer - DEBUG - Requesting cursor via context manager
2025-05-01 19:44:40,396 - internal.adapters.database_initalizer - INFO - Successfully retrieved connection from pool
2025-05-01 19:44:40,398 - internal.adapters.database_initalizer - DEBUG - Returning connection to pool
2025-05-01 19:44:40,398 - internal.adapters.database_initalizer - INFO - Connection returned to pool
2025-05-01 19:44:40,398 - root - INFO - There are no outbox messages to be processed
2025-05-01 19:44:45,398 - root - INFO - Fetching pending messages from outbox
2025-05-01 19:44:45,398 - internal.adapters.database_initalizer - DEBUG - Requesting cursor via context manager
2025-05-01 19:44:45,398 - internal.adapters.database_initalizer - INFO - Successfully retrieved connection from pool
2025-05-01 19:44:45,400 - internal.adapters.database_initalizer - DEBUG - Returning connection to pool
2025-05-01 19:44:45,400 - internal.adapters.database_initalizer - INFO - Connection returned to pool
2025-05-01 19:44:45,400 - root - INFO - There are no outbox messages to be processed
2025-05-01 19:44:50,400 - root - INFO - Fetching pending messages from outbox
2025-05-01 19:44:50,401 - internal.adapters.database_initalizer - DEBUG - Requesting cursor via context manager
2025-05-01 19:44:50,401 - internal.adapters.database_initalizer - INFO - Successfully retrieved connection from pool
2025-05-01 19:44:50,402 - internal.adapters.database_initalizer - DEBUG - Returning connection to pool
2025-05-01 19:44:50,402 - internal.adapters.database_initalizer - INFO - Connection returned to pool
2025-05-01 19:44:50,402 - root - INFO - There are no outbox messages to be processed
2025-05-01 19:44:55,403 - root - INFO - Fetching pending messages from outbox
2025-05-01 19:44:55,403 - internal.adapters.database_initalizer - DEBUG - Requesting cursor via context manager
2025-05-01 19:44:55,403 - internal.adapters.database_initalizer - INFO - Successfully retrieved connection from pool
2025-05-01 19:44:55,405 - internal.adapters.database_initalizer - DEBUG - Returning connection to pool
2025-05-01 19:44:55,405 - internal.adapters.database_initalizer - INFO - Connection returned to pool
2025-05-01 19:44:55,405 - root - INFO - There are no outbox messages to be processed
2025-05-01 19:45:00,406 - root - INFO - Fetching pending messages from outbox
2025-05-01 19:45:00,406 - internal.adapters.database_initalizer - DEBUG - Requesting cursor via context manager
2025-05-01 19:45:00,406 - internal.adapters.database_initalizer - INFO - Successfully retrieved connection from pool
2025-05-01 19:45:00,408 - internal.adapters.database_initalizer - DEBUG - Returning connection to pool
2025-05-01 19:45:00,408 - internal.adapters.database_initalizer - INFO - Connection returned to pool
2025-05-01 19:45:00,408 - root - INFO - There are no outbox messages to be processed
2025-05-01 19:45:05,408 - root - INFO - Fetching pending messages from outbox
2025-05-01 19:45:05,408 - internal.adapters.database_initalizer - DEBUG - Requesting cursor via context manager
2025-05-01 19:45:05,409 - internal.adapters.database_initalizer - INFO - Successfully retrieved connection from pool
2025-05-01 19:45:05,412 - internal.adapters.database_initalizer - DEBUG - Returning connection to pool
2025-05-01 19:45:05,412 - internal.adapters.database_initalizer - INFO - Connection returned to pool
2025-05-01 19:45:05,412 - root - INFO - There are no outbox messages to be processed
2025-05-01 19:45:10,413 - root - INFO - Fetching pending messages from outbox
2025-05-01 19:45:10,413 - internal.adapters.database_initalizer - DEBUG - Requesting cursor via context manager
2025-05-01 19:45:10,413 - internal.adapters.database_initalizer - INFO - Successfully retrieved connection from pool
2025-05-01 19:45:10,416 - internal.adapters.database_initalizer - DEBUG - Returning connection to pool
2025-05-01 19:45:10,416 - internal.adapters.database_initalizer - INFO - Connection returned to pool
2025-05-01 19:45:10,416 - root - INFO - There are no outbox messages to be processed
2025-05-01 19:45:15,417 - root - INFO - Fetching pending messages from outbox
2025-05-01 19:45:15,417 - internal.adapters.database_initalizer - DEBUG - Requesting cursor via context manager
2025-05-01 19:45:15,417 - internal.adapters.database_initalizer - INFO - Successfully retrieved connection from pool
2025-05-01 19:45:15,418 - internal.adapters.database_initalizer - DEBUG - Returning connection to pool
2025-05-01 19:45:15,418 - internal.adapters.database_initalizer - INFO - Connection returned to pool
2025-05-01 19:45:15,418 - root - INFO - There are no outbox messages to be processed
2025-05-01 19:45:20,419 - root - INFO - Fetching pending messages from outbox
2025-05-01 19:45:20,419 - internal.adapters.database_initalizer - DEBUG - Requesting cursor via context manager
2025-05-01 19:45:20,419 - internal.adapters.database_initalizer - INFO - Successfully retrieved connection from pool
2025-05-01 19:45:20,420 - internal.adapters.database_initalizer - DEBUG - Returning connection to pool
2025-05-01 19:45:20,420 - internal.adapters.database_initalizer - INFO - Connection returned to pool
2025-05-01 19:45:20,420 - root - INFO - There are no outbox messages to be processed
2025-05-01 19:45:25,421 - root - INFO - Fetching pending messages from outbox
2025-05-01 19:45:25,421 - internal.adapters.database_initalizer - DEBUG - Requesting cursor via context manager
2025-05-01 19:45:25,421 - internal.adapters.database_initalizer - INFO - Successfully retrieved connection from pool
2025-05-01 19:45:25,426 - internal.adapters.database_initalizer - DEBUG - Returning connection to pool
2025-05-01 19:45:25,426 - internal.adapters.database_initalizer - INFO - Connection returned to pool
2025-05-01 19:45:25,427 - root - INFO - There are no outbox messages to be processed
2025-05-01 19:45:30,427 - root - INFO - Fetching pending messages from outbox
2025-05-01 19:45:30,427 - internal.adapters.database_initalizer - DEBUG - Requesting cursor via context manager
2025-05-01 19:45:30,427 - internal.adapters.database_initalizer - INFO - Successfully retrieved connection from pool
2025-05-01 19:45:30,430 - internal.adapters.database_initalizer - DEBUG - Returning connection to pool
2025-05-01 19:45:30,430 - internal.adapters.database_initalizer - INFO - Connection returned to pool
2025-05-01 19:45:30,430 - root - INFO - There are no outbox messages to be processed
2025-05-01 19:45:35,430 - root - INFO - Fetching pending messages from outbox
2025-05-01 19:45:35,431 - internal.adapters.database_initalizer - DEBUG - Requesting cursor via context manager
2025-05-01 19:45:35,431 - internal.adapters.database_initalizer - INFO - Successfully retrieved connection from pool
2025-05-01 19:45:35,433 - internal.adapters.database_initalizer - DEBUG - Returning connection to pool
2025-05-01 19:45:35,433 - internal.adapters.database_initalizer - INFO - Connection returned to pool
2025-05-01 19:45:35,434 - root - INFO - There are no outbox messages to be processed
2025-05-01 19:45:40,434 - root - INFO - Fetching pending messages from outbox
2025-05-01 19:45:40,434 - internal.adapters.database_initalizer - DEBUG - Requesting cursor via context manager
2025-05-01 19:45:40,434 - internal.adapters.database_initalizer - INFO - Successfully retrieved connection from pool
2025-05-01 19:45:40,436 - internal.adapters.database_initalizer - DEBUG - Returning connection to pool
2025-05-01 19:45:40,436 - internal.adapters.database_initalizer - INFO - Connection returned to pool
2025-05-01 19:45:40,436 - root - INFO - There are no outbox messages to be processed
2025-05-01 19:45:45,436 - root - INFO - Fetching pending messages from outbox
2025-05-01 19:45:45,437 - internal.adapters.database_initalizer - DEBUG - Requesting cursor via context manager
2025-05-01 19:45:45,437 - internal.adapters.database_initalizer - INFO - Successfully retrieved connection from pool
2025-05-01 19:45:45,438 - internal.adapters.database_initalizer - DEBUG - Returning connection to pool
2025-05-01 19:45:45,438 - internal.adapters.database_initalizer - INFO - Connection returned to pool
2025-05-01 19:45:45,438 - root - INFO - There are no outbox messages to be processed
2025-05-01 19:45:50,439 - root - INFO - Fetching pending messages from outbox
2025-05-01 19:45:50,439 - internal.adapters.database_initalizer - DEBUG - Requesting cursor via context manager
2025-05-01 19:45:50,439 - internal.adapters.database_initalizer - INFO - Successfully retrieved connection from pool
2025-05-01 19:45:50,441 - internal.adapters.database_initalizer - DEBUG - Returning connection to pool
2025-05-01 19:45:50,441 - internal.adapters.database_initalizer - INFO - Connection returned to pool
2025-05-01 19:45:50,441 - root - INFO - There are no outbox messages to be processed
2025-05-01 19:45:55,441 - root - INFO - Fetching pending messages from outbox
2025-05-01 19:45:55,442 - internal.adapters.database_initalizer - DEBUG - Requesting cursor via context manager
2025-05-01 19:45:55,442 - internal.adapters.database_initalizer - INFO - Successfully retrieved connection from pool
2025-05-01 19:45:55,445 - internal.adapters.database_initalizer - DEBUG - Returning connection to pool
2025-05-01 19:45:55,445 - internal.adapters.database_initalizer - INFO - Connection returned to pool
2025-05-01 19:45:55,445 - root - INFO - There are no outbox messages to be processed
2025-05-01 19:46:00,446 - root - INFO - Fetching pending messages from outbox
2025-05-01 19:46:00,446 - internal.adapters.database_initalizer - DEBUG - Requesting cursor via context manager
2025-05-01 19:46:00,446 - internal.adapters.database_initalizer - INFO - Successfully retrieved connection from pool
2025-05-01 19:46:00,450 - internal.adapters.database_initalizer - DEBUG - Returning connection to pool
2025-05-01 19:46:00,450 - internal.adapters.database_initalizer - INFO - Connection returned to pool
2025-05-01 19:46:00,450 - root - INFO - There are no outbox messages to be processed
2025-05-01 19:46:05,450 - root - INFO - Fetching pending messages from outbox
2025-05-01 19:46:05,451 - internal.adapters.database_initalizer - DEBUG - Requesting cursor via context manager
2025-05-01 19:46:05,451 - internal.adapters.database_initalizer - INFO - Successfully retrieved connection from pool
2025-05-01 19:46:05,453 - internal.adapters.database_initalizer - DEBUG - Returning connection to pool
2025-05-01 19:46:05,453 - internal.adapters.database_initalizer - INFO - Connection returned to pool
2025-05-01 19:46:05,453 - root - INFO - There are no outbox messages to be processed
2025-05-01 19:46:10,453 - root - INFO - Fetching pending messages from outbox
2025-05-01 19:46:10,454 - internal.adapters.database_initalizer - DEBUG - Requesting cursor via context manager
2025-05-01 19:46:10,454 - internal.adapters.database_initalizer - INFO - Successfully retrieved connection from pool
2025-05-01 19:46:10,459 - internal.adapters.database_initalizer - DEBUG - Returning connection to pool
2025-05-01 19:46:10,459 - internal.adapters.database_initalizer - INFO - Connection returned to pool
2025-05-01 19:46:10,460 - root - INFO - There are no outbox messages to be processed
2025-05-01 19:46:15,460 - root - INFO - Fetching pending messages from outbox
2025-05-01 19:46:15,460 - internal.adapters.database_initalizer - DEBUG - Requesting cursor via context manager
2025-05-01 19:46:15,461 - internal.adapters.database_initalizer - INFO - Successfully retrieved connection from pool
2025-05-01 19:46:15,464 - internal.adapters.database_initalizer - DEBUG - Returning connection to pool
2025-05-01 19:46:15,464 - internal.adapters.database_initalizer - INFO - Connection returned to pool
2025-05-01 19:46:15,464 - root - INFO - There are no outbox messages to be processed
2025-05-01 19:46:20,465 - root - INFO - Fetching pending messages from outbox
2025-05-01 19:46:20,465 - internal.adapters.database_initalizer - DEBUG - Requesting cursor via context manager
2025-05-01 19:46:20,465 - internal.adapters.database_initalizer - INFO - Successfully retrieved connection from pool
2025-05-01 19:46:20,466 - internal.adapters.database_initalizer - DEBUG - Returning connection to pool
2025-05-01 19:46:20,466 - internal.adapters.database_initalizer - INFO - Connection returned to pool
2025-05-01 19:46:20,467 - root - INFO - There are no outbox messages to be processed
2025-05-01 19:46:25,467 - root - INFO - Fetching pending messages from outbox
2025-05-01 19:46:25,467 - internal.adapters.database_initalizer - DEBUG - Requesting cursor via context manager
2025-05-01 19:46:25,468 - internal.adapters.database_initalizer - INFO - Successfully retrieved connection from pool
2025-05-01 19:46:25,472 - internal.adapters.database_initalizer - DEBUG - Returning connection to pool
2025-05-01 19:46:25,472 - internal.adapters.database_initalizer - INFO - Connection returned to pool
2025-05-01 19:46:25,473 - root - INFO - There are no outbox messages to be processed
2025-05-01 19:46:30,473 - root - INFO - Fetching pending messages from outbox
2025-05-01 19:46:30,473 - internal.adapters.database_initalizer - DEBUG - Requesting cursor via context manager
2025-05-01 19:46:30,474 - internal.adapters.database_initalizer - INFO - Successfully retrieved connection from pool
2025-05-01 19:46:30,478 - internal.adapters.database_initalizer - DEBUG - Returning connection to pool
2025-05-01 19:46:30,478 - internal.adapters.database_initalizer - INFO - Connection returned to pool
2025-05-01 19:46:30,478 - root - INFO - There are no outbox messages to be processed
2025-05-01 19:46:35,479 - root - INFO - Fetching pending messages from outbox
2025-05-01 19:46:35,479 - internal.adapters.database_initalizer - DEBUG - Requesting cursor via context manager
2025-05-01 19:46:35,480 - internal.adapters.database_initalizer - INFO - Successfully retrieved connection from pool
2025-05-01 19:46:35,481 - internal.adapters.database_initalizer - DEBUG - Returning connection to pool
2025-05-01 19:46:35,482 - internal.adapters.database_initalizer - INFO - Connection returned to pool
2025-05-01 19:46:35,482 - root - INFO - There are no outbox messages to be processed
2025-05-01 19:46:40,482 - root - INFO - Fetching pending messages from outbox
2025-05-01 19:46:40,483 - internal.adapters.database_initalizer - DEBUG - Requesting cursor via context manager
2025-05-01 19:46:40,483 - internal.adapters.database_initalizer - INFO - Successfully retrieved connection from pool
2025-05-01 19:46:40,489 - internal.adapters.database_initalizer - DEBUG - Returning connection to pool
2025-05-01 19:46:40,489 - internal.adapters.database_initalizer - INFO - Connection returned to pool
2025-05-01 19:46:40,489 - root - INFO - There are no outbox messages to be processed
2025-05-01 19:46:45,490 - root - INFO - Fetching pending messages from outbox
2025-05-01 19:46:45,490 - internal.adapters.database_initalizer - DEBUG - Requesting cursor via context manager
2025-05-01 19:46:45,490 - internal.adapters.database_initalizer - INFO - Successfully retrieved connection from pool
2025-05-01 19:46:45,492 - internal.adapters.database_initalizer - DEBUG - Returning connection to pool
2025-05-01 19:46:45,493 - internal.adapters.database_initalizer - INFO - Connection returned to pool
2025-05-01 19:46:45,493 - root - INFO - There are no outbox messages to be processed
2025-05-01 19:46:50,494 - root - INFO - Fetching pending messages from outbox
2025-05-01 19:46:50,497 - internal.adapters.database_initalizer - DEBUG - Requesting cursor via context manager
2025-05-01 19:46:50,498 - internal.adapters.database_initalizer - INFO - Successfully retrieved connection from pool
2025-05-01 19:46:50,505 - internal.adapters.database_initalizer - DEBUG - Returning connection to pool
2025-05-01 19:46:50,506 - internal.adapters.database_initalizer - INFO - Connection returned to pool
2025-05-01 19:46:50,506 - root - INFO - There are no outbox messages to be processed
2025-05-01 19:46:55,507 - root - INFO - Fetching pending messages from outbox
2025-05-01 19:46:55,508 - internal.adapters.database_initalizer - DEBUG - Requesting cursor via context manager
2025-05-01 19:46:55,508 - internal.adapters.database_initalizer - INFO - Successfully retrieved connection from pool
2025-05-01 19:46:55,512 - internal.adapters.database_initalizer - DEBUG - Returning connection to pool
2025-05-01 19:46:55,513 - internal.adapters.database_initalizer - INFO - Connection returned to pool
2025-05-01 19:46:55,513 - root - INFO - There are no outbox messages to be processed
2025-05-01 19:47:00,513 - root - INFO - Fetching pending messages from outbox
2025-05-01 19:47:00,513 - internal.adapters.database_initalizer - DEBUG - Requesting cursor via context manager
2025-05-01 19:47:00,514 - internal.adapters.database_initalizer - INFO - Successfully retrieved connection from pool
2025-05-01 19:47:00,516 - internal.adapters.database_initalizer - DEBUG - Returning connection to pool
2025-05-01 19:47:00,516 - internal.adapters.database_initalizer - INFO - Connection returned to pool
2025-05-01 19:47:00,516 - root - INFO - There are no outbox messages to be processed
2025-05-01 19:47:05,516 - root - INFO - Fetching pending messages from outbox
2025-05-01 19:47:05,516 - internal.adapters.database_initalizer - DEBUG - Requesting cursor via context manager
2025-05-01 19:47:05,517 - internal.adapters.database_initalizer - INFO - Successfully retrieved connection from pool
2025-05-01 19:47:05,519 - internal.adapters.database_initalizer - DEBUG - Returning connection to pool
2025-05-01 19:47:05,519 - internal.adapters.database_initalizer - INFO - Connection returned to pool
2025-05-01 19:47:05,519 - root - INFO - There are no outbox messages to be processed
2025-05-01 19:47:10,519 - root - INFO - Fetching pending messages from outbox
2025-05-01 19:47:10,520 - internal.adapters.database_initalizer - DEBUG - Requesting cursor via context manager
2025-05-01 19:47:10,520 - internal.adapters.database_initalizer - INFO - Successfully retrieved connection from pool
2025-05-01 19:47:10,524 - internal.adapters.database_initalizer - DEBUG - Returning connection to pool
2025-05-01 19:47:10,524 - internal.adapters.database_initalizer - INFO - Connection returned to pool
2025-05-01 19:47:10,525 - root - INFO - There are no outbox messages to be processed
2025-05-01 19:47:15,525 - root - INFO - Fetching pending messages from outbox
2025-05-01 19:47:15,525 - internal.adapters.database_initalizer - DEBUG - Requesting cursor via context manager
2025-05-01 19:47:15,525 - internal.adapters.database_initalizer - INFO - Successfully retrieved connection from pool
2025-05-01 19:47:15,527 - internal.adapters.database_initalizer - DEBUG - Returning connection to pool
2025-05-01 19:47:15,527 - internal.adapters.database_initalizer - INFO - Connection returned to pool
2025-05-01 19:47:15,527 - root - INFO - There are no outbox messages to be processed
2025-05-01 19:47:20,527 - root - INFO - Fetching pending messages from outbox
2025-05-01 19:47:20,527 - internal.adapters.database_initalizer - DEBUG - Requesting cursor via context manager
2025-05-01 19:47:20,527 - internal.adapters.database_initalizer - INFO - Successfully retrieved connection from pool
2025-05-01 19:47:20,530 - internal.adapters.database_initalizer - DEBUG - Returning connection to pool
2025-05-01 19:47:20,530 - internal.adapters.database_initalizer - INFO - Connection returned to pool
2025-05-01 19:47:20,531 - root - INFO - There are no outbox messages to be processed
2025-05-01 19:47:25,531 - root - INFO - Fetching pending messages from outbox
2025-05-01 19:47:25,531 - internal.adapters.database_initalizer - DEBUG - Requesting cursor via context manager
2025-05-01 19:47:25,531 - internal.adapters.database_initalizer - INFO - Successfully retrieved connection from pool
2025-05-01 19:47:25,533 - internal.adapters.database_initalizer - DEBUG - Returning connection to pool
2025-05-01 19:47:25,533 - internal.adapters.database_initalizer - INFO - Connection returned to pool
2025-05-01 19:47:25,533 - root - INFO - There are no outbox messages to be processed
2025-05-01 19:47:30,533 - root - INFO - Fetching pending messages from outbox
2025-05-01 19:47:30,534 - internal.adapters.database_initalizer - DEBUG - Requesting cursor via context manager
2025-05-01 19:47:30,534 - internal.adapters.database_initalizer - INFO - Successfully retrieved connection from pool
2025-05-01 19:47:30,538 - internal.adapters.database_initalizer - DEBUG - Returning connection to pool
2025-05-01 19:47:30,538 - internal.adapters.database_initalizer - INFO - Connection returned to pool
2025-05-01 19:47:30,539 - root - INFO - There are no outbox messages to be processed
2025-05-01 19:47:35,539 - root - INFO - Fetching pending messages from outbox
2025-05-01 19:47:35,539 - internal.adapters.database_initalizer - DEBUG - Requesting cursor via context manager
2025-05-01 19:47:35,539 - internal.adapters.database_initalizer - INFO - Successfully retrieved connection from pool
2025-05-01 19:47:35,541 - internal.adapters.database_initalizer - DEBUG - Returning connection to pool
2025-05-01 19:47:35,541 - internal.adapters.database_initalizer - INFO - Connection returned to pool
2025-05-01 19:47:35,541 - root - INFO - There are no outbox messages to be processed
2025-05-01 19:47:40,541 - root - INFO - Fetching pending messages from outbox
2025-05-01 19:47:40,542 - internal.adapters.database_initalizer - DEBUG - Requesting cursor via context manager
2025-05-01 19:47:40,542 - internal.adapters.database_initalizer - INFO - Successfully retrieved connection from pool
2025-05-01 19:47:40,547 - internal.adapters.database_initalizer - DEBUG - Returning connection to pool
2025-05-01 19:47:40,547 - internal.adapters.database_initalizer - INFO - Connection returned to pool
2025-05-01 19:47:40,547 - root - INFO - There are no outbox messages to be processed
2025-05-01 19:47:45,548 - root - INFO - Fetching pending messages from outbox
2025-05-01 19:47:45,548 - internal.adapters.database_initalizer - DEBUG - Requesting cursor via context manager
2025-05-01 19:47:45,548 - internal.adapters.database_initalizer - INFO - Successfully retrieved connection from pool
2025-05-01 19:47:45,553 - internal.adapters.database_initalizer - DEBUG - Returning connection to pool
2025-05-01 19:47:45,553 - internal.adapters.database_initalizer - INFO - Connection returned to pool
2025-05-01 19:47:45,553 - root - INFO - There are no outbox messages to be processed
2025-05-01 19:47:50,553 - root - INFO - Fetching pending messages from outbox
2025-05-01 19:47:50,554 - internal.adapters.database_initalizer - DEBUG - Requesting cursor via context manager
2025-05-01 19:47:50,554 - internal.adapters.database_initalizer - INFO - Successfully retrieved connection from pool
2025-05-01 19:47:50,559 - internal.adapters.database_initalizer - DEBUG - Returning connection to pool
2025-05-01 19:47:50,559 - internal.adapters.database_initalizer - INFO - Connection returned to pool
2025-05-01 19:47:50,560 - root - INFO - There are no outbox messages to be processed
2025-05-01 19:47:55,560 - root - INFO - Fetching pending messages from outbox
2025-05-01 19:47:55,561 - internal.adapters.database_initalizer - DEBUG - Requesting cursor via context manager
2025-05-01 19:47:55,561 - internal.adapters.database_initalizer - INFO - Successfully retrieved connection from pool
2025-05-01 19:47:55,564 - internal.adapters.database_initalizer - DEBUG - Returning connection to pool
2025-05-01 19:47:55,564 - internal.adapters.database_initalizer - INFO - Connection returned to pool
2025-05-01 19:47:55,564 - root - INFO - There are no outbox messages to be processed
2025-05-01 19:48:00,564 - root - INFO - Fetching pending messages from outbox
2025-05-01 19:48:00,565 - internal.adapters.database_initalizer - DEBUG - Requesting cursor via context manager
2025-05-01 19:48:00,565 - internal.adapters.database_initalizer - INFO - Successfully retrieved connection from pool
2025-05-01 19:48:00,569 - internal.adapters.database_initalizer - DEBUG - Returning connection to pool
2025-05-01 19:48:00,570 - internal.adapters.database_initalizer - INFO - Connection returned to pool
2025-05-01 19:48:00,570 - root - INFO - There are no outbox messages to be processed
2025-05-01 19:48:05,570 - root - INFO - Fetching pending messages from outbox
2025-05-01 19:48:05,570 - internal.adapters.database_initalizer - DEBUG - Requesting cursor via context manager
2025-05-01 19:48:05,571 - internal.adapters.database_initalizer - INFO - Successfully retrieved connection from pool
2025-05-01 19:48:05,574 - internal.adapters.database_initalizer - DEBUG - Returning connection to pool
2025-05-01 19:48:05,574 - internal.adapters.database_initalizer - INFO - Connection returned to pool
2025-05-01 19:48:05,574 - root - INFO - There are no outbox messages to be processed
2025-05-01 19:48:10,574 - root - INFO - Fetching pending messages from outbox
2025-05-01 19:48:10,575 - internal.adapters.database_initalizer - DEBUG - Requesting cursor via context manager
2025-05-01 19:48:10,575 - internal.adapters.database_initalizer - INFO - Successfully retrieved connection from pool
2025-05-01 19:48:10,579 - internal.adapters.database_initalizer - DEBUG - Returning connection to pool
2025-05-01 19:48:10,579 - internal.adapters.database_initalizer - INFO - Connection returned to pool
2025-05-01 19:48:10,580 - root - INFO - There are no outbox messages to be processed
2025-05-01 19:48:15,580 - root - INFO - Fetching pending messages from outbox
2025-05-01 19:48:15,580 - internal.adapters.database_initalizer - DEBUG - Requesting cursor via context manager
2025-05-01 19:48:15,580 - internal.adapters.database_initalizer - INFO - Successfully retrieved connection from pool
2025-05-01 19:48:15,583 - internal.adapters.database_initalizer - DEBUG - Returning connection to pool
2025-05-01 19:48:15,583 - internal.adapters.database_initalizer - INFO - Connection returned to pool
2025-05-01 19:48:15,584 - root - INFO - There are no outbox messages to be processed
2025-05-01 19:48:20,584 - root - INFO - Fetching pending messages from outbox
2025-05-01 19:48:20,584 - internal.adapters.database_initalizer - DEBUG - Requesting cursor via context manager
2025-05-01 19:48:20,584 - internal.adapters.database_initalizer - INFO - Successfully retrieved connection from pool
2025-05-01 19:48:20,586 - internal.adapters.database_initalizer - DEBUG - Returning connection to pool
2025-05-01 19:48:20,586 - internal.adapters.database_initalizer - INFO - Connection returned to pool
2025-05-01 19:48:20,586 - root - INFO - There are no outbox messages to be processed
2025-05-01 19:48:25,586 - root - INFO - Fetching pending messages from outbox
2025-05-01 19:48:25,586 - internal.adapters.database_initalizer - DEBUG - Requesting cursor via context manager
2025-05-01 19:48:25,586 - internal.adapters.database_initalizer - INFO - Successfully retrieved connection from pool
2025-05-01 19:48:25,588 - internal.adapters.database_initalizer - DEBUG - Returning connection to pool
2025-05-01 19:48:25,588 - internal.adapters.database_initalizer - INFO - Connection returned to pool
2025-05-01 19:48:25,588 - root - INFO - There are no outbox messages to be processed
2025-05-01 19:48:30,589 - root - INFO - Fetching pending messages from outbox
2025-05-01 19:48:30,589 - internal.adapters.database_initalizer - DEBUG - Requesting cursor via context manager
2025-05-01 19:48:30,589 - internal.adapters.database_initalizer - INFO - Successfully retrieved connection from pool
2025-05-01 19:48:30,590 - internal.adapters.database_initalizer - DEBUG - Returning connection to pool
2025-05-01 19:48:30,590 - internal.adapters.database_initalizer - INFO - Connection returned to pool
2025-05-01 19:48:30,591 - root - INFO - There are no outbox messages to be processed
2025-05-01 19:48:35,591 - root - INFO - Fetching pending messages from outbox
2025-05-01 19:48:35,591 - internal.adapters.database_initalizer - DEBUG - Requesting cursor via context manager
2025-05-01 19:48:35,591 - internal.adapters.database_initalizer - INFO - Successfully retrieved connection from pool
2025-05-01 19:48:35,593 - internal.adapters.database_initalizer - DEBUG - Returning connection to pool
2025-05-01 19:48:35,593 - internal.adapters.database_initalizer - INFO - Connection returned to pool
2025-05-01 19:48:35,593 - root - INFO - There are no outbox messages to be processed
2025-05-01 19:48:40,593 - root - INFO - Fetching pending messages from outbox
2025-05-01 19:48:40,593 - internal.adapters.database_initalizer - DEBUG - Requesting cursor via context manager
2025-05-01 19:48:40,593 - internal.adapters.database_initalizer - INFO - Successfully retrieved connection from pool
2025-05-01 19:48:40,595 - internal.adapters.database_initalizer - DEBUG - Returning connection to pool
2025-05-01 19:48:40,595 - internal.adapters.database_initalizer - INFO - Connection returned to pool
2025-05-01 19:48:40,595 - root - INFO - There are no outbox messages to be processed
2025-05-01 19:48:45,596 - root - INFO - Fetching pending messages from outbox
2025-05-01 19:48:45,596 - internal.adapters.database_initalizer - DEBUG - Requesting cursor via context manager
2025-05-01 19:48:45,596 - internal.adapters.database_initalizer - INFO - Successfully retrieved connection from pool
2025-05-01 19:48:45,598 - internal.adapters.database_initalizer - DEBUG - Returning connection to pool
2025-05-01 19:48:45,598 - internal.adapters.database_initalizer - INFO - Connection returned to pool
2025-05-01 19:48:45,598 - root - INFO - There are no outbox messages to be processed
2025-05-01 19:48:50,599 - root - INFO - Fetching pending messages from outbox
2025-05-01 19:48:50,599 - internal.adapters.database_initalizer - DEBUG - Requesting cursor via context manager
2025-05-01 19:48:50,599 - internal.adapters.database_initalizer - INFO - Successfully retrieved connection from pool
2025-05-01 19:48:50,601 - internal.adapters.database_initalizer - DEBUG - Returning connection to pool
2025-05-01 19:48:50,601 - internal.adapters.database_initalizer - INFO - Connection returned to pool
2025-05-01 19:48:50,601 - root - INFO - There are no outbox messages to be processed
2025-05-01 19:48:55,601 - root - INFO - Fetching pending messages from outbox
2025-05-01 19:48:55,601 - internal.adapters.database_initalizer - DEBUG - Requesting cursor via context manager
2025-05-01 19:48:55,602 - internal.adapters.database_initalizer - INFO - Successfully retrieved connection from pool
2025-05-01 19:48:55,606 - internal.adapters.database_initalizer - DEBUG - Returning connection to pool
2025-05-01 19:48:55,606 - internal.adapters.database_initalizer - INFO - Connection returned to pool
2025-05-01 19:48:55,607 - root - INFO - There are no outbox messages to be processed
2025-05-01 19:49:00,607 - root - INFO - Fetching pending messages from outbox
2025-05-01 19:49:00,607 - internal.adapters.database_initalizer - DEBUG - Requesting cursor via context manager
2025-05-01 19:49:00,607 - internal.adapters.database_initalizer - INFO - Successfully retrieved connection from pool
2025-05-01 19:49:00,609 - internal.adapters.database_initalizer - DEBUG - Returning connection to pool
2025-05-01 19:49:00,609 - internal.adapters.database_initalizer - INFO - Connection returned to pool
2025-05-01 19:49:00,609 - root - INFO - There are no outbox messages to be processed
2025-05-01 19:49:05,609 - root - INFO - Fetching pending messages from outbox
2025-05-01 19:49:05,609 - internal.adapters.database_initalizer - DEBUG - Requesting cursor via context manager
2025-05-01 19:49:05,609 - internal.adapters.database_initalizer - INFO - Successfully retrieved connection from pool
2025-05-01 19:49:05,611 - internal.adapters.database_initalizer - DEBUG - Returning connection to pool
2025-05-01 19:49:05,611 - internal.adapters.database_initalizer - INFO - Connection returned to pool
2025-05-01 19:49:05,611 - root - INFO - There are no outbox messages to be processed
2025-05-01 19:49:10,611 - root - INFO - Fetching pending messages from outbox
2025-05-01 19:49:10,611 - internal.adapters.database_initalizer - DEBUG - Requesting cursor via context manager
2025-05-01 19:49:10,611 - internal.adapters.database_initalizer - INFO - Successfully retrieved connection from pool
2025-05-01 19:49:10,616 - internal.adapters.database_initalizer - DEBUG - Returning connection to pool
2025-05-01 19:49:10,616 - internal.adapters.database_initalizer - INFO - Connection returned to pool
2025-05-01 19:49:10,616 - root - INFO - There are no outbox messages to be processed
2025-05-01 19:49:15,617 - root - INFO - Fetching pending messages from outbox
2025-05-01 19:49:15,617 - internal.adapters.database_initalizer - DEBUG - Requesting cursor via context manager
2025-05-01 19:49:15,617 - internal.adapters.database_initalizer - INFO - Successfully retrieved connection from pool
2025-05-01 19:49:15,618 - internal.adapters.database_initalizer - DEBUG - Returning connection to pool
2025-05-01 19:49:15,618 - internal.adapters.database_initalizer - INFO - Connection returned to pool
2025-05-01 19:49:15,619 - root - INFO - There are no outbox messages to be processed
2025-05-01 19:49:20,619 - root - INFO - Fetching pending messages from outbox
2025-05-01 19:49:20,619 - internal.adapters.database_initalizer - DEBUG - Requesting cursor via context manager
2025-05-01 19:49:20,619 - internal.adapters.database_initalizer - INFO - Successfully retrieved connection from pool
2025-05-01 19:49:20,621 - internal.adapters.database_initalizer - DEBUG - Returning connection to pool
2025-05-01 19:49:20,621 - internal.adapters.database_initalizer - INFO - Connection returned to pool
2025-05-01 19:49:20,621 - root - INFO - There are no outbox messages to be processed
2025-05-01 19:49:25,621 - root - INFO - Fetching pending messages from outbox
2025-05-01 19:49:25,621 - internal.adapters.database_initalizer - DEBUG - Requesting cursor via context manager
2025-05-01 19:49:25,621 - internal.adapters.database_initalizer - INFO - Successfully retrieved connection from pool
2025-05-01 19:49:25,623 - internal.adapters.database_initalizer - DEBUG - Returning connection to pool
2025-05-01 19:49:25,623 - internal.adapters.database_initalizer - INFO - Connection returned to pool
2025-05-01 19:49:25,624 - root - INFO - There are no outbox messages to be processed
2025-05-01 19:49:30,624 - root - INFO - Fetching pending messages from outbox
2025-05-01 19:49:30,624 - internal.adapters.database_initalizer - DEBUG - Requesting cursor via context manager
2025-05-01 19:49:30,624 - internal.adapters.database_initalizer - INFO - Successfully retrieved connection from pool
2025-05-01 19:49:30,625 - internal.adapters.database_initalizer - DEBUG - Returning connection to pool
2025-05-01 19:49:30,626 - internal.adapters.database_initalizer - INFO - Connection returned to pool
2025-05-01 19:49:30,626 - root - INFO - There are no outbox messages to be processed
2025-05-01 19:49:35,626 - root - INFO - Fetching pending messages from outbox
2025-05-01 19:49:35,626 - internal.adapters.database_initalizer - DEBUG - Requesting cursor via context manager
2025-05-01 19:49:35,626 - internal.adapters.database_initalizer - INFO - Successfully retrieved connection from pool
2025-05-01 19:49:35,628 - internal.adapters.database_initalizer - DEBUG - Returning connection to pool
2025-05-01 19:49:35,628 - internal.adapters.database_initalizer - INFO - Connection returned to pool
2025-05-01 19:49:35,628 - root - INFO - There are no outbox messages to be processed
2025-05-01 19:49:40,628 - root - INFO - Fetching pending messages from outbox
2025-05-01 19:49:40,628 - internal.adapters.database_initalizer - DEBUG - Requesting cursor via context manager
2025-05-01 19:49:40,628 - internal.adapters.database_initalizer - INFO - Successfully retrieved connection from pool
2025-05-01 19:49:40,634 - internal.adapters.database_initalizer - DEBUG - Returning connection to pool
2025-05-01 19:49:40,634 - internal.adapters.database_initalizer - INFO - Connection returned to pool
2025-05-01 19:49:40,634 - root - INFO - There are no outbox messages to be processed
2025-05-01 19:49:45,634 - root - INFO - Fetching pending messages from outbox
2025-05-01 19:49:45,635 - internal.adapters.database_initalizer - DEBUG - Requesting cursor via context manager
2025-05-01 19:49:45,635 - internal.adapters.database_initalizer - INFO - Successfully retrieved connection from pool
2025-05-01 19:49:45,638 - internal.adapters.database_initalizer - DEBUG - Returning connection to pool
2025-05-01 19:49:45,638 - internal.adapters.database_initalizer - INFO - Connection returned to pool
2025-05-01 19:49:45,639 - root - INFO - There are no outbox messages to be processed
2025-05-01 19:49:50,645 - root - INFO - Fetching pending messages from outbox
2025-05-01 19:49:50,645 - internal.adapters.database_initalizer - DEBUG - Requesting cursor via context manager
2025-05-01 19:49:50,645 - internal.adapters.database_initalizer - INFO - Successfully retrieved connection from pool
2025-05-01 19:49:50,650 - internal.adapters.database_initalizer - DEBUG - Returning connection to pool
2025-05-01 19:49:50,650 - internal.adapters.database_initalizer - INFO - Connection returned to pool
2025-05-01 19:49:50,650 - root - INFO - There are no outbox messages to be processed
2025-05-01 19:49:55,651 - root - INFO - Fetching pending messages from outbox
2025-05-01 19:49:55,651 - internal.adapters.database_initalizer - DEBUG - Requesting cursor via context manager
2025-05-01 19:49:55,651 - internal.adapters.database_initalizer - INFO - Successfully retrieved connection from pool
2025-05-01 19:49:55,653 - internal.adapters.database_initalizer - DEBUG - Returning connection to pool
2025-05-01 19:49:55,654 - internal.adapters.database_initalizer - INFO - Connection returned to pool
2025-05-01 19:49:55,654 - root - INFO - There are no outbox messages to be processed
2025-05-01 19:50:00,654 - root - INFO - Fetching pending messages from outbox
2025-05-01 19:50:00,654 - internal.adapters.database_initalizer - DEBUG - Requesting cursor via context manager
2025-05-01 19:50:00,654 - internal.adapters.database_initalizer - INFO - Successfully retrieved connection from pool
2025-05-01 19:50:00,656 - internal.adapters.database_initalizer - DEBUG - Returning connection to pool
2025-05-01 19:50:00,656 - internal.adapters.database_initalizer - INFO - Connection returned to pool
2025-05-01 19:50:00,656 - root - INFO - There are no outbox messages to be processed
2025-05-01 19:50:05,657 - root - INFO - Fetching pending messages from outbox
2025-05-01 19:50:05,657 - internal.adapters.database_initalizer - DEBUG - Requesting cursor via context manager
2025-05-01 19:50:05,657 - internal.adapters.database_initalizer - INFO - Successfully retrieved connection from pool
2025-05-01 19:50:05,659 - internal.adapters.database_initalizer - DEBUG - Returning connection to pool
2025-05-01 19:50:05,660 - internal.adapters.database_initalizer - INFO - Connection returned to pool
2025-05-01 19:50:05,660 - root - INFO - There are no outbox messages to be processed
2025-05-01 19:50:10,660 - root - INFO - Fetching pending messages from outbox
2025-05-01 19:50:10,660 - internal.adapters.database_initalizer - DEBUG - Requesting cursor via context manager
2025-05-01 19:50:10,660 - internal.adapters.database_initalizer - INFO - Successfully retrieved connection from pool
2025-05-01 19:50:10,661 - internal.adapters.database_initalizer - DEBUG - Returning connection to pool
2025-05-01 19:50:10,662 - internal.adapters.database_initalizer - INFO - Connection returned to pool
2025-05-01 19:50:10,662 - root - INFO - There are no outbox messages to be processed
2025-05-01 19:50:15,662 - root - INFO - Fetching pending messages from outbox
2025-05-01 19:50:15,662 - internal.adapters.database_initalizer - DEBUG - Requesting cursor via context manager
2025-05-01 19:50:15,662 - internal.adapters.database_initalizer - INFO - Successfully retrieved connection from pool
2025-05-01 19:50:15,663 - internal.adapters.database_initalizer - DEBUG - Returning connection to pool
2025-05-01 19:50:15,664 - internal.adapters.database_initalizer - INFO - Connection returned to pool
2025-05-01 19:50:15,664 - root - INFO - There are no outbox messages to be processed
2025-05-01 19:50:20,664 - root - INFO - Fetching pending messages from outbox
2025-05-01 19:50:20,664 - internal.adapters.database_initalizer - DEBUG - Requesting cursor via context manager
2025-05-01 19:50:20,665 - internal.adapters.database_initalizer - INFO - Successfully retrieved connection from pool
2025-05-01 19:50:20,669 - internal.adapters.database_initalizer - DEBUG - Returning connection to pool
2025-05-01 19:50:20,670 - internal.adapters.database_initalizer - INFO - Connection returned to pool
2025-05-01 19:50:20,670 - root - INFO - There are no outbox messages to be processed
2025-05-01 19:50:25,670 - root - INFO - Fetching pending messages from outbox
2025-05-01 19:50:25,671 - internal.adapters.database_initalizer - DEBUG - Requesting cursor via context manager
2025-05-01 19:50:25,671 - internal.adapters.database_initalizer - INFO - Successfully retrieved connection from pool
2025-05-01 19:50:25,675 - internal.adapters.database_initalizer - DEBUG - Returning connection to pool
2025-05-01 19:50:25,676 - internal.adapters.database_initalizer - INFO - Connection returned to pool
2025-05-01 19:50:25,676 - root - INFO - There are no outbox messages to be processed
2025-05-01 19:50:30,677 - root - INFO - Fetching pending messages from outbox
2025-05-01 19:50:30,677 - internal.adapters.database_initalizer - DEBUG - Requesting cursor via context manager
2025-05-01 19:50:30,677 - internal.adapters.database_initalizer - INFO - Successfully retrieved connection from pool
2025-05-01 19:50:30,679 - internal.adapters.database_initalizer - DEBUG - Returning connection to pool
2025-05-01 19:50:30,679 - internal.adapters.database_initalizer - INFO - Connection returned to pool
2025-05-01 19:50:30,679 - root - INFO - There are no outbox messages to be processed
2025-05-01 19:50:35,679 - root - INFO - Fetching pending messages from outbox
2025-05-01 19:50:35,680 - internal.adapters.database_initalizer - DEBUG - Requesting cursor via context manager
2025-05-01 19:50:35,680 - internal.adapters.database_initalizer - INFO - Successfully retrieved connection from pool
2025-05-01 19:50:35,685 - internal.adapters.database_initalizer - DEBUG - Returning connection to pool
2025-05-01 19:50:35,686 - internal.adapters.database_initalizer - INFO - Connection returned to pool
2025-05-01 19:50:35,686 - root - INFO - There are no outbox messages to be processed
2025-05-01 19:50:40,686 - root - INFO - Fetching pending messages from outbox
2025-05-01 19:50:40,687 - internal.adapters.database_initalizer - DEBUG - Requesting cursor via context manager
2025-05-01 19:50:40,687 - internal.adapters.database_initalizer - INFO - Successfully retrieved connection from pool
2025-05-01 19:50:40,697 - internal.adapters.database_initalizer - DEBUG - Returning connection to pool
2025-05-01 19:50:40,698 - internal.adapters.database_initalizer - INFO - Connection returned to pool
2025-05-01 19:50:40,698 - root - INFO - There are no outbox messages to be processed
2025-05-01 19:50:45,698 - root - INFO - Fetching pending messages from outbox
2025-05-01 19:50:45,698 - internal.adapters.database_initalizer - DEBUG - Requesting cursor via context manager
2025-05-01 19:50:45,698 - internal.adapters.database_initalizer - INFO - Successfully retrieved connection from pool
2025-05-01 19:50:45,700 - internal.adapters.database_initalizer - DEBUG - Returning connection to pool
2025-05-01 19:50:45,700 - internal.adapters.database_initalizer - INFO - Connection returned to pool
2025-05-01 19:50:45,700 - root - INFO - There are no outbox messages to be processed
2025-05-01 19:50:50,700 - root - INFO - Fetching pending messages from outbox
2025-05-01 19:50:50,701 - internal.adapters.database_initalizer - DEBUG - Requesting cursor via context manager
2025-05-01 19:50:50,701 - internal.adapters.database_initalizer - INFO - Successfully retrieved connection from pool
2025-05-01 19:50:50,702 - internal.adapters.database_initalizer - DEBUG - Returning connection to pool
2025-05-01 19:50:50,702 - internal.adapters.database_initalizer - INFO - Connection returned to pool
2025-05-01 19:50:50,702 - root - INFO - There are no outbox messages to be processed
2025-05-01 19:50:55,702 - root - INFO - Fetching pending messages from outbox
2025-05-01 19:50:55,702 - internal.adapters.database_initalizer - DEBUG - Requesting cursor via context manager
2025-05-01 19:50:55,702 - internal.adapters.database_initalizer - INFO - Successfully retrieved connection from pool
2025-05-01 19:50:55,704 - internal.adapters.database_initalizer - DEBUG - Returning connection to pool
2025-05-01 19:50:55,704 - internal.adapters.database_initalizer - INFO - Connection returned to pool
2025-05-01 19:50:55,704 - root - INFO - There are no outbox messages to be processed
2025-05-01 19:51:00,705 - root - INFO - Fetching pending messages from outbox
2025-05-01 19:51:00,705 - internal.adapters.database_initalizer - DEBUG - Requesting cursor via context manager
2025-05-01 19:51:00,705 - internal.adapters.database_initalizer - INFO - Successfully retrieved connection from pool
2025-05-01 19:51:00,707 - internal.adapters.database_initalizer - DEBUG - Returning connection to pool
2025-05-01 19:51:00,707 - internal.adapters.database_initalizer - INFO - Connection returned to pool
2025-05-01 19:51:00,707 - root - INFO - There are no outbox messages to be processed
2025-05-01 19:51:05,708 - root - INFO - Fetching pending messages from outbox
2025-05-01 19:51:05,709 - internal.adapters.database_initalizer - DEBUG - Requesting cursor via context manager
2025-05-01 19:51:05,709 - internal.adapters.database_initalizer - INFO - Successfully retrieved connection from pool
2025-05-01 19:51:05,732 - internal.adapters.database_initalizer - DEBUG - Returning connection to pool
2025-05-01 19:51:05,733 - internal.adapters.database_initalizer - INFO - Connection returned to pool
2025-05-01 19:51:05,734 - root - INFO - There are no outbox messages to be processed
2025-05-01 19:51:10,735 - root - INFO - Fetching pending messages from outbox
2025-05-01 19:51:10,735 - internal.adapters.database_initalizer - DEBUG - Requesting cursor via context manager
2025-05-01 19:51:10,735 - internal.adapters.database_initalizer - INFO - Successfully retrieved connection from pool
2025-05-01 19:51:10,736 - internal.adapters.database_initalizer - DEBUG - Returning connection to pool
2025-05-01 19:51:10,736 - internal.adapters.database_initalizer - INFO - Connection returned to pool
2025-05-01 19:51:10,737 - root - INFO - There are no outbox messages to be processed
2025-05-01 19:51:15,737 - root - INFO - Fetching pending messages from outbox
2025-05-01 19:51:15,737 - internal.adapters.database_initalizer - DEBUG - Requesting cursor via context manager
2025-05-01 19:51:15,738 - internal.adapters.database_initalizer - INFO - Successfully retrieved connection from pool
2025-05-01 19:51:15,745 - internal.adapters.database_initalizer - DEBUG - Returning connection to pool
2025-05-01 19:51:15,745 - internal.adapters.database_initalizer - INFO - Connection returned to pool
2025-05-01 19:51:15,745 - root - INFO - There are no outbox messages to be processed
2025-05-01 19:51:20,745 - root - INFO - Fetching pending messages from outbox
2025-05-01 19:51:20,745 - internal.adapters.database_initalizer - DEBUG - Requesting cursor via context manager
2025-05-01 19:51:20,746 - internal.adapters.database_initalizer - INFO - Successfully retrieved connection from pool
2025-05-01 19:51:20,748 - internal.adapters.database_initalizer - DEBUG - Returning connection to pool
2025-05-01 19:51:20,749 - internal.adapters.database_initalizer - INFO - Connection returned to pool
2025-05-01 19:51:20,749 - root - INFO - There are no outbox messages to be processed
2025-05-01 19:51:25,749 - root - INFO - Fetching pending messages from outbox
2025-05-01 19:51:25,749 - internal.adapters.database_initalizer - DEBUG - Requesting cursor via context manager
2025-05-01 19:51:25,749 - internal.adapters.database_initalizer - INFO - Successfully retrieved connection from pool
2025-05-01 19:51:25,751 - internal.adapters.database_initalizer - DEBUG - Returning connection to pool
2025-05-01 19:51:25,751 - internal.adapters.database_initalizer - INFO - Connection returned to pool
2025-05-01 19:51:25,751 - root - INFO - There are no outbox messages to be processed
2025-05-01 19:51:30,751 - root - INFO - Fetching pending messages from outbox
2025-05-01 19:51:30,751 - internal.adapters.database_initalizer - DEBUG - Requesting cursor via context manager
2025-05-01 19:51:30,752 - internal.adapters.database_initalizer - INFO - Successfully retrieved connection from pool
2025-05-01 19:51:30,755 - internal.adapters.database_initalizer - DEBUG - Returning connection to pool
2025-05-01 19:51:30,755 - internal.adapters.database_initalizer - INFO - Connection returned to pool
2025-05-01 19:51:30,755 - root - INFO - There are no outbox messages to be processed
2025-05-01 19:51:35,756 - root - INFO - Fetching pending messages from outbox
2025-05-01 19:51:35,757 - internal.adapters.database_initalizer - DEBUG - Requesting cursor via context manager
2025-05-01 19:51:35,757 - internal.adapters.database_initalizer - INFO - Successfully retrieved connection from pool
2025-05-01 19:51:35,760 - internal.adapters.database_initalizer - DEBUG - Returning connection to pool
2025-05-01 19:51:35,761 - internal.adapters.database_initalizer - INFO - Connection returned to pool
2025-05-01 19:51:35,762 - root - INFO - There are no outbox messages to be processed
2025-05-01 19:51:40,762 - root - INFO - Fetching pending messages from outbox
2025-05-01 19:51:40,762 - internal.adapters.database_initalizer - DEBUG - Requesting cursor via context manager
2025-05-01 19:51:40,762 - internal.adapters.database_initalizer - INFO - Successfully retrieved connection from pool
2025-05-01 19:51:40,764 - internal.adapters.database_initalizer - DEBUG - Returning connection to pool
2025-05-01 19:51:40,764 - internal.adapters.database_initalizer - INFO - Connection returned to pool
2025-05-01 19:51:40,764 - root - INFO - There are no outbox messages to be processed
2025-05-01 19:51:45,764 - root - INFO - Fetching pending messages from outbox
2025-05-01 19:51:45,765 - internal.adapters.database_initalizer - DEBUG - Requesting cursor via context manager
2025-05-01 19:51:45,765 - internal.adapters.database_initalizer - INFO - Successfully retrieved connection from pool
2025-05-01 19:51:45,769 - internal.adapters.database_initalizer - DEBUG - Returning connection to pool
2025-05-01 19:51:45,769 - internal.adapters.database_initalizer - INFO - Connection returned to pool
2025-05-01 19:51:45,769 - root - INFO - There are no outbox messages to be processed
2025-05-01 19:51:50,770 - root - INFO - Fetching pending messages from outbox
2025-05-01 19:51:50,770 - internal.adapters.database_initalizer - DEBUG - Requesting cursor via context manager
2025-05-01 19:51:50,771 - internal.adapters.database_initalizer - INFO - Successfully retrieved connection from pool
2025-05-01 19:51:50,775 - internal.adapters.database_initalizer - DEBUG - Returning connection to pool
2025-05-01 19:51:50,776 - internal.adapters.database_initalizer - INFO - Connection returned to pool
2025-05-01 19:51:50,776 - root - INFO - There are no outbox messages to be processed
2025-05-01 19:51:55,777 - root - INFO - Fetching pending messages from outbox
2025-05-01 19:51:55,777 - internal.adapters.database_initalizer - DEBUG - Requesting cursor via context manager
2025-05-01 19:51:55,778 - internal.adapters.database_initalizer - INFO - Successfully retrieved connection from pool
2025-05-01 19:51:55,788 - internal.adapters.database_initalizer - DEBUG - Returning connection to pool
2025-05-01 19:51:55,789 - internal.adapters.database_initalizer - INFO - Connection returned to pool
2025-05-01 19:51:55,790 - root - INFO - There are no outbox messages to be processed
2025-05-01 19:51:56,474 - internal.adapters.database_initalizer - DEBUG - Requesting cursor via context manager
2025-05-01 19:51:56,474 - internal.adapters.database_initalizer - INFO - Successfully retrieved connection from pool
2025-05-01 19:51:56,475 - root - INFO - Row with ID 24764e2f-dbce-4e73-81e0-57584ac48559 inserted into outbox table
2025-05-01 19:51:56,477 - internal.adapters.database_initalizer - DEBUG - Returning connection to pool
2025-05-01 19:51:56,477 - internal.adapters.database_initalizer - INFO - Connection returned to pool
2025-05-01 19:52:00,790 - root - INFO - Fetching pending messages from outbox
2025-05-01 19:52:00,791 - internal.adapters.database_initalizer - DEBUG - Requesting cursor via context manager
2025-05-01 19:52:00,791 - internal.adapters.database_initalizer - INFO - Successfully retrieved connection from pool
2025-05-01 19:52:00,792 - internal.adapters.database_initalizer - DEBUG - Returning connection to pool
2025-05-01 19:52:00,793 - internal.adapters.database_initalizer - INFO - Connection returned to pool
2025-05-01 19:52:00,793 - pika.adapters.utils.selector_ioloop_adapter - DEBUG - SelectorIOServicesAdapter.set_writer(13, <bound method _AsyncPlaintextTransport._on_socket_writable of <pika.adapters.utils.io_services_utils._AsyncPlaintextTransport object at 0x7c8f58161450>>)
2025-05-01 19:52:00,793 - pika.adapters.utils.selector_ioloop_adapter - DEBUG - set_writer(13, _) updated handler RdWr
2025-05-01 19:52:00,793 - pika.adapters.utils.io_services_utils - DEBUG - Turned on writability watcher: <socket.socket fd=13, family=10, type=1, proto=6, laddr=('::1', 51444, 0, 0), raddr=('::1', 5672, 0, 0)>
2025-05-01 19:52:00,794 - pika.adapters.utils.selector_ioloop_adapter - DEBUG - SelectorIOServicesAdapter.remove_writer(13)
2025-05-01 19:52:00,794 - pika.adapters.utils.selector_ioloop_adapter - DEBUG - remove_writer(13) updated handler Rd
2025-05-01 19:52:00,794 - pika.adapters.utils.io_services_utils - DEBUG - Turned off writability watcher: <socket.socket fd=13, family=10, type=1, proto=6, laddr=('::1', 51444, 0, 0)>
2025-05-01 19:52:00,794 - pika.heartbeat - DEBUG - Received heartbeat frame
2025-05-01 19:52:00,794 - pika.heartbeat - DEBUG - Received heartbeat frame
2025-05-01 19:52:00,794 - pika.heartbeat - DEBUG - Received heartbeat frame
2025-05-01 19:52:00,794 - pika.heartbeat - DEBUG - Received heartbeat frame
2025-05-01 19:52:00,794 - pika.heartbeat - DEBUG - Received heartbeat frame
2025-05-01 19:52:00,794 - pika.adapters.utils.io_services_utils - ERROR - Socket EOF; <socket.socket fd=13, family=10, type=1, proto=6, laddr=('::1', 51444, 0, 0)>
2025-05-01 19:52:00,794 - pika.adapters.base_connection - ERROR - Transport indicated EOF.
2025-05-01 19:52:00,795 - pika.adapters.utils.io_services_utils - INFO - protocol.eof_received() elected to close: <socket.socket fd=13, family=10, type=1, proto=6, laddr=('::1', 51444, 0, 0)>
2025-05-01 19:52:00,795 - pika.adapters.utils.io_services_utils - INFO - _AsyncTransportBase._initate_abort(): Initiating abrupt asynchronous transport shutdown: state=1; error=None; <socket.socket fd=13, family=10, type=1, proto=6, laddr=('::1', 51444, 0, 0)>
2025-05-01 19:52:00,795 - pika.adapters.utils.io_services_utils - INFO - Deactivating transport: state=1; <socket.socket fd=13, family=10, type=1, proto=6, laddr=('::1', 51444, 0, 0)>
2025-05-01 19:52:00,795 - pika.adapters.utils.selector_ioloop_adapter - DEBUG - SelectorIOServicesAdapter.remove_reader(13)
2025-05-01 19:52:00,795 - pika.adapters.utils.selector_ioloop_adapter - DEBUG - remove_reader(13) removed handler
2025-05-01 19:52:00,795 - pika.adapters.utils.selector_ioloop_adapter - DEBUG - SelectorIOServicesAdapter.remove_writer(13)
2025-05-01 19:52:00,795 - pika.adapters.utils.selector_ioloop_adapter - DEBUG - remove_writer(13) neither was set.
2025-05-01 19:52:00,795 - pika.adapters.select_connection - DEBUG - add_callback_threadsafe: added callback=functools.partial(<bound method _AsyncTransportBase._connection_lost_notify_async of <pika.adapters.utils.io_services_utils._AsyncPlaintextTransport object at 0x7c8f58161450>>, None)
2025-05-01 19:52:00,795 - pika.adapters.select_connection - DEBUG - process_timeouts: invoking callback=functools.partial(<bound method _AsyncTransportBase._connection_lost_notify_async of <pika.adapters.utils.io_services_utils._AsyncPlaintextTransport object at 0x7c8f58161450>>, None)
2025-05-01 19:52:00,795 - pika.adapters.utils.io_services_utils - DEBUG - Concluding transport shutdown: state=3; error=None
2025-05-01 19:52:00,795 - pika.adapters.base_connection - ERROR - connection_lost: StreamLostError: ('Transport indicated EOF',)
2025-05-01 19:52:00,796 - pika.connection - INFO - AMQP stack terminated, failed to connect, or aborted: opened=True, error-arg=StreamLostError: ('Transport indicated EOF',); pending-error=None
2025-05-01 19:52:00,796 - pika.heartbeat - DEBUG - Removing timer for next heartbeat send interval
2025-05-01 19:52:00,796 - pika.adapters.select_connection - DEBUG - remove_timeout: removing timeout <pika.adapters.select_connection._Timeout object at 0x7c8f5812ffd0> with deadline=68920.95600959 and callback=<bound method HeartbeatChecker._send_heartbeat of <pika.heartbeat.HeartbeatChecker object at 0x7c8f581616d0>>
2025-05-01 19:52:00,796 - pika.heartbeat - DEBUG - Removing timer for next heartbeat check interval
2025-05-01 19:52:00,796 - pika.adapters.select_connection - DEBUG - remove_timeout: removing timeout <pika.adapters.select_connection._Timeout object at 0x7c8f57510490> with deadline=68955.95650689 and callback=<bound method HeartbeatChecker._check_heartbeat of <pika.heartbeat.HeartbeatChecker object at 0x7c8f581616d0>>
2025-05-01 19:52:00,796 - pika.connection - DEBUG - New Connection state: CLOSED (prev=OPEN)
2025-05-01 19:52:00,796 - pika.channel - DEBUG - Handling meta-close on <Channel number=1 OPEN conn=<SelectConnection CLOSED transport=None params=<ConnectionParameters host=localhost port=5672 virtual_host=/ ssl=False>>>: StreamLostError: ('Transport indicated EOF',)
2025-05-01 19:52:00,796 - pika.callback - DEBUG - Processing 1:_on_channel_close
2025-05-01 19:52:00,796 - pika.callback - DEBUG - Calling <bound method BlockingChannel._on_channel_closed of <BlockingChannel impl=<Channel number=1 CLOSED conn=<SelectConnection CLOSED transport=None params=<ConnectionParameters host=localhost port=5672 virtual_host=/ ssl=False>>>>> for "1:_on_channel_close"
2025-05-01 19:52:00,796 - pika.adapters.blocking_connection - DEBUG - _on_channel_closed: StreamLostError: ('Transport indicated EOF',); <BlockingChannel impl=<Channel number=1 CLOSED conn=<SelectConnection CLOSED transport=None params=<ConnectionParameters host=localhost port=5672 virtual_host=/ ssl=False>>>>
2025-05-01 19:52:00,796 - pika.callback - DEBUG - Processing 1:_on_channel_cleanup
2025-05-01 19:52:00,797 - pika.callback - DEBUG - Processing use of oneshot callback
2025-05-01 19:52:00,797 - pika.callback - DEBUG - 0 registered uses left
2025-05-01 19:52:00,797 - pika.callback - DEBUG - Removing callback #0: {'callback': <bound method Connection._on_channel_cleanup of <SelectConnection CLOSED transport=None params=<ConnectionParameters host=localhost port=5672 virtual_host=/ ssl=False>>>, 'one_shot': True, 'only': <Channel number=1 CLOSED conn=<SelectConnection CLOSED transport=None params=<ConnectionParameters host=localhost port=5672 virtual_host=/ ssl=False>>>, 'arguments': None, 'calls': 0}
2025-05-01 19:52:00,797 - pika.callback - DEBUG - Calling <bound method Connection._on_channel_cleanup of <SelectConnection CLOSED transport=None params=<ConnectionParameters host=localhost port=5672 virtual_host=/ ssl=False>>> for "1:_on_channel_cleanup"
2025-05-01 19:52:00,797 - pika.connection - DEBUG - Removed channel 1
2025-05-01 19:52:00,797 - pika.callback - DEBUG - Clearing out '1' from the stack
2025-05-01 19:52:00,797 - pika.connection - INFO - Stack terminated due to StreamLostError: ('Transport indicated EOF',)
2025-05-01 19:52:00,797 - pika.callback - DEBUG - Processing 0:_on_connection_closed
2025-05-01 19:52:00,797 - pika.callback - DEBUG - Calling <bound method _CallbackResult.set_value_once of <pika.adapters.blocking_connection._CallbackResult object at 0x7c8f5815cf80>> for "0:_on_connection_closed"
2025-05-01 19:52:00,797 - pika.connection - DEBUG - New Connection state: CLOSED (prev=CLOSED)
2025-05-01 19:52:00,797 - pika.callback - DEBUG - Added: {'callback': <bound method Connection._on_connection_start of <SelectConnection CLOSED transport=None params=<ConnectionParameters host=localhost port=5672 virtual_host=/ ssl=False>>>, 'one_shot': True, 'only': None, 'arguments': None, 'calls': 1}
2025-05-01 19:52:00,798 - pika.callback - DEBUG - Incremented callback reference counter: {'callback': <bound method Connection._on_connection_close_from_broker of <SelectConnection CLOSED transport=None params=<ConnectionParameters host=localhost port=5672 virtual_host=/ ssl=False>>>, 'one_shot': True, 'only': None, 'arguments': None, 'calls': 2}
2025-05-01 19:52:00,798 - pika.adapters.utils.io_services_utils - INFO - Closing transport socket and unlinking: state=3; <socket.socket fd=13, family=10, type=1, proto=6, laddr=('::1', 51444, 0, 0)>
2025-05-01 19:52:00,798 - pika.adapters.blocking_connection - ERROR - Unexpected connection close detected: StreamLostError: ('Transport indicated EOF',)
2025-05-01 19:52:00,798 - root - ERROR - Error publishing message: Transport indicated EOF
2025-05-01 19:52:00,798 - root - ERROR - Error processing message ID 24764e2f-dbce-4e73-81e0-57584ac48559 (attempt 1/3): Transport indicated EOF
2025-05-01 19:52:01,799 - root - INFO - Connecting to RabbitMQ at localhost
2025-05-01 19:52:01,799 - pika.adapters.select_connection - DEBUG - Using EPollPoller
2025-05-01 19:52:01,800 - pika.adapters.base_connection - DEBUG - Created default connection workflow <pika.adapters.utils.connection_workflow.AMQPConnectionWorkflow object at 0x7c8f58149ba0>
2025-05-01 19:52:01,800 - pika.adapters.utils.connection_workflow - DEBUG - Starting AMQP Connection workflow asynchronously.
2025-05-01 19:52:01,800 - pika.adapters.select_connection - DEBUG - call_later: added timeout <pika.adapters.select_connection._Timeout object at 0x7c8f575104c0> with deadline=69557.590790951 and callback=functools.partial(<bound method AMQPConnectionWorkflow._start_new_cycle_async of <pika.adapters.utils.connection_workflow.AMQPConnectionWorkflow object at 0x7c8f58149ba0>>, first=True); now=69557.590790951; delay=0
2025-05-01 19:52:01,800 - pika.adapters.utils.connection_workflow - DEBUG - Beginning a new AMQP connection workflow cycle; attempts remaining after this: 0
2025-05-01 19:52:01,800 - pika.adapters.select_connection - DEBUG - call_later: added timeout <pika.adapters.select_connection._Timeout object at 0x7c8f575105b0> with deadline=69557.590972629 and callback=<bound method AMQPConnectionWorkflow._try_next_config_async of <pika.adapters.utils.connection_workflow.AMQPConnectionWorkflow object at 0x7c8f58149ba0>>; now=69557.590972629; delay=0
2025-05-01 19:52:01,800 - pika.adapters.utils.connection_workflow - DEBUG - _try_next_config_async: 'localhost':5672
2025-05-01 19:52:01,800 - pika.adapters.select_connection - DEBUG - process_timeouts: invoking callback=<bound method _AddressResolver._dispatch_result of <pika.adapters.utils.selector_ioloop_adapter._AddressResolver object at 0x7c8f58149cd0>>
2025-05-01 19:52:01,801 - pika.adapters.select_connection - DEBUG - add_callback_threadsafe: added callback=<bound method _AddressResolver._dispatch_result of <pika.adapters.utils.selector_ioloop_adapter._AddressResolver object at 0x7c8f58149cd0>>
2025-05-01 19:52:01,801 - pika.adapters.utils.selector_ioloop_adapter - DEBUG - Invoking asynchronous getaddrinfo() completion callback; host='localhost'
2025-05-01 19:52:01,801 - pika.adapters.utils.connection_workflow - DEBUG - getaddrinfo returned 2 records
2025-05-01 19:52:01,801 - pika.adapters.utils.connection_workflow - DEBUG - Attempting to connect using address record (<AddressFamily.AF_INET6: 10>, <SocketKind.SOCK_STREAM: 1>, 6, '', ('::1', 5672, 0, 0))
2025-05-01 19:52:01,801 - pika.adapters.utils.connection_workflow - INFO - Pika version 1.3.2 connecting to ('::1', 5672, 0, 0)
2025-05-01 19:52:01,801 - pika.adapters.select_connection - DEBUG - add_callback_threadsafe: added callback=<bound method _AsyncSocketConnector._start_async of <pika.adapters.utils.io_services_utils._AsyncSocketConnector object at 0x7c8f5814a060>>
2025-05-01 19:52:01,801 - pika.adapters.select_connection - DEBUG - call_later: added timeout <pika.adapters.select_connection._Timeout object at 0x7c8f57510580> with deadline=69567.592324237 and callback=<bound method AMQPConnector._on_tcp_connection_timeout of <pika.adapters.utils.connection_workflow.AMQPConnector object at 0x7c8f58149f30>>; now=69557.592324237; delay=10.0
2025-05-01 19:52:01,801 - pika.adapters.select_connection - DEBUG - call_later: added timeout <pika.adapters.select_connection._Timeout object at 0x7c8f57510760> with deadline=69572.592405897 and callback=<bound method AMQPConnector._on_overall_timeout of <pika.adapters.utils.connection_workflow.AMQPConnector object at 0x7c8f58149f30>>; now=69557.592405897; delay=15.0
2025-05-01 19:52:01,801 - pika.adapters.select_connection - DEBUG - process_timeouts: invoking callback=<bound method _AsyncSocketConnector._start_async of <pika.adapters.utils.io_services_utils._AsyncSocketConnector object at 0x7c8f5814a060>>
2025-05-01 19:52:01,802 - pika.adapters.utils.selector_ioloop_adapter - DEBUG - SelectorIOServicesAdapter.set_writer(13, <bound method _AsyncSocketConnector._on_writable of <pika.adapters.utils.io_services_utils._AsyncSocketConnector object at 0x7c8f5814a060>>)
2025-05-01 19:52:01,802 - pika.adapters.utils.selector_ioloop_adapter - DEBUG - set_writer(13, _) added handler Wr
2025-05-01 19:52:01,802 - pika.adapters.utils.io_services_utils - DEBUG - Connection-establishment is in progress for <socket.socket fd=13, family=10, type=1, proto=6, laddr=('::1', 36326, 0, 0), raddr=('::1', 5672, 0, 0)>.
2025-05-01 19:52:01,802 - pika.adapters.utils.io_services_utils - INFO - Socket connected: <socket.socket fd=13, family=10, type=1, proto=6, laddr=('::1', 36326, 0, 0), raddr=('::1', 5672, 0, 0)>
2025-05-01 19:52:01,802 - pika.adapters.utils.io_services_utils - DEBUG - _AsyncSocketConnector._report_completion(None); <socket.socket fd=13, family=10, type=1, proto=6, laddr=('::1', 36326, 0, 0), raddr=('::1', 5672, 0, 0)>
2025-05-01 19:52:01,802 - pika.adapters.utils.selector_ioloop_adapter - DEBUG - SelectorIOServicesAdapter.remove_writer(13)
2025-05-01 19:52:01,802 - pika.adapters.utils.selector_ioloop_adapter - DEBUG - remove_writer(13) removed handler
2025-05-01 19:52:01,802 - pika.adapters.select_connection - DEBUG - remove_timeout: removing timeout <pika.adapters.select_connection._Timeout object at 0x7c8f57510580> with deadline=69567.592324237 and callback=<bound method AMQPConnector._on_tcp_connection_timeout of <pika.adapters.utils.connection_workflow.AMQPConnector object at 0x7c8f58149f30>>
2025-05-01 19:52:01,802 - pika.adapters.utils.connection_workflow - DEBUG - TCP connection to broker established: <socket.socket fd=13, family=10, type=1, proto=6, laddr=('::1', 36326, 0, 0), raddr=('::1', 5672, 0, 0)>.
2025-05-01 19:52:01,802 - pika.adapters.utils.io_services_utils - DEBUG - _AsyncStreamConnector.start(); <socket.socket fd=13, family=10, type=1, proto=6, laddr=('::1', 36326, 0, 0), raddr=('::1', 5672, 0, 0)>
2025-05-01 19:52:01,803 - pika.adapters.select_connection - DEBUG - add_callback_threadsafe: added callback=<bound method _AsyncStreamConnector._start_async of <pika.adapters.utils.io_services_utils._AsyncStreamConnector object at 0x7c8f58149cd0>>
2025-05-01 19:52:01,803 - pika.adapters.select_connection - DEBUG - process_timeouts: invoking callback=<bound method _AsyncStreamConnector._start_async of <pika.adapters.utils.io_services_utils._AsyncStreamConnector object at 0x7c8f58149cd0>>
2025-05-01 19:52:01,803 - pika.adapters.utils.io_services_utils - DEBUG - _AsyncStreamConnector._start_async(); <socket.socket fd=13, family=10, type=1, proto=6, laddr=('::1', 36326, 0, 0), raddr=('::1', 5672, 0, 0)>
2025-05-01 19:52:01,803 - pika.adapters.utils.io_services_utils - DEBUG - _AsyncStreamConnector._linkup()
2025-05-01 19:52:01,803 - pika.connection - DEBUG - New Connection state: CLOSED (prev=CLOSED)
2025-05-01 19:52:01,803 - pika.callback - DEBUG - Added: {'callback': <bound method Connection._on_connection_start of <SelectConnection CLOSED transport=None params=<ConnectionParameters host=localhost port=5672 virtual_host=/ ssl=False>>>, 'one_shot': True, 'only': None, 'arguments': None, 'calls': 1}
2025-05-01 19:52:01,804 - pika.callback - DEBUG - Added: {'callback': <bound method Connection._on_connection_close_from_broker of <SelectConnection CLOSED transport=None params=<ConnectionParameters host=localhost port=5672 virtual_host=/ ssl=False>>>, 'one_shot': True, 'only': None, 'arguments': None, 'calls': 1}
2025-05-01 19:52:01,804 - pika.callback - DEBUG - Added: {'callback': <bound method Connection._default_on_connection_error of <SelectConnection CLOSED transport=None params=<ConnectionParameters host=localhost port=5672 virtual_host=/ ssl=False>>>, 'one_shot': False, 'only': None, 'arguments': None}
2025-05-01 19:52:01,804 - pika.connection - DEBUG - New Connection state: INIT (prev=CLOSED)
2025-05-01 19:52:01,804 - pika.connection - DEBUG - Using external connection workflow.
2025-05-01 19:52:01,804 - pika.adapters.utils.io_services_utils - DEBUG - _AsyncTransportBase.__init__: <socket.socket fd=13, family=10, type=1, proto=6, laddr=('::1', 36326, 0, 0), raddr=('::1', 5672, 0, 0)>
2025-05-01 19:52:01,804 - pika.adapters.utils.selector_ioloop_adapter - DEBUG - SelectorIOServicesAdapter.set_reader(13, <bound method _AsyncPlaintextTransport._on_socket_readable of <pika.adapters.utils.io_services_utils._AsyncPlaintextTransport object at 0x7c8f5814a2c0>>)
2025-05-01 19:52:01,805 - pika.adapters.utils.selector_ioloop_adapter - DEBUG - set_reader(13, _) added handler Rd
2025-05-01 19:52:01,805 - pika.adapters.utils.io_services_utils - DEBUG - _linkup(): created transport <pika.adapters.utils.io_services_utils._AsyncPlaintextTransport object at 0x7c8f5814a2c0>
2025-05-01 19:52:01,805 - pika.connection - DEBUG - New Connection state: PROTOCOL (prev=INIT)
2025-05-01 19:52:01,805 - pika.adapters.utils.selector_ioloop_adapter - DEBUG - SelectorIOServicesAdapter.set_writer(13, <bound method _AsyncPlaintextTransport._on_socket_writable of <pika.adapters.utils.io_services_utils._AsyncPlaintextTransport object at 0x7c8f5814a2c0>>)
2025-05-01 19:52:01,805 - pika.adapters.utils.selector_ioloop_adapter - DEBUG - set_writer(13, _) updated handler RdWr
2025-05-01 19:52:01,806 - pika.adapters.utils.io_services_utils - DEBUG - Turned on writability watcher: <socket.socket fd=13, family=10, type=1, proto=6, laddr=('::1', 36326, 0, 0), raddr=('::1', 5672, 0, 0)>
2025-05-01 19:52:01,806 - pika.adapters.utils.io_services_utils - DEBUG - _linkup(): introduced transport to protocol <pika.adapters.utils.io_services_utils._AsyncPlaintextTransport object at 0x7c8f5814a2c0>; _StreamingProtocolShim: <SelectConnection PROTOCOL transport=<pika.adapters.utils.io_services_utils._AsyncPlaintextTransport object at 0x7c8f5814a2c0> params=<ConnectionParameters host=localhost port=5672 virtual_host=/ ssl=False>>
2025-05-01 19:52:01,806 - pika.adapters.utils.io_services_utils - DEBUG - _AsyncStreamConnector._report_completion((<pika.adapters.utils.io_services_utils._AsyncPlaintextTransport object at 0x7c8f5814a2c0>, _StreamingProtocolShim: <SelectConnection PROTOCOL transport=<pika.adapters.utils.io_services_utils._AsyncPlaintextTransport object at 0x7c8f5814a2c0> params=<ConnectionParameters host=localhost port=5672 virtual_host=/ ssl=False>>)); <socket.socket fd=13, family=10, type=1, proto=6, laddr=('::1', 36326, 0, 0), raddr=('::1', 5672, 0, 0)>
2025-05-01 19:52:01,807 - pika.adapters.utils.connection_workflow - INFO - Streaming transport linked up: (<pika.adapters.utils.io_services_utils._AsyncPlaintextTransport object at 0x7c8f5814a2c0>, _StreamingProtocolShim: <SelectConnection PROTOCOL transport=<pika.adapters.utils.io_services_utils._AsyncPlaintextTransport object at 0x7c8f5814a2c0> params=<ConnectionParameters host=localhost port=5672 virtual_host=/ ssl=False>>).
2025-05-01 19:52:01,807 - pika.callback - DEBUG - Removing callback #0: {'callback': <bound method Connection._default_on_connection_error of <SelectConnection PROTOCOL transport=<pika.adapters.utils.io_services_utils._AsyncPlaintextTransport object at 0x7c8f5814a2c0> params=<ConnectionParameters host=localhost port=5672 virtual_host=/ ssl=False>>>, 'one_shot': False, 'only': None, 'arguments': None}
2025-05-01 19:52:01,808 - pika.callback - DEBUG - Added: {'callback': <bound method AMQPConnector._on_amqp_handshake_done of <pika.adapters.utils.connection_workflow.AMQPConnector object at 0x7c8f58149f30>>, 'one_shot': False, 'only': None, 'arguments': None}
2025-05-01 19:52:01,808 - pika.callback - DEBUG - Added: {'callback': <bound method AMQPConnector._on_amqp_handshake_done of <pika.adapters.utils.connection_workflow.AMQPConnector object at 0x7c8f58149f30>>, 'one_shot': False, 'only': None, 'arguments': None}
2025-05-01 19:52:01,808 - pika.adapters.utils.io_services_utils - DEBUG - _AsyncStreamConnector._cleanup(False)
2025-05-01 19:52:01,808 - pika.adapters.utils.selector_ioloop_adapter - DEBUG - SelectorIOServicesAdapter.remove_writer(13)
2025-05-01 19:52:01,808 - pika.adapters.utils.selector_ioloop_adapter - DEBUG - remove_writer(13) updated handler Rd
2025-05-01 19:52:01,809 - pika.adapters.utils.io_services_utils - DEBUG - Turned off writability watcher: <socket.socket fd=13, family=10, type=1, proto=6, laddr=('::1', 36326, 0, 0), raddr=('::1', 5672, 0, 0)>
2025-05-01 19:52:01,815 - pika.callback - DEBUG - Processing 0:Connection.Start
2025-05-01 19:52:01,815 - pika.callback - DEBUG - Processing use of oneshot callback
2025-05-01 19:52:01,815 - pika.callback - DEBUG - 0 registered uses left
2025-05-01 19:52:01,816 - pika.callback - DEBUG - Removing callback #0: {'callback': <bound method Connection._on_connection_start of <SelectConnection PROTOCOL transport=<pika.adapters.utils.io_services_utils._AsyncPlaintextTransport object at 0x7c8f5814a2c0> params=<ConnectionParameters host=localhost port=5672 virtual_host=/ ssl=False>>>, 'one_shot': True, 'only': None, 'arguments': None, 'calls': 0}
2025-05-01 19:52:01,816 - pika.callback - DEBUG - Calling <bound method Connection._on_connection_start of <SelectConnection PROTOCOL transport=<pika.adapters.utils.io_services_utils._AsyncPlaintextTransport object at 0x7c8f5814a2c0> params=<ConnectionParameters host=localhost port=5672 virtual_host=/ ssl=False>>> for "0:Connection.Start"
2025-05-01 19:52:01,816 - pika.connection - DEBUG - New Connection state: START (prev=PROTOCOL)
2025-05-01 19:52:01,816 - pika.callback - DEBUG - Added: {'callback': <bound method Connection._on_connection_tune of <SelectConnection START transport=<pika.adapters.utils.io_services_utils._AsyncPlaintextTransport object at 0x7c8f5814a2c0> params=<ConnectionParameters host=localhost port=5672 virtual_host=/ ssl=False>>>, 'one_shot': True, 'only': None, 'arguments': None, 'calls': 1}
2025-05-01 19:52:01,816 - pika.adapters.utils.selector_ioloop_adapter - DEBUG - SelectorIOServicesAdapter.set_writer(13, <bound method _AsyncPlaintextTransport._on_socket_writable of <pika.adapters.utils.io_services_utils._AsyncPlaintextTransport object at 0x7c8f5814a2c0>>)
2025-05-01 19:52:01,816 - pika.adapters.utils.selector_ioloop_adapter - DEBUG - set_writer(13, _) updated handler RdWr
2025-05-01 19:52:01,816 - pika.adapters.utils.io_services_utils - DEBUG - Turned on writability watcher: <socket.socket fd=13, family=10, type=1, proto=6, laddr=('::1', 36326, 0, 0), raddr=('::1', 5672, 0, 0)>
2025-05-01 19:52:01,816 - pika.adapters.utils.io_services_utils - DEBUG - Recv would block on <socket.socket fd=13, family=10, type=1, proto=6, laddr=('::1', 36326, 0, 0), raddr=('::1', 5672, 0, 0)>
2025-05-01 19:52:01,816 - pika.adapters.utils.selector_ioloop_adapter - DEBUG - SelectorIOServicesAdapter.remove_writer(13)
2025-05-01 19:52:01,816 - pika.adapters.utils.selector_ioloop_adapter - DEBUG - remove_writer(13) updated handler Rd
2025-05-01 19:52:01,817 - pika.adapters.utils.io_services_utils - DEBUG - Turned off writability watcher: <socket.socket fd=13, family=10, type=1, proto=6, laddr=('::1', 36326, 0, 0), raddr=('::1', 5672, 0, 0)>
2025-05-01 19:52:01,817 - pika.callback - DEBUG - Processing 0:Connection.Tune
2025-05-01 19:52:01,818 - pika.callback - DEBUG - Processing use of oneshot callback
2025-05-01 19:52:01,818 - pika.callback - DEBUG - 0 registered uses left
2025-05-01 19:52:01,818 - pika.callback - DEBUG - Removing callback #0: {'callback': <bound method Connection._on_connection_tune of <SelectConnection START transport=<pika.adapters.utils.io_services_utils._AsyncPlaintextTransport object at 0x7c8f5814a2c0> params=<ConnectionParameters host=localhost port=5672 virtual_host=/ ssl=False>>>, 'one_shot': True, 'only': None, 'arguments': None, 'calls': 0}
2025-05-01 19:52:01,819 - pika.callback - DEBUG - Calling <bound method Connection._on_connection_tune of <SelectConnection START transport=<pika.adapters.utils.io_services_utils._AsyncPlaintextTransport object at 0x7c8f5814a2c0> params=<ConnectionParameters host=localhost port=5672 virtual_host=/ ssl=False>>> for "0:Connection.Tune"
2025-05-01 19:52:01,819 - pika.connection - DEBUG - New Connection state: TUNE (prev=START)
2025-05-01 19:52:01,819 - pika.connection - DEBUG - Creating a HeartbeatChecker: 60
2025-05-01 19:52:01,820 - pika.heartbeat - DEBUG - timeout: 60.000000 send_interval: 30.000000 check_interval: 65.000000
2025-05-01 19:52:01,820 - pika.adapters.select_connection - DEBUG - call_later: added timeout <pika.adapters.select_connection._Timeout object at 0x7c8f5a78a710> with deadline=69587.610841292 and callback=<bound method HeartbeatChecker._send_heartbeat of <pika.heartbeat.HeartbeatChecker object at 0x7c8f58149cd0>>; now=69557.610841292; delay=30.0
2025-05-01 19:52:01,820 - pika.adapters.select_connection - DEBUG - call_later: added timeout <pika.adapters.select_connection._Timeout object at 0x7c8f5867a6b0> with deadline=69622.611229117 and callback=<bound method HeartbeatChecker._check_heartbeat of <pika.heartbeat.HeartbeatChecker object at 0x7c8f58149cd0>>; now=69557.611229117; delay=65
2025-05-01 19:52:01,821 - pika.adapters.utils.selector_ioloop_adapter - DEBUG - SelectorIOServicesAdapter.set_writer(13, <bound method _AsyncPlaintextTransport._on_socket_writable of <pika.adapters.utils.io_services_utils._AsyncPlaintextTransport object at 0x7c8f5814a2c0>>)
2025-05-01 19:52:01,821 - pika.adapters.utils.selector_ioloop_adapter - DEBUG - set_writer(13, _) updated handler RdWr
2025-05-01 19:52:01,821 - pika.adapters.utils.io_services_utils - DEBUG - Turned on writability watcher: <socket.socket fd=13, family=10, type=1, proto=6, laddr=('::1', 36326, 0, 0), raddr=('::1', 5672, 0, 0)>
2025-05-01 19:52:01,822 - pika.callback - DEBUG - Added: {'callback': <bound method Connection._on_connection_open_ok of <SelectConnection TUNE transport=<pika.adapters.utils.io_services_utils._AsyncPlaintextTransport object at 0x7c8f5814a2c0> params=<ConnectionParameters host=localhost port=5672 virtual_host=/ ssl=False>>>, 'one_shot': True, 'only': None, 'arguments': None, 'calls': 1}
2025-05-01 19:52:01,823 - pika.adapters.utils.io_services_utils - DEBUG - Recv would block on <socket.socket fd=13, family=10, type=1, proto=6, laddr=('::1', 36326, 0, 0), raddr=('::1', 5672, 0, 0)>
2025-05-01 19:52:01,823 - pika.adapters.utils.selector_ioloop_adapter - DEBUG - SelectorIOServicesAdapter.remove_writer(13)
2025-05-01 19:52:01,823 - pika.adapters.utils.selector_ioloop_adapter - DEBUG - remove_writer(13) updated handler Rd
2025-05-01 19:52:01,824 - pika.adapters.utils.io_services_utils - DEBUG - Turned off writability watcher: <socket.socket fd=13, family=10, type=1, proto=6, laddr=('::1', 36326, 0, 0), raddr=('::1', 5672, 0, 0)>
2025-05-01 19:52:01,826 - pika.callback - DEBUG - Processing 0:Connection.OpenOk
2025-05-01 19:52:01,826 - pika.callback - DEBUG - Processing use of oneshot callback
2025-05-01 19:52:01,826 - pika.callback - DEBUG - 0 registered uses left
2025-05-01 19:52:01,826 - pika.callback - DEBUG - Removing callback #0: {'callback': <bound method Connection._on_connection_open_ok of <SelectConnection TUNE transport=<pika.adapters.utils.io_services_utils._AsyncPlaintextTransport object at 0x7c8f5814a2c0> params=<ConnectionParameters host=localhost port=5672 virtual_host=/ ssl=False>>>, 'one_shot': True, 'only': None, 'arguments': None, 'calls': 0}
2025-05-01 19:52:01,826 - pika.callback - DEBUG - Calling <bound method Connection._on_connection_open_ok of <SelectConnection TUNE transport=<pika.adapters.utils.io_services_utils._AsyncPlaintextTransport object at 0x7c8f5814a2c0> params=<ConnectionParameters host=localhost port=5672 virtual_host=/ ssl=False>>> for "0:Connection.OpenOk"
2025-05-01 19:52:01,826 - pika.connection - DEBUG - New Connection state: OPEN (prev=TUNE)
2025-05-01 19:52:01,826 - pika.callback - DEBUG - Processing 0:_on_connection_open_ok
2025-05-01 19:52:01,826 - pika.callback - DEBUG - Calling <bound method AMQPConnector._on_amqp_handshake_done of <pika.adapters.utils.connection_workflow.AMQPConnector object at 0x7c8f58149f30>> for "0:_on_connection_open_ok"
2025-05-01 19:52:01,827 - pika.adapters.utils.connection_workflow - DEBUG - AMQPConnector: AMQP handshake attempt completed; state=3; error=None; 'localhost'/(<AddressFamily.AF_INET6: 10>, <SocketKind.SOCK_STREAM: 1>, 6, '', ('::1', 5672, 0, 0))
2025-05-01 19:52:01,827 - pika.adapters.utils.connection_workflow - DEBUG - AMQPConnector: AMQP connection established for 'localhost'/(<AddressFamily.AF_INET6: 10>, <SocketKind.SOCK_STREAM: 1>, 6, '', ('::1', 5672, 0, 0)): <SelectConnection OPEN transport=<pika.adapters.utils.io_services_utils._AsyncPlaintextTransport object at 0x7c8f5814a2c0> params=<ConnectionParameters host=localhost port=5672 virtual_host=/ ssl=False>>
2025-05-01 19:52:01,827 - pika.adapters.utils.connection_workflow - INFO - AMQPConnector - reporting success: <SelectConnection OPEN transport=<pika.adapters.utils.io_services_utils._AsyncPlaintextTransport object at 0x7c8f5814a2c0> params=<ConnectionParameters host=localhost port=5672 virtual_host=/ ssl=False>>
2025-05-01 19:52:01,827 - pika.adapters.select_connection - DEBUG - remove_timeout: removing timeout <pika.adapters.select_connection._Timeout object at 0x7c8f57510760> with deadline=69572.592405897 and callback=<bound method AMQPConnector._on_overall_timeout of <pika.adapters.utils.connection_workflow.AMQPConnector object at 0x7c8f58149f30>>
2025-05-01 19:52:01,827 - pika.adapters.utils.connection_workflow - DEBUG - Connection attempt completed with <SelectConnection OPEN transport=<pika.adapters.utils.io_services_utils._AsyncPlaintextTransport object at 0x7c8f5814a2c0> params=<ConnectionParameters host=localhost port=5672 virtual_host=/ ssl=False>>
2025-05-01 19:52:01,827 - pika.adapters.utils.connection_workflow - INFO - AMQPConnectionWorkflow - reporting success: <SelectConnection OPEN transport=<pika.adapters.utils.io_services_utils._AsyncPlaintextTransport object at 0x7c8f5814a2c0> params=<ConnectionParameters host=localhost port=5672 virtual_host=/ ssl=False>>
2025-05-01 19:52:01,828 - pika.adapters.utils.io_services_utils - DEBUG - Recv would block on <socket.socket fd=13, family=10, type=1, proto=6, laddr=('::1', 36326, 0, 0), raddr=('::1', 5672, 0, 0)>
2025-05-01 19:52:01,828 - pika.adapters.blocking_connection - INFO - Connection workflow succeeded: <SelectConnection OPEN transport=<pika.adapters.utils.io_services_utils._AsyncPlaintextTransport object at 0x7c8f5814a2c0> params=<ConnectionParameters host=localhost port=5672 virtual_host=/ ssl=False>>
2025-05-01 19:52:01,828 - pika.callback - DEBUG - Added: {'callback': <bound method _CallbackResult.set_value_once of <pika.adapters.blocking_connection._CallbackResult object at 0x7c8f58169700>>, 'one_shot': False, 'only': None, 'arguments': None}
2025-05-01 19:52:01,828 - pika.connection - DEBUG - Creating channel 1
2025-05-01 19:52:01,828 - pika.callback - DEBUG - Added: {'callback': <bound method Connection._on_channel_cleanup of <SelectConnection OPEN transport=<pika.adapters.utils.io_services_utils._AsyncPlaintextTransport object at 0x7c8f5814a2c0> params=<ConnectionParameters host=localhost port=5672 virtual_host=/ ssl=False>>>, 'one_shot': True, 'only': <Channel number=1 CLOSED conn=<SelectConnection OPEN transport=<pika.adapters.utils.io_services_utils._AsyncPlaintextTransport object at 0x7c8f5814a2c0> params=<ConnectionParameters host=localhost port=5672 virtual_host=/ ssl=False>>>, 'arguments': None, 'calls': 1}
2025-05-01 19:52:01,828 - pika.callback - DEBUG - Added: {'callback': <bound method Channel._on_getempty of <Channel number=1 OPENING conn=<SelectConnection OPEN transport=<pika.adapters.utils.io_services_utils._AsyncPlaintextTransport object at 0x7c8f5814a2c0> params=<ConnectionParameters host=localhost port=5672 virtual_host=/ ssl=False>>>>, 'one_shot': False, 'only': None, 'arguments': None}
2025-05-01 19:52:01,828 - pika.callback - DEBUG - Added: {'callback': <bound method Channel._on_cancel of <Channel number=1 OPENING conn=<SelectConnection OPEN transport=<pika.adapters.utils.io_services_utils._AsyncPlaintextTransport object at 0x7c8f5814a2c0> params=<ConnectionParameters host=localhost port=5672 virtual_host=/ ssl=False>>>>, 'one_shot': False, 'only': None, 'arguments': None}
2025-05-01 19:52:01,829 - pika.callback - DEBUG - Added: {'callback': <bound method Channel._on_flow of <Channel number=1 OPENING conn=<SelectConnection OPEN transport=<pika.adapters.utils.io_services_utils._AsyncPlaintextTransport object at 0x7c8f5814a2c0> params=<ConnectionParameters host=localhost port=5672 virtual_host=/ ssl=False>>>>, 'one_shot': False, 'only': None, 'arguments': None}
2025-05-01 19:52:01,829 - pika.callback - DEBUG - Added: {'callback': <bound method Channel._on_close_from_broker of <Channel number=1 OPENING conn=<SelectConnection OPEN transport=<pika.adapters.utils.io_services_utils._AsyncPlaintextTransport object at 0x7c8f5814a2c0> params=<ConnectionParameters host=localhost port=5672 virtual_host=/ ssl=False>>>>, 'one_shot': True, 'only': None, 'arguments': None, 'calls': 1}
2025-05-01 19:52:01,829 - pika.adapters.utils.selector_ioloop_adapter - DEBUG - SelectorIOServicesAdapter.set_writer(13, <bound method _AsyncPlaintextTransport._on_socket_writable of <pika.adapters.utils.io_services_utils._AsyncPlaintextTransport object at 0x7c8f5814a2c0>>)
2025-05-01 19:52:01,829 - pika.adapters.utils.selector_ioloop_adapter - DEBUG - set_writer(13, _) updated handler RdWr
2025-05-01 19:52:01,829 - pika.adapters.utils.io_services_utils - DEBUG - Turned on writability watcher: <socket.socket fd=13, family=10, type=1, proto=6, laddr=('::1', 36326, 0, 0), raddr=('::1', 5672, 0, 0)>
2025-05-01 19:52:01,830 - pika.channel - DEBUG - Entering blocking state on frame <Channel.Open(['out_of_band='])>; acceptable_replies=[<class 'pika.spec.Channel.OpenOk'>]
2025-05-01 19:52:01,830 - pika.channel - DEBUG - Adding on_synchronous_complete callback
2025-05-01 19:52:01,830 - pika.callback - DEBUG - Added: {'callback': <bound method Channel._on_synchronous_complete of <Channel number=1 OPENING conn=<SelectConnection OPEN transport=<pika.adapters.utils.io_services_utils._AsyncPlaintextTransport object at 0x7c8f5814a2c0> params=<ConnectionParameters host=localhost port=5672 virtual_host=/ ssl=False>>>>, 'one_shot': True, 'only': None, 'arguments': None, 'calls': 1}
2025-05-01 19:52:01,830 - pika.channel - DEBUG - Adding passed-in RPC response callback
2025-05-01 19:52:01,830 - pika.callback - DEBUG - Added: {'callback': <bound method Channel._on_openok of <Channel number=1 OPENING conn=<SelectConnection OPEN transport=<pika.adapters.utils.io_services_utils._AsyncPlaintextTransport object at 0x7c8f5814a2c0> params=<ConnectionParameters host=localhost port=5672 virtual_host=/ ssl=False>>>>, 'one_shot': True, 'only': None, 'arguments': None, 'calls': 1}
2025-05-01 19:52:01,831 - pika.callback - DEBUG - Added: {'callback': <bound method BlockingChannel._on_consumer_cancelled_by_broker of <BlockingChannel impl=<Channel number=1 OPENING conn=<SelectConnection OPEN transport=<pika.adapters.utils.io_services_utils._AsyncPlaintextTransport object at 0x7c8f5814a2c0> params=<ConnectionParameters host=localhost port=5672 virtual_host=/ ssl=False>>>>>, 'one_shot': False, 'only': None, 'arguments': None}
2025-05-01 19:52:01,831 - pika.callback - DEBUG - Added: {'callback': <bound method _CallbackResult.signal_once of <pika.adapters.blocking_connection._CallbackResult object at 0x7c8f5815fb40>>, 'one_shot': False, 'only': None, 'arguments': None}
2025-05-01 19:52:01,831 - pika.callback - DEBUG - Added: {'callback': <bound method BlockingChannel._on_channel_closed of <BlockingChannel impl=<Channel number=1 OPENING conn=<SelectConnection OPEN transport=<pika.adapters.utils.io_services_utils._AsyncPlaintextTransport object at 0x7c8f5814a2c0> params=<ConnectionParameters host=localhost port=5672 virtual_host=/ ssl=False>>>>>, 'one_shot': False, 'only': <Channel number=1 OPENING conn=<SelectConnection OPEN transport=<pika.adapters.utils.io_services_utils._AsyncPlaintextTransport object at 0x7c8f5814a2c0> params=<ConnectionParameters host=localhost port=5672 virtual_host=/ ssl=False>>>, 'arguments': None}
2025-05-01 19:52:01,831 - pika.callback - DEBUG - Added: {'callback': <bound method _CallbackResult.set_value_once of <pika.adapters.blocking_connection._CallbackResult object at 0x7c8f5815cbc0>>, 'one_shot': False, 'only': None, 'arguments': None}
2025-05-01 19:52:01,831 - pika.adapters.blocking_connection - INFO - Created channel=1
2025-05-01 19:52:01,831 - pika.adapters.utils.selector_ioloop_adapter - DEBUG - SelectorIOServicesAdapter.remove_writer(13)
2025-05-01 19:52:01,832 - pika.adapters.utils.selector_ioloop_adapter - DEBUG - remove_writer(13) updated handler Rd
2025-05-01 19:52:01,832 - pika.adapters.utils.io_services_utils - DEBUG - Turned off writability watcher: <socket.socket fd=13, family=10, type=1, proto=6, laddr=('::1', 36326, 0, 0), raddr=('::1', 5672, 0, 0)>
2025-05-01 19:52:01,833 - pika.callback - DEBUG - Processing 1:Channel.OpenOk
2025-05-01 19:52:01,833 - pika.callback - DEBUG - Processing use of oneshot callback
2025-05-01 19:52:01,834 - pika.callback - DEBUG - 0 registered uses left
2025-05-01 19:52:01,834 - pika.callback - DEBUG - Removing callback #0: {'callback': <bound method Channel._on_synchronous_complete of <Channel number=1 OPENING conn=<SelectConnection OPEN transport=<pika.adapters.utils.io_services_utils._AsyncPlaintextTransport object at 0x7c8f5814a2c0> params=<ConnectionParameters host=localhost port=5672 virtual_host=/ ssl=False>>>>, 'one_shot': True, 'only': None, 'arguments': None, 'calls': 0}
2025-05-01 19:52:01,834 - pika.callback - DEBUG - Processing use of oneshot callback
2025-05-01 19:52:01,835 - pika.callback - DEBUG - 0 registered uses left
2025-05-01 19:52:01,835 - pika.callback - DEBUG - Removing callback #0: {'callback': <bound method Channel._on_openok of <Channel number=1 OPENING conn=<SelectConnection OPEN transport=<pika.adapters.utils.io_services_utils._AsyncPlaintextTransport object at 0x7c8f5814a2c0> params=<ConnectionParameters host=localhost port=5672 virtual_host=/ ssl=False>>>>, 'one_shot': True, 'only': None, 'arguments': None, 'calls': 0}
2025-05-01 19:52:01,835 - pika.callback - DEBUG - Calling <bound method Channel._on_synchronous_complete of <Channel number=1 OPENING conn=<SelectConnection OPEN transport=<pika.adapters.utils.io_services_utils._AsyncPlaintextTransport object at 0x7c8f5814a2c0> params=<ConnectionParameters host=localhost port=5672 virtual_host=/ ssl=False>>>> for "1:Channel.OpenOk"
2025-05-01 19:52:01,835 - pika.channel - DEBUG - 0 blocked frames
2025-05-01 19:52:01,835 - pika.callback - DEBUG - Calling <bound method Channel._on_openok of <Channel number=1 OPENING conn=<SelectConnection OPEN transport=<pika.adapters.utils.io_services_utils._AsyncPlaintextTransport object at 0x7c8f5814a2c0> params=<ConnectionParameters host=localhost port=5672 virtual_host=/ ssl=False>>>> for "1:Channel.OpenOk"
2025-05-01 19:52:01,835 - pika.adapters.utils.io_services_utils - DEBUG - Recv would block on <socket.socket fd=13, family=10, type=1, proto=6, laddr=('::1', 36326, 0, 0), raddr=('::1', 5672, 0, 0)>
2025-05-01 19:52:01,835 - pika.adapters.utils.selector_ioloop_adapter - DEBUG - SelectorIOServicesAdapter.set_writer(13, <bound method _AsyncPlaintextTransport._on_socket_writable of <pika.adapters.utils.io_services_utils._AsyncPlaintextTransport object at 0x7c8f5814a2c0>>)
2025-05-01 19:52:01,835 - pika.adapters.utils.selector_ioloop_adapter - DEBUG - set_writer(13, _) updated handler RdWr
2025-05-01 19:52:01,835 - pika.adapters.utils.io_services_utils - DEBUG - Turned on writability watcher: <socket.socket fd=13, family=10, type=1, proto=6, laddr=('::1', 36326, 0, 0), raddr=('::1', 5672, 0, 0)>
2025-05-01 19:52:01,835 - pika.channel - DEBUG - Entering blocking state on frame <Queue.Declare(['arguments={}', 'auto_delete=False', 'durable=False', 'exclusive=False', 'nowait=False', 'passive=False', 'queue=sums', 'ticket=0'])>; acceptable_replies=[(<class 'pika.spec.Queue.DeclareOk'>, {'queue': 'sums'})]
2025-05-01 19:52:01,836 - pika.channel - DEBUG - Adding on_synchronous_complete callback
2025-05-01 19:52:01,836 - pika.callback - DEBUG - Added: {'callback': <bound method Channel._on_synchronous_complete of <Channel number=1 OPEN conn=<SelectConnection OPEN transport=<pika.adapters.utils.io_services_utils._AsyncPlaintextTransport object at 0x7c8f5814a2c0> params=<ConnectionParameters host=localhost port=5672 virtual_host=/ ssl=False>>>>, 'one_shot': True, 'only': None, 'arguments': {'queue': 'sums'}, 'calls': 1}
2025-05-01 19:52:01,836 - pika.channel - DEBUG - Adding passed-in RPC response callback
2025-05-01 19:52:01,836 - pika.callback - DEBUG - Added: {'callback': <bound method _CallbackResult.set_value_once of <pika.adapters.blocking_connection._CallbackResult object at 0x7c8f5816a3c0>>, 'one_shot': True, 'only': None, 'arguments': {'queue': 'sums'}, 'calls': 1}
2025-05-01 19:52:01,836 - pika.adapters.utils.selector_ioloop_adapter - DEBUG - SelectorIOServicesAdapter.remove_writer(13)
2025-05-01 19:52:01,836 - pika.adapters.utils.selector_ioloop_adapter - DEBUG - remove_writer(13) updated handler Rd
2025-05-01 19:52:01,836 - pika.adapters.utils.io_services_utils - DEBUG - Turned off writability watcher: <socket.socket fd=13, family=10, type=1, proto=6, laddr=('::1', 36326, 0, 0), raddr=('::1', 5672, 0, 0)>
2025-05-01 19:52:01,837 - pika.callback - DEBUG - Processing 1:Queue.DeclareOk
2025-05-01 19:52:01,837 - pika.callback - DEBUG - Processing use of oneshot callback
2025-05-01 19:52:01,837 - pika.callback - DEBUG - 0 registered uses left
2025-05-01 19:52:01,838 - pika.callback - DEBUG - Comparing {'queue': 'sums'} to {'queue': 'sums'}
2025-05-01 19:52:01,838 - pika.callback - DEBUG - Removing callback #0: {'callback': <bound method Channel._on_synchronous_complete of <Channel number=1 OPEN conn=<SelectConnection OPEN transport=<pika.adapters.utils.io_services_utils._AsyncPlaintextTransport object at 0x7c8f5814a2c0> params=<ConnectionParameters host=localhost port=5672 virtual_host=/ ssl=False>>>>, 'one_shot': True, 'only': None, 'arguments': {'queue': 'sums'}, 'calls': 0}
2025-05-01 19:52:01,838 - pika.callback - DEBUG - Processing use of oneshot callback
2025-05-01 19:52:01,838 - pika.callback - DEBUG - 0 registered uses left
2025-05-01 19:52:01,838 - pika.callback - DEBUG - Comparing {'queue': 'sums'} to {'queue': 'sums'}
2025-05-01 19:52:01,838 - pika.callback - DEBUG - Removing callback #0: {'callback': <bound method _CallbackResult.set_value_once of <pika.adapters.blocking_connection._CallbackResult object at 0x7c8f5816a3c0>>, 'one_shot': True, 'only': None, 'arguments': {'queue': 'sums'}, 'calls': 0}
2025-05-01 19:52:01,838 - pika.callback - DEBUG - Calling <bound method Channel._on_synchronous_complete of <Channel number=1 OPEN conn=<SelectConnection OPEN transport=<pika.adapters.utils.io_services_utils._AsyncPlaintextTransport object at 0x7c8f5814a2c0> params=<ConnectionParameters host=localhost port=5672 virtual_host=/ ssl=False>>>> for "1:Queue.DeclareOk"
2025-05-01 19:52:01,838 - pika.channel - DEBUG - 0 blocked frames
2025-05-01 19:52:01,838 - pika.callback - DEBUG - Calling <bound method _CallbackResult.set_value_once of <pika.adapters.blocking_connection._CallbackResult object at 0x7c8f5816a3c0>> for "1:Queue.DeclareOk"
2025-05-01 19:52:01,838 - pika.adapters.utils.io_services_utils - DEBUG - Recv would block on <socket.socket fd=13, family=10, type=1, proto=6, laddr=('::1', 36326, 0, 0), raddr=('::1', 5672, 0, 0)>
2025-05-01 19:52:01,839 - root - INFO - Successfully connected to RabbitMQ and declared queue sums
2025-05-01 19:52:01,839 - pika.adapters.utils.selector_ioloop_adapter - DEBUG - SelectorIOServicesAdapter.set_writer(13, <bound method _AsyncPlaintextTransport._on_socket_writable of <pika.adapters.utils.io_services_utils._AsyncPlaintextTransport object at 0x7c8f5814a2c0>>)
2025-05-01 19:52:01,839 - pika.adapters.utils.selector_ioloop_adapter - DEBUG - set_writer(13, _) updated handler RdWr
2025-05-01 19:52:01,839 - pika.adapters.utils.io_services_utils - DEBUG - Turned on writability watcher: <socket.socket fd=13, family=10, type=1, proto=6, laddr=('::1', 36326, 0, 0), raddr=('::1', 5672, 0, 0)>
2025-05-01 19:52:01,839 - pika.adapters.utils.selector_ioloop_adapter - DEBUG - SelectorIOServicesAdapter.remove_writer(13)
2025-05-01 19:52:01,839 - pika.adapters.utils.selector_ioloop_adapter - DEBUG - remove_writer(13) updated handler Rd
2025-05-01 19:52:01,839 - pika.adapters.utils.io_services_utils - DEBUG - Turned off writability watcher: <socket.socket fd=13, family=10, type=1, proto=6, laddr=('::1', 36326, 0, 0), raddr=('::1', 5672, 0, 0)>
2025-05-01 19:52:01,839 - root - INFO - Message published to queue sums
2025-05-01 19:52:01,839 - internal.adapters.database_initalizer - DEBUG - Requesting cursor via context manager
2025-05-01 19:52:01,839 - internal.adapters.database_initalizer - INFO - Successfully retrieved connection from pool
2025-05-01 19:52:01,841 - root - INFO - Row 24764e2f-dbce-4e73-81e0-57584ac48559 has been marked as processed
2025-05-01 19:52:01,842 - internal.adapters.database_initalizer - DEBUG - Returning connection to pool
2025-05-01 19:52:01,843 - internal.adapters.database_initalizer - INFO - Connection returned to pool
2025-05-01 19:52:01,843 - root - INFO - Successfully processed and published message ID 24764e2f-dbce-4e73-81e0-57584ac48559
2025-05-01 19:52:06,843 - root - INFO - Fetching pending messages from outbox
2025-05-01 19:52:06,843 - internal.adapters.database_initalizer - DEBUG - Requesting cursor via context manager
2025-05-01 19:52:06,843 - internal.adapters.database_initalizer - INFO - Successfully retrieved connection from pool
2025-05-01 19:52:06,845 - internal.adapters.database_initalizer - DEBUG - Returning connection to pool
2025-05-01 19:52:06,845 - internal.adapters.database_initalizer - INFO - Connection returned to pool
2025-05-01 19:52:06,845 - root - INFO - There are no outbox messages to be processed
2025-05-01 19:52:11,845 - root - INFO - Fetching pending messages from outbox
2025-05-01 19:52:11,846 - internal.adapters.database_initalizer - DEBUG - Requesting cursor via context manager
2025-05-01 19:52:11,846 - internal.adapters.database_initalizer - INFO - Successfully retrieved connection from pool
2025-05-01 19:52:11,851 - internal.adapters.database_initalizer - DEBUG - Returning connection to pool
2025-05-01 19:52:11,851 - internal.adapters.database_initalizer - INFO - Connection returned to pool
2025-05-01 19:52:11,851 - root - INFO - There are no outbox messages to be processed
2025-05-01 19:52:16,852 - root - INFO - Fetching pending messages from outbox
2025-05-01 19:52:16,852 - internal.adapters.database_initalizer - DEBUG - Requesting cursor via context manager
2025-05-01 19:52:16,852 - internal.adapters.database_initalizer - INFO - Successfully retrieved connection from pool
2025-05-01 19:52:16,853 - internal.adapters.database_initalizer - DEBUG - Returning connection to pool
2025-05-01 19:52:16,854 - internal.adapters.database_initalizer - INFO - Connection returned to pool
2025-05-01 19:52:16,854 - root - INFO - There are no outbox messages to be processed
2025-05-01 19:52:21,854 - root - INFO - Fetching pending messages from outbox
2025-05-01 19:52:21,854 - internal.adapters.database_initalizer - DEBUG - Requesting cursor via context manager
2025-05-01 19:52:21,854 - internal.adapters.database_initalizer - INFO - Successfully retrieved connection from pool
2025-05-01 19:52:21,855 - internal.adapters.database_initalizer - DEBUG - Returning connection to pool
2025-05-01 19:52:21,856 - internal.adapters.database_initalizer - INFO - Connection returned to pool
2025-05-01 19:52:21,856 - root - INFO - There are no outbox messages to be processed
2025-05-01 19:52:26,856 - root - INFO - Fetching pending messages from outbox
2025-05-01 19:52:26,856 - internal.adapters.database_initalizer - DEBUG - Requesting cursor via context manager
2025-05-01 19:52:26,856 - internal.adapters.database_initalizer - INFO - Successfully retrieved connection from pool
2025-05-01 19:52:26,858 - internal.adapters.database_initalizer - DEBUG - Returning connection to pool
2025-05-01 19:52:26,858 - internal.adapters.database_initalizer - INFO - Connection returned to pool
2025-05-01 19:52:26,858 - root - INFO - There are no outbox messages to be processed
2025-05-01 19:52:31,859 - root - INFO - Fetching pending messages from outbox
2025-05-01 19:52:31,859 - internal.adapters.database_initalizer - DEBUG - Requesting cursor via context manager
2025-05-01 19:52:31,859 - internal.adapters.database_initalizer - INFO - Successfully retrieved connection from pool
2025-05-01 19:52:31,860 - internal.adapters.database_initalizer - DEBUG - Returning connection to pool
2025-05-01 19:52:31,861 - internal.adapters.database_initalizer - INFO - Connection returned to pool
2025-05-01 19:52:31,861 - root - INFO - There are no outbox messages to be processed
2025-05-01 19:52:35,714 - internal.adapters.database_initalizer - DEBUG - Requesting cursor via context manager
2025-05-01 19:52:35,715 - internal.adapters.database_initalizer - INFO - Successfully retrieved connection from pool
2025-05-01 19:52:35,716 - root - INFO - Row with ID 25bb5e0b-2e64-4b08-8b76-2787cfacac31 inserted into outbox table
2025-05-01 19:52:35,717 - internal.adapters.database_initalizer - DEBUG - Returning connection to pool
2025-05-01 19:52:35,717 - internal.adapters.database_initalizer - INFO - Connection returned to pool
2025-05-01 19:52:36,861 - root - INFO - Fetching pending messages from outbox
2025-05-01 19:52:36,861 - internal.adapters.database_initalizer - DEBUG - Requesting cursor via context manager
2025-05-01 19:52:36,861 - internal.adapters.database_initalizer - INFO - Successfully retrieved connection from pool
2025-05-01 19:52:36,862 - internal.adapters.database_initalizer - DEBUG - Returning connection to pool
2025-05-01 19:52:36,863 - internal.adapters.database_initalizer - INFO - Connection returned to pool
2025-05-01 19:52:36,863 - pika.adapters.utils.selector_ioloop_adapter - DEBUG - SelectorIOServicesAdapter.set_writer(13, <bound method _AsyncPlaintextTransport._on_socket_writable of <pika.adapters.utils.io_services_utils._AsyncPlaintextTransport object at 0x7c8f5814a2c0>>)
2025-05-01 19:52:36,863 - pika.adapters.utils.selector_ioloop_adapter - DEBUG - set_writer(13, _) updated handler RdWr
2025-05-01 19:52:36,863 - pika.adapters.utils.io_services_utils - DEBUG - Turned on writability watcher: <socket.socket fd=13, family=10, type=1, proto=6, laddr=('::1', 36326, 0, 0), raddr=('::1', 5672, 0, 0)>
2025-05-01 19:52:36,863 - pika.adapters.utils.selector_ioloop_adapter - DEBUG - SelectorIOServicesAdapter.remove_writer(13)
2025-05-01 19:52:36,863 - pika.adapters.utils.selector_ioloop_adapter - DEBUG - remove_writer(13) updated handler Rd
2025-05-01 19:52:36,863 - pika.adapters.utils.io_services_utils - DEBUG - Turned off writability watcher: <socket.socket fd=13, family=10, type=1, proto=6, laddr=('::1', 36326, 0, 0), raddr=('::1', 5672, 0, 0)>
2025-05-01 19:52:36,864 - pika.heartbeat - DEBUG - Received heartbeat frame
2025-05-01 19:52:36,864 - pika.adapters.utils.io_services_utils - DEBUG - Recv would block on <socket.socket fd=13, family=10, type=1, proto=6, laddr=('::1', 36326, 0, 0), raddr=('::1', 5672, 0, 0)>
2025-05-01 19:52:36,864 - pika.heartbeat - DEBUG - Sending heartbeat frame
2025-05-01 19:52:36,864 - pika.heartbeat - DEBUG - Sending heartbeat frame
2025-05-01 19:52:36,864 - pika.adapters.utils.selector_ioloop_adapter - DEBUG - SelectorIOServicesAdapter.set_writer(13, <bound method _AsyncPlaintextTransport._on_socket_writable of <pika.adapters.utils.io_services_utils._AsyncPlaintextTransport object at 0x7c8f5814a2c0>>)
2025-05-01 19:52:36,864 - pika.adapters.utils.selector_ioloop_adapter - DEBUG - set_writer(13, _) updated handler RdWr
2025-05-01 19:52:36,864 - pika.adapters.utils.io_services_utils - DEBUG - Turned on writability watcher: <socket.socket fd=13, family=10, type=1, proto=6, laddr=('::1', 36326, 0, 0), raddr=('::1', 5672, 0, 0)>
2025-05-01 19:52:36,864 - pika.adapters.select_connection - DEBUG - call_later: added timeout <pika.adapters.select_connection._Timeout object at 0x7c8f5812fa30> with deadline=69622.6554565 and callback=<bound method HeartbeatChecker._send_heartbeat of <pika.heartbeat.HeartbeatChecker object at 0x7c8f58149cd0>>; now=69592.6554565; delay=30.0
2025-05-01 19:52:36,864 - pika.adapters.utils.selector_ioloop_adapter - DEBUG - SelectorIOServicesAdapter.remove_writer(13)
2025-05-01 19:52:36,865 - pika.adapters.utils.selector_ioloop_adapter - DEBUG - remove_writer(13) updated handler Rd
2025-05-01 19:52:36,865 - pika.adapters.utils.io_services_utils - DEBUG - Turned off writability watcher: <socket.socket fd=13, family=10, type=1, proto=6, laddr=('::1', 36326, 0, 0), raddr=('::1', 5672, 0, 0)>
2025-05-01 19:52:36,865 - root - INFO - Message published to queue sums
2025-05-01 19:52:36,865 - internal.adapters.database_initalizer - DEBUG - Requesting cursor via context manager
2025-05-01 19:52:36,865 - internal.adapters.database_initalizer - INFO - Successfully retrieved connection from pool
2025-05-01 19:52:36,866 - root - INFO - Row 25bb5e0b-2e64-4b08-8b76-2787cfacac31 has been marked as processed
2025-05-01 19:52:36,867 - internal.adapters.database_initalizer - DEBUG - Returning connection to pool
2025-05-01 19:52:36,867 - internal.adapters.database_initalizer - INFO - Connection returned to pool
2025-05-01 19:52:36,868 - root - INFO - Successfully processed and published message ID 25bb5e0b-2e64-4b08-8b76-2787cfacac31
2025-05-01 19:52:41,868 - root - INFO - Fetching pending messages from outbox
2025-05-01 19:52:41,868 - internal.adapters.database_initalizer - DEBUG - Requesting cursor via context manager
2025-05-01 19:52:41,868 - internal.adapters.database_initalizer - INFO - Successfully retrieved connection from pool
2025-05-01 19:52:41,870 - internal.adapters.database_initalizer - DEBUG - Returning connection to pool
2025-05-01 19:52:41,870 - internal.adapters.database_initalizer - INFO - Connection returned to pool
2025-05-01 19:52:41,870 - root - INFO - There are no outbox messages to be processed
2025-05-01 19:52:46,870 - root - INFO - Fetching pending messages from outbox
2025-05-01 19:52:46,870 - internal.adapters.database_initalizer - DEBUG - Requesting cursor via context manager
2025-05-01 19:52:46,871 - internal.adapters.database_initalizer - INFO - Successfully retrieved connection from pool
2025-05-01 19:52:46,875 - internal.adapters.database_initalizer - DEBUG - Returning connection to pool
2025-05-01 19:52:46,876 - internal.adapters.database_initalizer - INFO - Connection returned to pool
2025-05-01 19:52:46,876 - root - INFO - There are no outbox messages to be processed
2025-05-01 19:52:51,876 - root - INFO - Fetching pending messages from outbox
2025-05-01 19:52:51,877 - internal.adapters.database_initalizer - DEBUG - Requesting cursor via context manager
2025-05-01 19:52:51,877 - internal.adapters.database_initalizer - INFO - Successfully retrieved connection from pool
2025-05-01 19:52:51,882 - internal.adapters.database_initalizer - DEBUG - Returning connection to pool
2025-05-01 19:52:51,882 - internal.adapters.database_initalizer - INFO - Connection returned to pool
2025-05-01 19:52:51,883 - root - INFO - There are no outbox messages to be processed
2025-05-01 19:52:56,883 - root - INFO - Fetching pending messages from outbox
2025-05-01 19:52:56,883 - internal.adapters.database_initalizer - DEBUG - Requesting cursor via context manager
2025-05-01 19:52:56,884 - internal.adapters.database_initalizer - INFO - Successfully retrieved connection from pool
2025-05-01 19:52:56,888 - internal.adapters.database_initalizer - DEBUG - Returning connection to pool
2025-05-01 19:52:56,889 - internal.adapters.database_initalizer - INFO - Connection returned to pool
2025-05-01 19:52:56,889 - root - INFO - There are no outbox messages to be processed
2025-05-01 19:53:01,889 - root - INFO - Fetching pending messages from outbox
2025-05-01 19:53:01,889 - internal.adapters.database_initalizer - DEBUG - Requesting cursor via context manager
2025-05-01 19:53:01,890 - internal.adapters.database_initalizer - INFO - Successfully retrieved connection from pool
2025-05-01 19:53:01,891 - internal.adapters.database_initalizer - DEBUG - Returning connection to pool
2025-05-01 19:53:01,891 - internal.adapters.database_initalizer - INFO - Connection returned to pool
2025-05-01 19:53:01,891 - root - INFO - There are no outbox messages to be processed
2025-05-01 19:53:06,892 - root - INFO - Fetching pending messages from outbox
2025-05-01 19:53:06,893 - internal.adapters.database_initalizer - DEBUG - Requesting cursor via context manager
2025-05-01 19:53:06,894 - internal.adapters.database_initalizer - INFO - Successfully retrieved connection from pool
2025-05-01 19:53:06,903 - internal.adapters.database_initalizer - DEBUG - Returning connection to pool
2025-05-01 19:53:06,904 - internal.adapters.database_initalizer - INFO - Connection returned to pool
2025-05-01 19:53:06,904 - root - INFO - There are no outbox messages to be processed
2025-05-01 19:53:11,905 - root - INFO - Fetching pending messages from outbox
2025-05-01 19:53:11,905 - internal.adapters.database_initalizer - DEBUG - Requesting cursor via context manager
2025-05-01 19:53:11,905 - internal.adapters.database_initalizer - INFO - Successfully retrieved connection from pool
2025-05-01 19:53:11,910 - internal.adapters.database_initalizer - DEBUG - Returning connection to pool
2025-05-01 19:53:11,910 - internal.adapters.database_initalizer - INFO - Connection returned to pool
2025-05-01 19:53:11,910 - root - INFO - There are no outbox messages to be processed
2025-05-01 19:53:16,911 - root - INFO - Fetching pending messages from outbox
2025-05-01 19:53:16,911 - internal.adapters.database_initalizer - DEBUG - Requesting cursor via context manager
2025-05-01 19:53:16,911 - internal.adapters.database_initalizer - INFO - Successfully retrieved connection from pool
2025-05-01 19:53:16,912 - internal.adapters.database_initalizer - DEBUG - Returning connection to pool
2025-05-01 19:53:16,912 - internal.adapters.database_initalizer - INFO - Connection returned to pool
2025-05-01 19:53:16,912 - root - INFO - There are no outbox messages to be processed
2025-05-01 19:53:20,532 - internal.adapters.database_initalizer - DEBUG - Requesting cursor via context manager
2025-05-01 19:53:20,532 - internal.adapters.database_initalizer - INFO - Successfully retrieved connection from pool
2025-05-01 19:53:20,534 - root - INFO - Row with ID d80ee63c-825f-4120-bdc6-47a8c8e61ec5 inserted into outbox table
2025-05-01 19:53:20,537 - internal.adapters.database_initalizer - DEBUG - Returning connection to pool
2025-05-01 19:53:20,537 - internal.adapters.database_initalizer - INFO - Connection returned to pool
2025-05-01 19:53:21,912 - root - INFO - Fetching pending messages from outbox
2025-05-01 19:53:21,913 - internal.adapters.database_initalizer - DEBUG - Requesting cursor via context manager
2025-05-01 19:53:21,913 - internal.adapters.database_initalizer - INFO - Successfully retrieved connection from pool
2025-05-01 19:53:21,918 - internal.adapters.database_initalizer - DEBUG - Returning connection to pool
2025-05-01 19:53:21,918 - internal.adapters.database_initalizer - INFO - Connection returned to pool
2025-05-01 19:53:21,919 - pika.adapters.utils.selector_ioloop_adapter - DEBUG - SelectorIOServicesAdapter.set_writer(13, <bound method _AsyncPlaintextTransport._on_socket_writable of <pika.adapters.utils.io_services_utils._AsyncPlaintextTransport object at 0x7c8f5814a2c0>>)
2025-05-01 19:53:21,919 - pika.adapters.utils.selector_ioloop_adapter - DEBUG - set_writer(13, _) updated handler RdWr
2025-05-01 19:53:21,920 - pika.adapters.utils.io_services_utils - DEBUG - Turned on writability watcher: <socket.socket fd=13, family=10, type=1, proto=6, laddr=('::1', 36326, 0, 0), raddr=('::1', 5672, 0, 0)>
2025-05-01 19:53:21,920 - pika.adapters.utils.selector_ioloop_adapter - DEBUG - SelectorIOServicesAdapter.remove_writer(13)
2025-05-01 19:53:21,920 - pika.adapters.utils.selector_ioloop_adapter - DEBUG - remove_writer(13) updated handler Rd
2025-05-01 19:53:21,921 - pika.adapters.utils.io_services_utils - DEBUG - Turned off writability watcher: <socket.socket fd=13, family=10, type=1, proto=6, laddr=('::1', 36326, 0, 0), raddr=('::1', 5672, 0, 0)>
2025-05-01 19:53:21,921 - pika.heartbeat - DEBUG - Received heartbeat frame
2025-05-01 19:53:21,922 - pika.adapters.utils.io_services_utils - DEBUG - Recv would block on <socket.socket fd=13, family=10, type=1, proto=6, laddr=('::1', 36326, 0, 0), raddr=('::1', 5672, 0, 0)>
2025-05-01 19:53:21,922 - pika.heartbeat - DEBUG - Received 2 heartbeat frames, sent 1, idle intervals 0
2025-05-01 19:53:21,923 - pika.adapters.select_connection - DEBUG - call_later: added timeout <pika.adapters.select_connection._Timeout object at 0x7c8f5812e230> with deadline=69702.713580701 and callback=<bound method HeartbeatChecker._check_heartbeat of <pika.heartbeat.HeartbeatChecker object at 0x7c8f58149cd0>>; now=69637.713580701; delay=65
2025-05-01 19:53:21,923 - pika.heartbeat - DEBUG - Sending heartbeat frame
2025-05-01 19:53:21,923 - pika.heartbeat - DEBUG - Sending heartbeat frame
2025-05-01 19:53:21,923 - pika.adapters.utils.selector_ioloop_adapter - DEBUG - SelectorIOServicesAdapter.set_writer(13, <bound method _AsyncPlaintextTransport._on_socket_writable of <pika.adapters.utils.io_services_utils._AsyncPlaintextTransport object at 0x7c8f5814a2c0>>)
2025-05-01 19:53:21,924 - pika.adapters.utils.selector_ioloop_adapter - DEBUG - set_writer(13, _) updated handler RdWr
2025-05-01 19:53:21,924 - pika.adapters.utils.io_services_utils - DEBUG - Turned on writability watcher: <socket.socket fd=13, family=10, type=1, proto=6, laddr=('::1', 36326, 0, 0), raddr=('::1', 5672, 0, 0)>
2025-05-01 19:53:21,925 - pika.adapters.select_connection - DEBUG - call_later: added timeout <pika.adapters.select_connection._Timeout object at 0x7c8f5812e470> with deadline=69667.715668711 and callback=<bound method HeartbeatChecker._send_heartbeat of <pika.heartbeat.HeartbeatChecker object at 0x7c8f58149cd0>>; now=69637.715668711; delay=30.0
2025-05-01 19:53:21,925 - pika.adapters.utils.selector_ioloop_adapter - DEBUG - SelectorIOServicesAdapter.remove_writer(13)
2025-05-01 19:53:21,926 - pika.adapters.utils.selector_ioloop_adapter - DEBUG - remove_writer(13) updated handler Rd
2025-05-01 19:53:21,926 - pika.adapters.utils.io_services_utils - DEBUG - Turned off writability watcher: <socket.socket fd=13, family=10, type=1, proto=6, laddr=('::1', 36326, 0, 0), raddr=('::1', 5672, 0, 0)>
2025-05-01 19:53:21,927 - root - INFO - Message published to queue sums
2025-05-01 19:53:21,927 - internal.adapters.database_initalizer - DEBUG - Requesting cursor via context manager
2025-05-01 19:53:21,927 - internal.adapters.database_initalizer - INFO - Successfully retrieved connection from pool
2025-05-01 19:53:21,934 - root - INFO - Row d80ee63c-825f-4120-bdc6-47a8c8e61ec5 has been marked as processed
2025-05-01 19:53:21,939 - internal.adapters.database_initalizer - DEBUG - Returning connection to pool
2025-05-01 19:53:21,939 - internal.adapters.database_initalizer - INFO - Connection returned to pool
2025-05-01 19:53:21,939 - root - INFO - Successfully processed and published message ID d80ee63c-825f-4120-bdc6-47a8c8e61ec5
2025-05-01 19:53:26,944 - root - INFO - Fetching pending messages from outbox
2025-05-01 19:53:26,944 - internal.adapters.database_initalizer - DEBUG - Requesting cursor via context manager
2025-05-01 19:53:26,944 - internal.adapters.database_initalizer - INFO - Successfully retrieved connection from pool
2025-05-01 19:53:26,949 - internal.adapters.database_initalizer - DEBUG - Returning connection to pool
2025-05-01 19:53:26,949 - internal.adapters.database_initalizer - INFO - Connection returned to pool
2025-05-01 19:53:26,950 - root - INFO - There are no outbox messages to be processed
2025-05-01 19:53:31,950 - root - INFO - Fetching pending messages from outbox
2025-05-01 19:53:31,950 - internal.adapters.database_initalizer - DEBUG - Requesting cursor via context manager
2025-05-01 19:53:31,950 - internal.adapters.database_initalizer - INFO - Successfully retrieved connection from pool
2025-05-01 19:53:31,953 - internal.adapters.database_initalizer - DEBUG - Returning connection to pool
2025-05-01 19:53:31,954 - internal.adapters.database_initalizer - INFO - Connection returned to pool
2025-05-01 19:53:31,954 - root - INFO - There are no outbox messages to be processed
2025-05-01 19:53:36,954 - root - INFO - Fetching pending messages from outbox
2025-05-01 19:53:36,954 - internal.adapters.database_initalizer - DEBUG - Requesting cursor via context manager
2025-05-01 19:53:36,954 - internal.adapters.database_initalizer - INFO - Successfully retrieved connection from pool
2025-05-01 19:53:36,956 - internal.adapters.database_initalizer - DEBUG - Returning connection to pool
2025-05-01 19:53:36,956 - internal.adapters.database_initalizer - INFO - Connection returned to pool
2025-05-01 19:53:36,956 - root - INFO - There are no outbox messages to be processed
2025-05-01 19:53:41,957 - root - INFO - Fetching pending messages from outbox
2025-05-01 19:53:41,957 - internal.adapters.database_initalizer - DEBUG - Requesting cursor via context manager
2025-05-01 19:53:41,957 - internal.adapters.database_initalizer - INFO - Successfully retrieved connection from pool
2025-05-01 19:53:41,959 - internal.adapters.database_initalizer - DEBUG - Returning connection to pool
2025-05-01 19:53:41,960 - internal.adapters.database_initalizer - INFO - Connection returned to pool
2025-05-01 19:53:41,960 - root - INFO - There are no outbox messages to be processed
2025-05-01 19:53:46,960 - root - INFO - Fetching pending messages from outbox
2025-05-01 19:53:46,961 - internal.adapters.database_initalizer - DEBUG - Requesting cursor via context manager
2025-05-01 19:53:46,961 - internal.adapters.database_initalizer - INFO - Successfully retrieved connection from pool
2025-05-01 19:53:46,963 - internal.adapters.database_initalizer - DEBUG - Returning connection to pool
2025-05-01 19:53:46,963 - internal.adapters.database_initalizer - INFO - Connection returned to pool
2025-05-01 19:53:46,963 - root - INFO - There are no outbox messages to be processed
2025-05-01 19:53:51,963 - root - INFO - Fetching pending messages from outbox
2025-05-01 19:53:51,963 - internal.adapters.database_initalizer - DEBUG - Requesting cursor via context manager
2025-05-01 19:53:51,964 - internal.adapters.database_initalizer - INFO - Successfully retrieved connection from pool
2025-05-01 19:53:51,970 - internal.adapters.database_initalizer - DEBUG - Returning connection to pool
2025-05-01 19:53:51,970 - internal.adapters.database_initalizer - INFO - Connection returned to pool
2025-05-01 19:53:51,971 - root - INFO - There are no outbox messages to be processed
2025-05-01 19:53:56,971 - root - INFO - Fetching pending messages from outbox
2025-05-01 19:53:56,971 - internal.adapters.database_initalizer - DEBUG - Requesting cursor via context manager
2025-05-01 19:53:56,971 - internal.adapters.database_initalizer - INFO - Successfully retrieved connection from pool
2025-05-01 19:53:56,973 - internal.adapters.database_initalizer - DEBUG - Returning connection to pool
2025-05-01 19:53:56,973 - internal.adapters.database_initalizer - INFO - Connection returned to pool
2025-05-01 19:53:56,973 - root - INFO - There are no outbox messages to be processed
2025-05-01 19:54:01,973 - root - INFO - Fetching pending messages from outbox
2025-05-01 19:54:01,973 - internal.adapters.database_initalizer - DEBUG - Requesting cursor via context manager
2025-05-01 19:54:01,974 - internal.adapters.database_initalizer - INFO - Successfully retrieved connection from pool
2025-05-01 19:54:01,975 - internal.adapters.database_initalizer - DEBUG - Returning connection to pool
2025-05-01 19:54:01,975 - internal.adapters.database_initalizer - INFO - Connection returned to pool
2025-05-01 19:54:01,975 - root - INFO - There are no outbox messages to be processed
2025-05-01 19:54:06,976 - root - INFO - Fetching pending messages from outbox
2025-05-01 19:54:06,976 - internal.adapters.database_initalizer - DEBUG - Requesting cursor via context manager
2025-05-01 19:54:06,976 - internal.adapters.database_initalizer - INFO - Successfully retrieved connection from pool
2025-05-01 19:54:06,980 - internal.adapters.database_initalizer - DEBUG - Returning connection to pool
2025-05-01 19:54:06,980 - internal.adapters.database_initalizer - INFO - Connection returned to pool
2025-05-01 19:54:06,981 - root - INFO - There are no outbox messages to be processed
2025-05-01 19:54:11,981 - root - INFO - Fetching pending messages from outbox
2025-05-01 19:54:11,981 - internal.adapters.database_initalizer - DEBUG - Requesting cursor via context manager
2025-05-01 19:54:11,981 - internal.adapters.database_initalizer - INFO - Successfully retrieved connection from pool
2025-05-01 19:54:11,982 - internal.adapters.database_initalizer - DEBUG - Returning connection to pool
2025-05-01 19:54:11,983 - internal.adapters.database_initalizer - INFO - Connection returned to pool
2025-05-01 19:54:11,983 - root - INFO - There are no outbox messages to be processed
2025-05-01 19:54:16,983 - root - INFO - Fetching pending messages from outbox
2025-05-01 19:54:16,983 - internal.adapters.database_initalizer - DEBUG - Requesting cursor via context manager
2025-05-01 19:54:16,983 - internal.adapters.database_initalizer - INFO - Successfully retrieved connection from pool
2025-05-01 19:54:16,984 - internal.adapters.database_initalizer - DEBUG - Returning connection to pool
2025-05-01 19:54:16,984 - internal.adapters.database_initalizer - INFO - Connection returned to pool
2025-05-01 19:54:16,985 - root - INFO - There are no outbox messages to be processed
2025-05-01 19:54:21,985 - root - INFO - Fetching pending messages from outbox
2025-05-01 19:54:21,985 - internal.adapters.database_initalizer - DEBUG - Requesting cursor via context manager
2025-05-01 19:54:21,985 - internal.adapters.database_initalizer - INFO - Successfully retrieved connection from pool
2025-05-01 19:54:21,990 - internal.adapters.database_initalizer - DEBUG - Returning connection to pool
2025-05-01 19:54:21,990 - internal.adapters.database_initalizer - INFO - Connection returned to pool
2025-05-01 19:54:21,990 - root - INFO - There are no outbox messages to be processed
2025-05-01 19:54:26,991 - root - INFO - Fetching pending messages from outbox
2025-05-01 19:54:26,991 - internal.adapters.database_initalizer - DEBUG - Requesting cursor via context manager
2025-05-01 19:54:26,991 - internal.adapters.database_initalizer - INFO - Successfully retrieved connection from pool
2025-05-01 19:54:26,992 - internal.adapters.database_initalizer - DEBUG - Returning connection to pool
2025-05-01 19:54:26,992 - internal.adapters.database_initalizer - INFO - Connection returned to pool
2025-05-01 19:54:26,992 - root - INFO - There are no outbox messages to be processed
2025-05-01 19:54:31,993 - root - INFO - Fetching pending messages from outbox
2025-05-01 19:54:31,993 - internal.adapters.database_initalizer - DEBUG - Requesting cursor via context manager
2025-05-01 19:54:31,993 - internal.adapters.database_initalizer - INFO - Successfully retrieved connection from pool
2025-05-01 19:54:31,994 - internal.adapters.database_initalizer - DEBUG - Returning connection to pool
2025-05-01 19:54:31,995 - internal.adapters.database_initalizer - INFO - Connection returned to pool
2025-05-01 19:54:31,995 - root - INFO - There are no outbox messages to be processed
2025-05-01 19:54:36,995 - root - INFO - Fetching pending messages from outbox
2025-05-01 19:54:36,995 - internal.adapters.database_initalizer - DEBUG - Requesting cursor via context manager
2025-05-01 19:54:36,995 - internal.adapters.database_initalizer - INFO - Successfully retrieved connection from pool
2025-05-01 19:54:36,997 - internal.adapters.database_initalizer - DEBUG - Returning connection to pool
2025-05-01 19:54:36,997 - internal.adapters.database_initalizer - INFO - Connection returned to pool
2025-05-01 19:54:36,997 - root - INFO - There are no outbox messages to be processed
2025-05-01 19:54:41,997 - root - INFO - Fetching pending messages from outbox
2025-05-01 19:54:41,997 - internal.adapters.database_initalizer - DEBUG - Requesting cursor via context manager
2025-05-01 19:54:41,997 - internal.adapters.database_initalizer - INFO - Successfully retrieved connection from pool
2025-05-01 19:54:41,999 - internal.adapters.database_initalizer - DEBUG - Returning connection to pool
2025-05-01 19:54:41,999 - internal.adapters.database_initalizer - INFO - Connection returned to pool
2025-05-01 19:54:41,999 - root - INFO - There are no outbox messages to be processed
2025-05-01 19:54:46,999 - root - INFO - Fetching pending messages from outbox
2025-05-01 19:54:46,999 - internal.adapters.database_initalizer - DEBUG - Requesting cursor via context manager
2025-05-01 19:54:46,999 - internal.adapters.database_initalizer - INFO - Successfully retrieved connection from pool
2025-05-01 19:54:47,001 - internal.adapters.database_initalizer - DEBUG - Returning connection to pool
2025-05-01 19:54:47,001 - internal.adapters.database_initalizer - INFO - Connection returned to pool
2025-05-01 19:54:47,001 - root - INFO - There are no outbox messages to be processed
2025-05-01 19:54:52,002 - root - INFO - Fetching pending messages from outbox
2025-05-01 19:54:52,002 - internal.adapters.database_initalizer - DEBUG - Requesting cursor via context manager
2025-05-01 19:54:52,002 - internal.adapters.database_initalizer - INFO - Successfully retrieved connection from pool
2025-05-01 19:54:52,004 - internal.adapters.database_initalizer - DEBUG - Returning connection to pool
2025-05-01 19:54:52,004 - internal.adapters.database_initalizer - INFO - Connection returned to pool
2025-05-01 19:54:52,004 - root - INFO - There are no outbox messages to be processed
2025-05-01 19:54:57,004 - root - INFO - Fetching pending messages from outbox
2025-05-01 19:54:57,004 - internal.adapters.database_initalizer - DEBUG - Requesting cursor via context manager
2025-05-01 19:54:57,005 - internal.adapters.database_initalizer - INFO - Successfully retrieved connection from pool
2025-05-01 19:54:57,007 - internal.adapters.database_initalizer - DEBUG - Returning connection to pool
2025-05-01 19:54:57,007 - internal.adapters.database_initalizer - INFO - Connection returned to pool
2025-05-01 19:54:57,007 - root - INFO - There are no outbox messages to be processed
2025-05-01 19:55:02,007 - root - INFO - Fetching pending messages from outbox
2025-05-01 19:55:02,007 - internal.adapters.database_initalizer - DEBUG - Requesting cursor via context manager
2025-05-01 19:55:02,008 - internal.adapters.database_initalizer - INFO - Successfully retrieved connection from pool
2025-05-01 19:55:02,011 - internal.adapters.database_initalizer - DEBUG - Returning connection to pool
2025-05-01 19:55:02,011 - internal.adapters.database_initalizer - INFO - Connection returned to pool
2025-05-01 19:55:02,011 - root - INFO - There are no outbox messages to be processed
2025-05-01 19:55:07,012 - root - INFO - Fetching pending messages from outbox
2025-05-01 19:55:07,012 - internal.adapters.database_initalizer - DEBUG - Requesting cursor via context manager
2025-05-01 19:55:07,012 - internal.adapters.database_initalizer - INFO - Successfully retrieved connection from pool
2025-05-01 19:55:07,013 - internal.adapters.database_initalizer - DEBUG - Returning connection to pool
2025-05-01 19:55:07,013 - internal.adapters.database_initalizer - INFO - Connection returned to pool
2025-05-01 19:55:07,013 - root - INFO - There are no outbox messages to be processed
2025-05-01 19:55:12,014 - root - INFO - Fetching pending messages from outbox
2025-05-01 19:55:12,014 - internal.adapters.database_initalizer - DEBUG - Requesting cursor via context manager
2025-05-01 19:55:12,014 - internal.adapters.database_initalizer - INFO - Successfully retrieved connection from pool
2025-05-01 19:55:12,015 - internal.adapters.database_initalizer - DEBUG - Returning connection to pool
2025-05-01 19:55:12,015 - internal.adapters.database_initalizer - INFO - Connection returned to pool
2025-05-01 19:55:12,015 - root - INFO - There are no outbox messages to be processed
2025-05-01 19:55:17,016 - root - INFO - Fetching pending messages from outbox
2025-05-01 19:55:17,016 - internal.adapters.database_initalizer - DEBUG - Requesting cursor via context manager
2025-05-01 19:55:17,016 - internal.adapters.database_initalizer - INFO - Successfully retrieved connection from pool
2025-05-01 19:55:17,020 - internal.adapters.database_initalizer - DEBUG - Returning connection to pool
2025-05-01 19:55:17,021 - internal.adapters.database_initalizer - INFO - Connection returned to pool
2025-05-01 19:55:17,021 - root - INFO - There are no outbox messages to be processed
2025-05-01 19:55:22,021 - root - INFO - Fetching pending messages from outbox
2025-05-01 19:55:22,021 - internal.adapters.database_initalizer - DEBUG - Requesting cursor via context manager
2025-05-01 19:55:22,022 - internal.adapters.database_initalizer - INFO - Successfully retrieved connection from pool
2025-05-01 19:55:22,023 - internal.adapters.database_initalizer - DEBUG - Returning connection to pool
2025-05-01 19:55:22,023 - internal.adapters.database_initalizer - INFO - Connection returned to pool
2025-05-01 19:55:22,023 - root - INFO - There are no outbox messages to be processed
2025-05-01 19:55:27,024 - root - INFO - Fetching pending messages from outbox
2025-05-01 19:55:27,024 - internal.adapters.database_initalizer - DEBUG - Requesting cursor via context manager
2025-05-01 19:55:27,024 - internal.adapters.database_initalizer - INFO - Successfully retrieved connection from pool
2025-05-01 19:55:27,026 - internal.adapters.database_initalizer - DEBUG - Returning connection to pool
2025-05-01 19:55:27,026 - internal.adapters.database_initalizer - INFO - Connection returned to pool
2025-05-01 19:55:27,026 - root - INFO - There are no outbox messages to be processed
2025-05-01 19:55:32,026 - root - INFO - Fetching pending messages from outbox
2025-05-01 19:55:32,026 - internal.adapters.database_initalizer - DEBUG - Requesting cursor via context manager
2025-05-01 19:55:32,026 - internal.adapters.database_initalizer - INFO - Successfully retrieved connection from pool
2025-05-01 19:55:32,028 - internal.adapters.database_initalizer - DEBUG - Returning connection to pool
2025-05-01 19:55:32,028 - internal.adapters.database_initalizer - INFO - Connection returned to pool
2025-05-01 19:55:32,028 - root - INFO - There are no outbox messages to be processed
2025-05-01 19:55:37,028 - root - INFO - Fetching pending messages from outbox
2025-05-01 19:55:37,028 - internal.adapters.database_initalizer - DEBUG - Requesting cursor via context manager
2025-05-01 19:55:37,028 - internal.adapters.database_initalizer - INFO - Successfully retrieved connection from pool
2025-05-01 19:55:37,030 - internal.adapters.database_initalizer - DEBUG - Returning connection to pool
2025-05-01 19:55:37,030 - internal.adapters.database_initalizer - INFO - Connection returned to pool
2025-05-01 19:55:37,030 - root - INFO - There are no outbox messages to be processed
2025-05-01 19:55:42,030 - root - INFO - Fetching pending messages from outbox
2025-05-01 19:55:42,030 - internal.adapters.database_initalizer - DEBUG - Requesting cursor via context manager
2025-05-01 19:55:42,030 - internal.adapters.database_initalizer - INFO - Successfully retrieved connection from pool
2025-05-01 19:55:42,034 - internal.adapters.database_initalizer - DEBUG - Returning connection to pool
2025-05-01 19:55:42,035 - internal.adapters.database_initalizer - INFO - Connection returned to pool
2025-05-01 19:55:42,035 - root - INFO - There are no outbox messages to be processed
2025-05-01 19:55:47,035 - root - INFO - Fetching pending messages from outbox
2025-05-01 19:55:47,035 - internal.adapters.database_initalizer - DEBUG - Requesting cursor via context manager
2025-05-01 19:55:47,035 - internal.adapters.database_initalizer - INFO - Successfully retrieved connection from pool
2025-05-01 19:55:47,039 - internal.adapters.database_initalizer - DEBUG - Returning connection to pool
2025-05-01 19:55:47,040 - internal.adapters.database_initalizer - INFO - Connection returned to pool
2025-05-01 19:55:47,040 - root - INFO - There are no outbox messages to be processed
2025-05-01 19:55:52,040 - root - INFO - Fetching pending messages from outbox
2025-05-01 19:55:52,040 - internal.adapters.database_initalizer - DEBUG - Requesting cursor via context manager
2025-05-01 19:55:52,041 - internal.adapters.database_initalizer - INFO - Successfully retrieved connection from pool
2025-05-01 19:55:52,045 - internal.adapters.database_initalizer - DEBUG - Returning connection to pool
2025-05-01 19:55:52,045 - internal.adapters.database_initalizer - INFO - Connection returned to pool
2025-05-01 19:55:52,045 - root - INFO - There are no outbox messages to be processed
2025-05-01 19:55:57,046 - root - INFO - Fetching pending messages from outbox
2025-05-01 19:55:57,046 - internal.adapters.database_initalizer - DEBUG - Requesting cursor via context manager
2025-05-01 19:55:57,046 - internal.adapters.database_initalizer - INFO - Successfully retrieved connection from pool
2025-05-01 19:55:57,048 - internal.adapters.database_initalizer - DEBUG - Returning connection to pool
2025-05-01 19:55:57,048 - internal.adapters.database_initalizer - INFO - Connection returned to pool
2025-05-01 19:55:57,048 - root - INFO - There are no outbox messages to be processed
2025-05-01 19:56:02,048 - root - INFO - Fetching pending messages from outbox
2025-05-01 19:56:02,048 - internal.adapters.database_initalizer - DEBUG - Requesting cursor via context manager
2025-05-01 19:56:02,048 - internal.adapters.database_initalizer - INFO - Successfully retrieved connection from pool
2025-05-01 19:56:02,052 - internal.adapters.database_initalizer - DEBUG - Returning connection to pool
2025-05-01 19:56:02,052 - internal.adapters.database_initalizer - INFO - Connection returned to pool
2025-05-01 19:56:02,052 - root - INFO - There are no outbox messages to be processed
2025-05-01 19:56:07,053 - root - INFO - Fetching pending messages from outbox
2025-05-01 19:56:07,053 - internal.adapters.database_initalizer - DEBUG - Requesting cursor via context manager
2025-05-01 19:56:07,053 - internal.adapters.database_initalizer - INFO - Successfully retrieved connection from pool
2025-05-01 19:56:07,058 - internal.adapters.database_initalizer - DEBUG - Returning connection to pool
2025-05-01 19:56:07,058 - internal.adapters.database_initalizer - INFO - Connection returned to pool
2025-05-01 19:56:07,058 - root - INFO - There are no outbox messages to be processed
2025-05-01 19:56:12,059 - root - INFO - Fetching pending messages from outbox
2025-05-01 19:56:12,059 - internal.adapters.database_initalizer - DEBUG - Requesting cursor via context manager
2025-05-01 19:56:12,059 - internal.adapters.database_initalizer - INFO - Successfully retrieved connection from pool
2025-05-01 19:56:12,063 - internal.adapters.database_initalizer - DEBUG - Returning connection to pool
2025-05-01 19:56:12,064 - internal.adapters.database_initalizer - INFO - Connection returned to pool
2025-05-01 19:56:12,064 - root - INFO - There are no outbox messages to be processed
2025-05-01 19:56:17,064 - root - INFO - Fetching pending messages from outbox
2025-05-01 19:56:17,064 - internal.adapters.database_initalizer - DEBUG - Requesting cursor via context manager
2025-05-01 19:56:17,064 - internal.adapters.database_initalizer - INFO - Successfully retrieved connection from pool
2025-05-01 19:56:17,066 - internal.adapters.database_initalizer - DEBUG - Returning connection to pool
2025-05-01 19:56:17,066 - internal.adapters.database_initalizer - INFO - Connection returned to pool
2025-05-01 19:56:17,066 - root - INFO - There are no outbox messages to be processed
2025-05-01 19:56:22,066 - root - INFO - Fetching pending messages from outbox
2025-05-01 19:56:22,066 - internal.adapters.database_initalizer - DEBUG - Requesting cursor via context manager
2025-05-01 19:56:22,067 - internal.adapters.database_initalizer - INFO - Successfully retrieved connection from pool
2025-05-01 19:56:22,071 - internal.adapters.database_initalizer - DEBUG - Returning connection to pool
2025-05-01 19:56:22,071 - internal.adapters.database_initalizer - INFO - Connection returned to pool
2025-05-01 19:56:22,071 - root - INFO - There are no outbox messages to be processed
2025-05-01 19:56:24,963 - internal.adapters.database_initalizer - DEBUG - Requesting cursor via context manager
2025-05-01 19:56:24,963 - internal.adapters.database_initalizer - INFO - Successfully retrieved connection from pool
2025-05-01 19:56:24,964 - root - INFO - Row with ID 7080e1eb-9d69-4448-bfad-d4ecac0cfb97 inserted into outbox table
2025-05-01 19:56:24,966 - internal.adapters.database_initalizer - DEBUG - Returning connection to pool
2025-05-01 19:56:24,966 - internal.adapters.database_initalizer - INFO - Connection returned to pool
2025-05-01 19:56:27,072 - root - INFO - Fetching pending messages from outbox
2025-05-01 19:56:27,073 - internal.adapters.database_initalizer - DEBUG - Requesting cursor via context manager
2025-05-01 19:56:27,073 - internal.adapters.database_initalizer - INFO - Successfully retrieved connection from pool
2025-05-01 19:56:27,075 - internal.adapters.database_initalizer - DEBUG - Returning connection to pool
2025-05-01 19:56:27,076 - internal.adapters.database_initalizer - INFO - Connection returned to pool
2025-05-01 19:56:27,076 - pika.adapters.utils.selector_ioloop_adapter - DEBUG - SelectorIOServicesAdapter.set_writer(13, <bound method _AsyncPlaintextTransport._on_socket_writable of <pika.adapters.utils.io_services_utils._AsyncPlaintextTransport object at 0x7c8f5814a2c0>>)
2025-05-01 19:56:27,077 - pika.adapters.utils.selector_ioloop_adapter - DEBUG - set_writer(13, _) updated handler RdWr
2025-05-01 19:56:27,077 - pika.adapters.utils.io_services_utils - DEBUG - Turned on writability watcher: <socket.socket fd=13, family=10, type=1, proto=6, laddr=('::1', 36326, 0, 0), raddr=('::1', 5672, 0, 0)>
2025-05-01 19:56:27,083 - pika.adapters.utils.io_services_utils - ERROR - _AsyncBaseTransport._produce() failed, aborting connection: error=BrokenPipeError(32, 'Broken pipe'); sock=<socket.socket fd=13, family=10, type=1, proto=6, laddr=('::1', 36326, 0, 0)>; Caller's stack:
Traceback (most recent call last):
  File "/home/revoo/work/NumDrift/Adder_service/.addservice/lib/python3.13/site-packages/pika/adapters/utils/io_services_utils.py", line 1103, in _on_socket_writable
    self._produce()
    ~~~~~~~~~~~~~^^
  File "/home/revoo/work/NumDrift/Adder_service/.addservice/lib/python3.13/site-packages/pika/adapters/utils/io_services_utils.py", line 819, in _produce
    num_bytes_sent = self._sigint_safe_send(self._sock,
                                            self._tx_buffers[0])
  File "/home/revoo/work/NumDrift/Adder_service/.addservice/lib/python3.13/site-packages/pika/adapters/utils/io_services_utils.py", line 79, in retry_sigint_wrap
    return func(*args, **kwargs)
  File "/home/revoo/work/NumDrift/Adder_service/.addservice/lib/python3.13/site-packages/pika/adapters/utils/io_services_utils.py", line 861, in _sigint_safe_send
    return sock.send(data)
           ~~~~~~~~~^^^^^^
BrokenPipeError: [Errno 32] Broken pipe
Traceback (most recent call last):
  File "/home/revoo/work/NumDrift/Adder_service/.addservice/lib/python3.13/site-packages/pika/adapters/utils/io_services_utils.py", line 1103, in _on_socket_writable
    self._produce()
    ~~~~~~~~~~~~~^^
  File "/home/revoo/work/NumDrift/Adder_service/.addservice/lib/python3.13/site-packages/pika/adapters/utils/io_services_utils.py", line 819, in _produce
    num_bytes_sent = self._sigint_safe_send(self._sock,
                                            self._tx_buffers[0])
  File "/home/revoo/work/NumDrift/Adder_service/.addservice/lib/python3.13/site-packages/pika/adapters/utils/io_services_utils.py", line 79, in retry_sigint_wrap
    return func(*args, **kwargs)
  File "/home/revoo/work/NumDrift/Adder_service/.addservice/lib/python3.13/site-packages/pika/adapters/utils/io_services_utils.py", line 861, in _sigint_safe_send
    return sock.send(data)
           ~~~~~~~~~^^^^^^
BrokenPipeError: [Errno 32] Broken pipe
2025-05-01 19:56:27,084 - pika.adapters.utils.io_services_utils - INFO - _AsyncTransportBase._initate_abort(): Initiating abrupt asynchronous transport shutdown: state=1; error=BrokenPipeError(32, 'Broken pipe'); <socket.socket fd=13, family=10, type=1, proto=6, laddr=('::1', 36326, 0, 0)>
2025-05-01 19:56:27,084 - pika.adapters.utils.io_services_utils - INFO - Deactivating transport: state=1; <socket.socket fd=13, family=10, type=1, proto=6, laddr=('::1', 36326, 0, 0)>
2025-05-01 19:56:27,084 - pika.adapters.utils.selector_ioloop_adapter - DEBUG - SelectorIOServicesAdapter.remove_reader(13)
2025-05-01 19:56:27,084 - pika.adapters.utils.selector_ioloop_adapter - DEBUG - remove_reader(13) updated handler Wr
2025-05-01 19:56:27,084 - pika.adapters.utils.selector_ioloop_adapter - DEBUG - SelectorIOServicesAdapter.remove_writer(13)
2025-05-01 19:56:27,084 - pika.adapters.utils.selector_ioloop_adapter - DEBUG - remove_writer(13) removed handler
2025-05-01 19:56:27,084 - pika.adapters.select_connection - DEBUG - add_callback_threadsafe: added callback=functools.partial(<bound method _AsyncTransportBase._connection_lost_notify_async of <pika.adapters.utils.io_services_utils._AsyncPlaintextTransport object at 0x7c8f5814a2c0>>, BrokenPipeError(32, 'Broken pipe'))
2025-05-01 19:56:27,084 - pika.adapters.select_connection - DEBUG - process_timeouts: invoking callback=functools.partial(<bound method _AsyncTransportBase._connection_lost_notify_async of <pika.adapters.utils.io_services_utils._AsyncPlaintextTransport object at 0x7c8f5814a2c0>>, BrokenPipeError(32, 'Broken pipe'))
2025-05-01 19:56:27,084 - pika.adapters.utils.io_services_utils - DEBUG - Concluding transport shutdown: state=2; error=BrokenPipeError(32, 'Broken pipe')
2025-05-01 19:56:27,084 - pika.adapters.base_connection - ERROR - connection_lost: StreamLostError: ("Stream connection lost: BrokenPipeError(32, 'Broken pipe')",)
2025-05-01 19:56:27,085 - pika.connection - INFO - AMQP stack terminated, failed to connect, or aborted: opened=True, error-arg=StreamLostError: ("Stream connection lost: BrokenPipeError(32, 'Broken pipe')",); pending-error=None
2025-05-01 19:56:27,085 - pika.heartbeat - DEBUG - Removing timer for next heartbeat send interval
2025-05-01 19:56:27,085 - pika.adapters.select_connection - DEBUG - remove_timeout: removing timeout <pika.adapters.select_connection._Timeout object at 0x7c8f5812e470> with deadline=69667.715668711 and callback=<bound method HeartbeatChecker._send_heartbeat of <pika.heartbeat.HeartbeatChecker object at 0x7c8f58149cd0>>
2025-05-01 19:56:27,085 - pika.heartbeat - DEBUG - Removing timer for next heartbeat check interval
2025-05-01 19:56:27,085 - pika.adapters.select_connection - DEBUG - remove_timeout: removing timeout <pika.adapters.select_connection._Timeout object at 0x7c8f5812e230> with deadline=69702.713580701 and callback=<bound method HeartbeatChecker._check_heartbeat of <pika.heartbeat.HeartbeatChecker object at 0x7c8f58149cd0>>
2025-05-01 19:56:27,085 - pika.connection - DEBUG - New Connection state: CLOSED (prev=OPEN)
2025-05-01 19:56:27,085 - pika.channel - DEBUG - Handling meta-close on <Channel number=1 OPEN conn=<SelectConnection CLOSED transport=None params=<ConnectionParameters host=localhost port=5672 virtual_host=/ ssl=False>>>: StreamLostError: ("Stream connection lost: BrokenPipeError(32, 'Broken pipe')",)
2025-05-01 19:56:27,085 - pika.callback - DEBUG - Processing 1:_on_channel_close
2025-05-01 19:56:27,085 - pika.callback - DEBUG - Calling <bound method BlockingChannel._on_channel_closed of <BlockingChannel impl=<Channel number=1 CLOSED conn=<SelectConnection CLOSED transport=None params=<ConnectionParameters host=localhost port=5672 virtual_host=/ ssl=False>>>>> for "1:_on_channel_close"
2025-05-01 19:56:27,085 - pika.adapters.blocking_connection - DEBUG - _on_channel_closed: StreamLostError: ("Stream connection lost: BrokenPipeError(32, 'Broken pipe')",); <BlockingChannel impl=<Channel number=1 CLOSED conn=<SelectConnection CLOSED transport=None params=<ConnectionParameters host=localhost port=5672 virtual_host=/ ssl=False>>>>
2025-05-01 19:56:27,085 - pika.callback - DEBUG - Processing 1:_on_channel_cleanup
2025-05-01 19:56:27,085 - pika.callback - DEBUG - Processing use of oneshot callback
2025-05-01 19:56:27,086 - pika.callback - DEBUG - 0 registered uses left
2025-05-01 19:56:27,086 - pika.callback - DEBUG - Removing callback #0: {'callback': <bound method Connection._on_channel_cleanup of <SelectConnection CLOSED transport=None params=<ConnectionParameters host=localhost port=5672 virtual_host=/ ssl=False>>>, 'one_shot': True, 'only': <Channel number=1 CLOSED conn=<SelectConnection CLOSED transport=None params=<ConnectionParameters host=localhost port=5672 virtual_host=/ ssl=False>>>, 'arguments': None, 'calls': 0}
2025-05-01 19:56:27,086 - pika.callback - DEBUG - Calling <bound method Connection._on_channel_cleanup of <SelectConnection CLOSED transport=None params=<ConnectionParameters host=localhost port=5672 virtual_host=/ ssl=False>>> for "1:_on_channel_cleanup"
2025-05-01 19:56:27,086 - pika.connection - DEBUG - Removed channel 1
2025-05-01 19:56:27,086 - pika.callback - DEBUG - Clearing out '1' from the stack
2025-05-01 19:56:27,086 - pika.connection - INFO - Stack terminated due to StreamLostError: ("Stream connection lost: BrokenPipeError(32, 'Broken pipe')",)
2025-05-01 19:56:27,086 - pika.callback - DEBUG - Processing 0:_on_connection_closed
2025-05-01 19:56:27,086 - pika.callback - DEBUG - Calling <bound method _CallbackResult.set_value_once of <pika.adapters.blocking_connection._CallbackResult object at 0x7c8f58169700>> for "0:_on_connection_closed"
2025-05-01 19:56:27,086 - pika.connection - DEBUG - New Connection state: CLOSED (prev=CLOSED)
2025-05-01 19:56:27,086 - pika.callback - DEBUG - Added: {'callback': <bound method Connection._on_connection_start of <SelectConnection CLOSED transport=None params=<ConnectionParameters host=localhost port=5672 virtual_host=/ ssl=False>>>, 'one_shot': True, 'only': None, 'arguments': None, 'calls': 1}
2025-05-01 19:56:27,086 - pika.callback - DEBUG - Incremented callback reference counter: {'callback': <bound method Connection._on_connection_close_from_broker of <SelectConnection CLOSED transport=None params=<ConnectionParameters host=localhost port=5672 virtual_host=/ ssl=False>>>, 'one_shot': True, 'only': None, 'arguments': None, 'calls': 2}
2025-05-01 19:56:27,087 - pika.adapters.utils.io_services_utils - INFO - Closing transport socket and unlinking: state=2; <socket.socket fd=13, family=10, type=1, proto=6, laddr=('::1', 36326, 0, 0)>
2025-05-01 19:56:27,087 - pika.adapters.blocking_connection - ERROR - Unexpected connection close detected: StreamLostError: ("Stream connection lost: BrokenPipeError(32, 'Broken pipe')",)
2025-05-01 19:56:27,087 - root - ERROR - Error publishing message: Stream connection lost: BrokenPipeError(32, 'Broken pipe')
2025-05-01 19:56:27,087 - root - ERROR - Error processing message ID 7080e1eb-9d69-4448-bfad-d4ecac0cfb97 (attempt 1/3): Stream connection lost: BrokenPipeError(32, 'Broken pipe')
2025-05-01 19:56:28,087 - root - INFO - Connecting to RabbitMQ at localhost
2025-05-01 19:56:28,088 - pika.adapters.select_connection - DEBUG - Using EPollPoller
2025-05-01 19:56:28,089 - pika.adapters.base_connection - DEBUG - Created default connection workflow <pika.adapters.utils.connection_workflow.AMQPConnectionWorkflow object at 0x7c8f58148c30>
2025-05-01 19:56:28,089 - pika.adapters.utils.connection_workflow - DEBUG - Starting AMQP Connection workflow asynchronously.
2025-05-01 19:56:28,090 - pika.adapters.select_connection - DEBUG - call_later: added timeout <pika.adapters.select_connection._Timeout object at 0x7c8f5812c850> with deadline=69823.880763322 and callback=functools.partial(<bound method AMQPConnectionWorkflow._start_new_cycle_async of <pika.adapters.utils.connection_workflow.AMQPConnectionWorkflow object at 0x7c8f58148c30>>, first=True); now=69823.880763322; delay=0
2025-05-01 19:56:28,090 - pika.adapters.utils.connection_workflow - DEBUG - Beginning a new AMQP connection workflow cycle; attempts remaining after this: 0
2025-05-01 19:56:28,090 - pika.adapters.select_connection - DEBUG - call_later: added timeout <pika.adapters.select_connection._Timeout object at 0x7c8f5812c760> with deadline=69823.88142917 and callback=<bound method AMQPConnectionWorkflow._try_next_config_async of <pika.adapters.utils.connection_workflow.AMQPConnectionWorkflow object at 0x7c8f58148c30>>; now=69823.88142917; delay=0
2025-05-01 19:56:28,091 - pika.adapters.utils.connection_workflow - DEBUG - _try_next_config_async: 'localhost':5672
2025-05-01 19:56:28,092 - pika.adapters.select_connection - DEBUG - process_timeouts: invoking callback=<bound method _AddressResolver._dispatch_result of <pika.adapters.utils.selector_ioloop_adapter._AddressResolver object at 0x7c8f58149220>>
2025-05-01 19:56:28,092 - pika.adapters.select_connection - DEBUG - add_callback_threadsafe: added callback=<bound method _AddressResolver._dispatch_result of <pika.adapters.utils.selector_ioloop_adapter._AddressResolver object at 0x7c8f58149220>>
2025-05-01 19:56:28,092 - pika.adapters.utils.selector_ioloop_adapter - DEBUG - Invoking asynchronous getaddrinfo() completion callback; host='localhost'
2025-05-01 19:56:28,093 - pika.adapters.utils.connection_workflow - DEBUG - getaddrinfo returned 2 records
2025-05-01 19:56:28,093 - pika.adapters.utils.connection_workflow - DEBUG - Attempting to connect using address record (<AddressFamily.AF_INET6: 10>, <SocketKind.SOCK_STREAM: 1>, 6, '', ('::1', 5672, 0, 0))
2025-05-01 19:56:28,093 - pika.adapters.utils.connection_workflow - INFO - Pika version 1.3.2 connecting to ('::1', 5672, 0, 0)
2025-05-01 19:56:28,094 - pika.adapters.select_connection - DEBUG - add_callback_threadsafe: added callback=<bound method _AsyncSocketConnector._start_async of <pika.adapters.utils.io_services_utils._AsyncSocketConnector object at 0x7c8f581488a0>>
2025-05-01 19:56:28,094 - pika.adapters.select_connection - DEBUG - call_later: added timeout <pika.adapters.select_connection._Timeout object at 0x7c8f57510370> with deadline=69833.885045788 and callback=<bound method AMQPConnector._on_tcp_connection_timeout of <pika.adapters.utils.connection_workflow.AMQPConnector object at 0x7c8f58148510>>; now=69823.885045788; delay=10.0
2025-05-01 19:56:28,094 - pika.adapters.select_connection - DEBUG - call_later: added timeout <pika.adapters.select_connection._Timeout object at 0x7c8f57510580> with deadline=69838.885434777 and callback=<bound method AMQPConnector._on_overall_timeout of <pika.adapters.utils.connection_workflow.AMQPConnector object at 0x7c8f58148510>>; now=69823.885434777; delay=15.0
2025-05-01 19:56:28,095 - pika.adapters.select_connection - DEBUG - process_timeouts: invoking callback=<bound method _AsyncSocketConnector._start_async of <pika.adapters.utils.io_services_utils._AsyncSocketConnector object at 0x7c8f581488a0>>
2025-05-01 19:56:28,095 - pika.adapters.utils.selector_ioloop_adapter - DEBUG - SelectorIOServicesAdapter.set_writer(13, <bound method _AsyncSocketConnector._on_writable of <pika.adapters.utils.io_services_utils._AsyncSocketConnector object at 0x7c8f581488a0>>)
2025-05-01 19:56:28,096 - pika.adapters.utils.selector_ioloop_adapter - DEBUG - set_writer(13, _) added handler Wr
2025-05-01 19:56:28,096 - pika.adapters.utils.io_services_utils - DEBUG - Connection-establishment is in progress for <socket.socket fd=13, family=10, type=1, proto=6, laddr=('::1', 46336, 0, 0), raddr=('::1', 5672, 0, 0)>.
2025-05-01 19:56:28,096 - pika.adapters.utils.io_services_utils - INFO - Socket connected: <socket.socket fd=13, family=10, type=1, proto=6, laddr=('::1', 46336, 0, 0), raddr=('::1', 5672, 0, 0)>
2025-05-01 19:56:28,097 - pika.adapters.utils.io_services_utils - DEBUG - _AsyncSocketConnector._report_completion(None); <socket.socket fd=13, family=10, type=1, proto=6, laddr=('::1', 46336, 0, 0), raddr=('::1', 5672, 0, 0)>
2025-05-01 19:56:28,097 - pika.adapters.utils.selector_ioloop_adapter - DEBUG - SelectorIOServicesAdapter.remove_writer(13)
2025-05-01 19:56:28,098 - pika.adapters.utils.selector_ioloop_adapter - DEBUG - remove_writer(13) removed handler
2025-05-01 19:56:28,098 - pika.adapters.select_connection - DEBUG - remove_timeout: removing timeout <pika.adapters.select_connection._Timeout object at 0x7c8f57510370> with deadline=69833.885045788 and callback=<bound method AMQPConnector._on_tcp_connection_timeout of <pika.adapters.utils.connection_workflow.AMQPConnector object at 0x7c8f58148510>>
2025-05-01 19:56:28,098 - pika.adapters.utils.connection_workflow - DEBUG - TCP connection to broker established: <socket.socket fd=13, family=10, type=1, proto=6, laddr=('::1', 46336, 0, 0), raddr=('::1', 5672, 0, 0)>.
2025-05-01 19:56:28,099 - pika.adapters.utils.io_services_utils - DEBUG - _AsyncStreamConnector.start(); <socket.socket fd=13, family=10, type=1, proto=6, laddr=('::1', 46336, 0, 0), raddr=('::1', 5672, 0, 0)>
2025-05-01 19:56:28,099 - pika.adapters.select_connection - DEBUG - add_callback_threadsafe: added callback=<bound method _AsyncStreamConnector._start_async of <pika.adapters.utils.io_services_utils._AsyncStreamConnector object at 0x7c8f58149220>>
2025-05-01 19:56:28,099 - pika.adapters.select_connection - DEBUG - process_timeouts: invoking callback=<bound method _AsyncStreamConnector._start_async of <pika.adapters.utils.io_services_utils._AsyncStreamConnector object at 0x7c8f58149220>>
2025-05-01 19:56:28,100 - pika.adapters.utils.io_services_utils - DEBUG - _AsyncStreamConnector._start_async(); <socket.socket fd=13, family=10, type=1, proto=6, laddr=('::1', 46336, 0, 0), raddr=('::1', 5672, 0, 0)>
2025-05-01 19:56:28,100 - pika.adapters.utils.io_services_utils - DEBUG - _AsyncStreamConnector._linkup()
2025-05-01 19:56:28,101 - pika.connection - DEBUG - New Connection state: CLOSED (prev=CLOSED)
2025-05-01 19:56:28,101 - pika.callback - DEBUG - Added: {'callback': <bound method Connection._on_connection_start of <SelectConnection CLOSED transport=None params=<ConnectionParameters host=localhost port=5672 virtual_host=/ ssl=False>>>, 'one_shot': True, 'only': None, 'arguments': None, 'calls': 1}
2025-05-01 19:56:28,101 - pika.callback - DEBUG - Added: {'callback': <bound method Connection._on_connection_close_from_broker of <SelectConnection CLOSED transport=None params=<ConnectionParameters host=localhost port=5672 virtual_host=/ ssl=False>>>, 'one_shot': True, 'only': None, 'arguments': None, 'calls': 1}
2025-05-01 19:56:28,101 - pika.callback - DEBUG - Added: {'callback': <bound method Connection._default_on_connection_error of <SelectConnection CLOSED transport=None params=<ConnectionParameters host=localhost port=5672 virtual_host=/ ssl=False>>>, 'one_shot': False, 'only': None, 'arguments': None}
2025-05-01 19:56:28,102 - pika.connection - DEBUG - New Connection state: INIT (prev=CLOSED)
2025-05-01 19:56:28,102 - pika.connection - DEBUG - Using external connection workflow.
2025-05-01 19:56:28,105 - pika.adapters.utils.io_services_utils - DEBUG - _AsyncTransportBase.__init__: <socket.socket fd=13, family=10, type=1, proto=6, laddr=('::1', 46336, 0, 0), raddr=('::1', 5672, 0, 0)>
2025-05-01 19:56:28,105 - pika.adapters.utils.selector_ioloop_adapter - DEBUG - SelectorIOServicesAdapter.set_reader(13, <bound method _AsyncPlaintextTransport._on_socket_readable of <pika.adapters.utils.io_services_utils._AsyncPlaintextTransport object at 0x7c8f581489d0>>)
2025-05-01 19:56:28,105 - pika.adapters.utils.selector_ioloop_adapter - DEBUG - set_reader(13, _) added handler Rd
2025-05-01 19:56:28,106 - pika.adapters.utils.io_services_utils - DEBUG - _linkup(): created transport <pika.adapters.utils.io_services_utils._AsyncPlaintextTransport object at 0x7c8f581489d0>
2025-05-01 19:56:28,106 - pika.connection - DEBUG - New Connection state: PROTOCOL (prev=INIT)
2025-05-01 19:56:28,106 - pika.adapters.utils.selector_ioloop_adapter - DEBUG - SelectorIOServicesAdapter.set_writer(13, <bound method _AsyncPlaintextTransport._on_socket_writable of <pika.adapters.utils.io_services_utils._AsyncPlaintextTransport object at 0x7c8f581489d0>>)
2025-05-01 19:56:28,106 - pika.adapters.utils.selector_ioloop_adapter - DEBUG - set_writer(13, _) updated handler RdWr
2025-05-01 19:56:28,106 - pika.adapters.utils.io_services_utils - DEBUG - Turned on writability watcher: <socket.socket fd=13, family=10, type=1, proto=6, laddr=('::1', 46336, 0, 0), raddr=('::1', 5672, 0, 0)>
2025-05-01 19:56:28,106 - pika.adapters.utils.io_services_utils - DEBUG - _linkup(): introduced transport to protocol <pika.adapters.utils.io_services_utils._AsyncPlaintextTransport object at 0x7c8f581489d0>; _StreamingProtocolShim: <SelectConnection PROTOCOL transport=<pika.adapters.utils.io_services_utils._AsyncPlaintextTransport object at 0x7c8f581489d0> params=<ConnectionParameters host=localhost port=5672 virtual_host=/ ssl=False>>
2025-05-01 19:56:28,107 - pika.adapters.utils.io_services_utils - DEBUG - _AsyncStreamConnector._report_completion((<pika.adapters.utils.io_services_utils._AsyncPlaintextTransport object at 0x7c8f581489d0>, _StreamingProtocolShim: <SelectConnection PROTOCOL transport=<pika.adapters.utils.io_services_utils._AsyncPlaintextTransport object at 0x7c8f581489d0> params=<ConnectionParameters host=localhost port=5672 virtual_host=/ ssl=False>>)); <socket.socket fd=13, family=10, type=1, proto=6, laddr=('::1', 46336, 0, 0), raddr=('::1', 5672, 0, 0)>
2025-05-01 19:56:28,108 - pika.adapters.utils.connection_workflow - INFO - Streaming transport linked up: (<pika.adapters.utils.io_services_utils._AsyncPlaintextTransport object at 0x7c8f581489d0>, _StreamingProtocolShim: <SelectConnection PROTOCOL transport=<pika.adapters.utils.io_services_utils._AsyncPlaintextTransport object at 0x7c8f581489d0> params=<ConnectionParameters host=localhost port=5672 virtual_host=/ ssl=False>>).
2025-05-01 19:56:28,108 - pika.callback - DEBUG - Removing callback #0: {'callback': <bound method Connection._default_on_connection_error of <SelectConnection PROTOCOL transport=<pika.adapters.utils.io_services_utils._AsyncPlaintextTransport object at 0x7c8f581489d0> params=<ConnectionParameters host=localhost port=5672 virtual_host=/ ssl=False>>>, 'one_shot': False, 'only': None, 'arguments': None}
2025-05-01 19:56:28,108 - pika.callback - DEBUG - Added: {'callback': <bound method AMQPConnector._on_amqp_handshake_done of <pika.adapters.utils.connection_workflow.AMQPConnector object at 0x7c8f58148510>>, 'one_shot': False, 'only': None, 'arguments': None}
2025-05-01 19:56:28,108 - pika.callback - DEBUG - Added: {'callback': <bound method AMQPConnector._on_amqp_handshake_done of <pika.adapters.utils.connection_workflow.AMQPConnector object at 0x7c8f58148510>>, 'one_shot': False, 'only': None, 'arguments': None}
2025-05-01 19:56:28,109 - pika.adapters.utils.io_services_utils - DEBUG - _AsyncStreamConnector._cleanup(False)
2025-05-01 19:56:28,109 - pika.adapters.utils.selector_ioloop_adapter - DEBUG - SelectorIOServicesAdapter.remove_writer(13)
2025-05-01 19:56:28,109 - pika.adapters.utils.selector_ioloop_adapter - DEBUG - remove_writer(13) updated handler Rd
2025-05-01 19:56:28,109 - pika.adapters.utils.io_services_utils - DEBUG - Turned off writability watcher: <socket.socket fd=13, family=10, type=1, proto=6, laddr=('::1', 46336, 0, 0), raddr=('::1', 5672, 0, 0)>
2025-05-01 19:56:28,113 - pika.callback - DEBUG - Processing 0:Connection.Start
2025-05-01 19:56:28,113 - pika.callback - DEBUG - Processing use of oneshot callback
2025-05-01 19:56:28,113 - pika.callback - DEBUG - 0 registered uses left
2025-05-01 19:56:28,113 - pika.callback - DEBUG - Removing callback #0: {'callback': <bound method Connection._on_connection_start of <SelectConnection PROTOCOL transport=<pika.adapters.utils.io_services_utils._AsyncPlaintextTransport object at 0x7c8f581489d0> params=<ConnectionParameters host=localhost port=5672 virtual_host=/ ssl=False>>>, 'one_shot': True, 'only': None, 'arguments': None, 'calls': 0}
2025-05-01 19:56:28,114 - pika.callback - DEBUG - Calling <bound method Connection._on_connection_start of <SelectConnection PROTOCOL transport=<pika.adapters.utils.io_services_utils._AsyncPlaintextTransport object at 0x7c8f581489d0> params=<ConnectionParameters host=localhost port=5672 virtual_host=/ ssl=False>>> for "0:Connection.Start"
2025-05-01 19:56:28,114 - pika.connection - DEBUG - New Connection state: START (prev=PROTOCOL)
2025-05-01 19:56:28,114 - pika.callback - DEBUG - Added: {'callback': <bound method Connection._on_connection_tune of <SelectConnection START transport=<pika.adapters.utils.io_services_utils._AsyncPlaintextTransport object at 0x7c8f581489d0> params=<ConnectionParameters host=localhost port=5672 virtual_host=/ ssl=False>>>, 'one_shot': True, 'only': None, 'arguments': None, 'calls': 1}
2025-05-01 19:56:28,114 - pika.adapters.utils.selector_ioloop_adapter - DEBUG - SelectorIOServicesAdapter.set_writer(13, <bound method _AsyncPlaintextTransport._on_socket_writable of <pika.adapters.utils.io_services_utils._AsyncPlaintextTransport object at 0x7c8f581489d0>>)
2025-05-01 19:56:28,114 - pika.adapters.utils.selector_ioloop_adapter - DEBUG - set_writer(13, _) updated handler RdWr
2025-05-01 19:56:28,114 - pika.adapters.utils.io_services_utils - DEBUG - Turned on writability watcher: <socket.socket fd=13, family=10, type=1, proto=6, laddr=('::1', 46336, 0, 0), raddr=('::1', 5672, 0, 0)>
2025-05-01 19:56:28,115 - pika.adapters.utils.io_services_utils - DEBUG - Recv would block on <socket.socket fd=13, family=10, type=1, proto=6, laddr=('::1', 46336, 0, 0), raddr=('::1', 5672, 0, 0)>
2025-05-01 19:56:28,115 - pika.adapters.utils.selector_ioloop_adapter - DEBUG - SelectorIOServicesAdapter.remove_writer(13)
2025-05-01 19:56:28,116 - pika.adapters.utils.selector_ioloop_adapter - DEBUG - remove_writer(13) updated handler Rd
2025-05-01 19:56:28,116 - pika.adapters.utils.io_services_utils - DEBUG - Turned off writability watcher: <socket.socket fd=13, family=10, type=1, proto=6, laddr=('::1', 46336, 0, 0), raddr=('::1', 5672, 0, 0)>
2025-05-01 19:56:28,118 - pika.callback - DEBUG - Processing 0:Connection.Tune
2025-05-01 19:56:28,118 - pika.callback - DEBUG - Processing use of oneshot callback
2025-05-01 19:56:28,118 - pika.callback - DEBUG - 0 registered uses left
2025-05-01 19:56:28,118 - pika.callback - DEBUG - Removing callback #0: {'callback': <bound method Connection._on_connection_tune of <SelectConnection START transport=<pika.adapters.utils.io_services_utils._AsyncPlaintextTransport object at 0x7c8f581489d0> params=<ConnectionParameters host=localhost port=5672 virtual_host=/ ssl=False>>>, 'one_shot': True, 'only': None, 'arguments': None, 'calls': 0}
2025-05-01 19:56:28,118 - pika.callback - DEBUG - Calling <bound method Connection._on_connection_tune of <SelectConnection START transport=<pika.adapters.utils.io_services_utils._AsyncPlaintextTransport object at 0x7c8f581489d0> params=<ConnectionParameters host=localhost port=5672 virtual_host=/ ssl=False>>> for "0:Connection.Tune"
2025-05-01 19:56:28,118 - pika.connection - DEBUG - New Connection state: TUNE (prev=START)
2025-05-01 19:56:28,118 - pika.connection - DEBUG - Creating a HeartbeatChecker: 60
2025-05-01 19:56:28,118 - pika.heartbeat - DEBUG - timeout: 60.000000 send_interval: 30.000000 check_interval: 65.000000
2025-05-01 19:56:28,118 - pika.adapters.select_connection - DEBUG - call_later: added timeout <pika.adapters.select_connection._Timeout object at 0x7c8f57510400> with deadline=69853.909530393 and callback=<bound method HeartbeatChecker._send_heartbeat of <pika.heartbeat.HeartbeatChecker object at 0x7c8f58148d60>>; now=69823.909530393; delay=30.0
2025-05-01 19:56:28,119 - pika.adapters.select_connection - DEBUG - call_later: added timeout <pika.adapters.select_connection._Timeout object at 0x7c8f575107f0> with deadline=69888.909683938 and callback=<bound method HeartbeatChecker._check_heartbeat of <pika.heartbeat.HeartbeatChecker object at 0x7c8f58148d60>>; now=69823.909683938; delay=65
2025-05-01 19:56:28,119 - pika.adapters.utils.selector_ioloop_adapter - DEBUG - SelectorIOServicesAdapter.set_writer(13, <bound method _AsyncPlaintextTransport._on_socket_writable of <pika.adapters.utils.io_services_utils._AsyncPlaintextTransport object at 0x7c8f581489d0>>)
2025-05-01 19:56:28,119 - pika.adapters.utils.selector_ioloop_adapter - DEBUG - set_writer(13, _) updated handler RdWr
2025-05-01 19:56:28,119 - pika.adapters.utils.io_services_utils - DEBUG - Turned on writability watcher: <socket.socket fd=13, family=10, type=1, proto=6, laddr=('::1', 46336, 0, 0), raddr=('::1', 5672, 0, 0)>
2025-05-01 19:56:28,119 - pika.callback - DEBUG - Added: {'callback': <bound method Connection._on_connection_open_ok of <SelectConnection TUNE transport=<pika.adapters.utils.io_services_utils._AsyncPlaintextTransport object at 0x7c8f581489d0> params=<ConnectionParameters host=localhost port=5672 virtual_host=/ ssl=False>>>, 'one_shot': True, 'only': None, 'arguments': None, 'calls': 1}
2025-05-01 19:56:28,119 - pika.adapters.utils.io_services_utils - DEBUG - Recv would block on <socket.socket fd=13, family=10, type=1, proto=6, laddr=('::1', 46336, 0, 0), raddr=('::1', 5672, 0, 0)>
2025-05-01 19:56:28,120 - pika.adapters.utils.selector_ioloop_adapter - DEBUG - SelectorIOServicesAdapter.remove_writer(13)
2025-05-01 19:56:28,120 - pika.adapters.utils.selector_ioloop_adapter - DEBUG - remove_writer(13) updated handler Rd
2025-05-01 19:56:28,120 - pika.adapters.utils.io_services_utils - DEBUG - Turned off writability watcher: <socket.socket fd=13, family=10, type=1, proto=6, laddr=('::1', 46336, 0, 0), raddr=('::1', 5672, 0, 0)>
2025-05-01 19:56:28,121 - pika.callback - DEBUG - Processing 0:Connection.OpenOk
2025-05-01 19:56:28,121 - pika.callback - DEBUG - Processing use of oneshot callback
2025-05-01 19:56:28,122 - pika.callback - DEBUG - 0 registered uses left
2025-05-01 19:56:28,122 - pika.callback - DEBUG - Removing callback #0: {'callback': <bound method Connection._on_connection_open_ok of <SelectConnection TUNE transport=<pika.adapters.utils.io_services_utils._AsyncPlaintextTransport object at 0x7c8f581489d0> params=<ConnectionParameters host=localhost port=5672 virtual_host=/ ssl=False>>>, 'one_shot': True, 'only': None, 'arguments': None, 'calls': 0}
2025-05-01 19:56:28,123 - pika.callback - DEBUG - Calling <bound method Connection._on_connection_open_ok of <SelectConnection TUNE transport=<pika.adapters.utils.io_services_utils._AsyncPlaintextTransport object at 0x7c8f581489d0> params=<ConnectionParameters host=localhost port=5672 virtual_host=/ ssl=False>>> for "0:Connection.OpenOk"
2025-05-01 19:56:28,123 - pika.connection - DEBUG - New Connection state: OPEN (prev=TUNE)
2025-05-01 19:56:28,123 - pika.callback - DEBUG - Processing 0:_on_connection_open_ok
2025-05-01 19:56:28,126 - pika.callback - DEBUG - Calling <bound method AMQPConnector._on_amqp_handshake_done of <pika.adapters.utils.connection_workflow.AMQPConnector object at 0x7c8f58148510>> for "0:_on_connection_open_ok"
2025-05-01 19:56:28,126 - pika.adapters.utils.connection_workflow - DEBUG - AMQPConnector: AMQP handshake attempt completed; state=3; error=None; 'localhost'/(<AddressFamily.AF_INET6: 10>, <SocketKind.SOCK_STREAM: 1>, 6, '', ('::1', 5672, 0, 0))
2025-05-01 19:56:28,126 - pika.adapters.utils.connection_workflow - DEBUG - AMQPConnector: AMQP connection established for 'localhost'/(<AddressFamily.AF_INET6: 10>, <SocketKind.SOCK_STREAM: 1>, 6, '', ('::1', 5672, 0, 0)): <SelectConnection OPEN transport=<pika.adapters.utils.io_services_utils._AsyncPlaintextTransport object at 0x7c8f581489d0> params=<ConnectionParameters host=localhost port=5672 virtual_host=/ ssl=False>>
2025-05-01 19:56:28,126 - pika.adapters.utils.connection_workflow - INFO - AMQPConnector - reporting success: <SelectConnection OPEN transport=<pika.adapters.utils.io_services_utils._AsyncPlaintextTransport object at 0x7c8f581489d0> params=<ConnectionParameters host=localhost port=5672 virtual_host=/ ssl=False>>
2025-05-01 19:56:28,126 - pika.adapters.select_connection - DEBUG - remove_timeout: removing timeout <pika.adapters.select_connection._Timeout object at 0x7c8f57510580> with deadline=69838.885434777 and callback=<bound method AMQPConnector._on_overall_timeout of <pika.adapters.utils.connection_workflow.AMQPConnector object at 0x7c8f58148510>>
2025-05-01 19:56:28,126 - pika.adapters.utils.connection_workflow - DEBUG - Connection attempt completed with <SelectConnection OPEN transport=<pika.adapters.utils.io_services_utils._AsyncPlaintextTransport object at 0x7c8f581489d0> params=<ConnectionParameters host=localhost port=5672 virtual_host=/ ssl=False>>
2025-05-01 19:56:28,127 - pika.adapters.utils.connection_workflow - INFO - AMQPConnectionWorkflow - reporting success: <SelectConnection OPEN transport=<pika.adapters.utils.io_services_utils._AsyncPlaintextTransport object at 0x7c8f581489d0> params=<ConnectionParameters host=localhost port=5672 virtual_host=/ ssl=False>>
2025-05-01 19:56:28,127 - pika.adapters.utils.io_services_utils - DEBUG - Recv would block on <socket.socket fd=13, family=10, type=1, proto=6, laddr=('::1', 46336, 0, 0), raddr=('::1', 5672, 0, 0)>
2025-05-01 19:56:28,127 - pika.adapters.blocking_connection - INFO - Connection workflow succeeded: <SelectConnection OPEN transport=<pika.adapters.utils.io_services_utils._AsyncPlaintextTransport object at 0x7c8f581489d0> params=<ConnectionParameters host=localhost port=5672 virtual_host=/ ssl=False>>
2025-05-01 19:56:28,127 - pika.callback - DEBUG - Added: {'callback': <bound method _CallbackResult.set_value_once of <pika.adapters.blocking_connection._CallbackResult object at 0x7c8f5882e880>>, 'one_shot': False, 'only': None, 'arguments': None}
2025-05-01 19:56:28,127 - pika.connection - DEBUG - Creating channel 1
2025-05-01 19:56:28,127 - pika.callback - DEBUG - Added: {'callback': <bound method Connection._on_channel_cleanup of <SelectConnection OPEN transport=<pika.adapters.utils.io_services_utils._AsyncPlaintextTransport object at 0x7c8f581489d0> params=<ConnectionParameters host=localhost port=5672 virtual_host=/ ssl=False>>>, 'one_shot': True, 'only': <Channel number=1 CLOSED conn=<SelectConnection OPEN transport=<pika.adapters.utils.io_services_utils._AsyncPlaintextTransport object at 0x7c8f581489d0> params=<ConnectionParameters host=localhost port=5672 virtual_host=/ ssl=False>>>, 'arguments': None, 'calls': 1}
2025-05-01 19:56:28,127 - pika.callback - DEBUG - Added: {'callback': <bound method Channel._on_getempty of <Channel number=1 OPENING conn=<SelectConnection OPEN transport=<pika.adapters.utils.io_services_utils._AsyncPlaintextTransport object at 0x7c8f581489d0> params=<ConnectionParameters host=localhost port=5672 virtual_host=/ ssl=False>>>>, 'one_shot': False, 'only': None, 'arguments': None}
2025-05-01 19:56:28,128 - pika.callback - DEBUG - Added: {'callback': <bound method Channel._on_cancel of <Channel number=1 OPENING conn=<SelectConnection OPEN transport=<pika.adapters.utils.io_services_utils._AsyncPlaintextTransport object at 0x7c8f581489d0> params=<ConnectionParameters host=localhost port=5672 virtual_host=/ ssl=False>>>>, 'one_shot': False, 'only': None, 'arguments': None}
2025-05-01 19:56:28,128 - pika.callback - DEBUG - Added: {'callback': <bound method Channel._on_flow of <Channel number=1 OPENING conn=<SelectConnection OPEN transport=<pika.adapters.utils.io_services_utils._AsyncPlaintextTransport object at 0x7c8f581489d0> params=<ConnectionParameters host=localhost port=5672 virtual_host=/ ssl=False>>>>, 'one_shot': False, 'only': None, 'arguments': None}
2025-05-01 19:56:28,128 - pika.callback - DEBUG - Added: {'callback': <bound method Channel._on_close_from_broker of <Channel number=1 OPENING conn=<SelectConnection OPEN transport=<pika.adapters.utils.io_services_utils._AsyncPlaintextTransport object at 0x7c8f581489d0> params=<ConnectionParameters host=localhost port=5672 virtual_host=/ ssl=False>>>>, 'one_shot': True, 'only': None, 'arguments': None, 'calls': 1}
2025-05-01 19:56:28,128 - pika.adapters.utils.selector_ioloop_adapter - DEBUG - SelectorIOServicesAdapter.set_writer(13, <bound method _AsyncPlaintextTransport._on_socket_writable of <pika.adapters.utils.io_services_utils._AsyncPlaintextTransport object at 0x7c8f581489d0>>)
2025-05-01 19:56:28,128 - pika.adapters.utils.selector_ioloop_adapter - DEBUG - set_writer(13, _) updated handler RdWr
2025-05-01 19:56:28,129 - pika.adapters.utils.io_services_utils - DEBUG - Turned on writability watcher: <socket.socket fd=13, family=10, type=1, proto=6, laddr=('::1', 46336, 0, 0), raddr=('::1', 5672, 0, 0)>
2025-05-01 19:56:28,129 - pika.channel - DEBUG - Entering blocking state on frame <Channel.Open(['out_of_band='])>; acceptable_replies=[<class 'pika.spec.Channel.OpenOk'>]
2025-05-01 19:56:28,129 - pika.channel - DEBUG - Adding on_synchronous_complete callback
2025-05-01 19:56:28,129 - pika.callback - DEBUG - Added: {'callback': <bound method Channel._on_synchronous_complete of <Channel number=1 OPENING conn=<SelectConnection OPEN transport=<pika.adapters.utils.io_services_utils._AsyncPlaintextTransport object at 0x7c8f581489d0> params=<ConnectionParameters host=localhost port=5672 virtual_host=/ ssl=False>>>>, 'one_shot': True, 'only': None, 'arguments': None, 'calls': 1}
2025-05-01 19:56:28,129 - pika.channel - DEBUG - Adding passed-in RPC response callback
2025-05-01 19:56:28,129 - pika.callback - DEBUG - Added: {'callback': <bound method Channel._on_openok of <Channel number=1 OPENING conn=<SelectConnection OPEN transport=<pika.adapters.utils.io_services_utils._AsyncPlaintextTransport object at 0x7c8f581489d0> params=<ConnectionParameters host=localhost port=5672 virtual_host=/ ssl=False>>>>, 'one_shot': True, 'only': None, 'arguments': None, 'calls': 1}
2025-05-01 19:56:28,129 - pika.callback - DEBUG - Added: {'callback': <bound method BlockingChannel._on_consumer_cancelled_by_broker of <BlockingChannel impl=<Channel number=1 OPENING conn=<SelectConnection OPEN transport=<pika.adapters.utils.io_services_utils._AsyncPlaintextTransport object at 0x7c8f581489d0> params=<ConnectionParameters host=localhost port=5672 virtual_host=/ ssl=False>>>>>, 'one_shot': False, 'only': None, 'arguments': None}
2025-05-01 19:56:28,130 - pika.callback - DEBUG - Added: {'callback': <bound method _CallbackResult.signal_once of <pika.adapters.blocking_connection._CallbackResult object at 0x7c8f57520b80>>, 'one_shot': False, 'only': None, 'arguments': None}
2025-05-01 19:56:28,130 - pika.callback - DEBUG - Added: {'callback': <bound method BlockingChannel._on_channel_closed of <BlockingChannel impl=<Channel number=1 OPENING conn=<SelectConnection OPEN transport=<pika.adapters.utils.io_services_utils._AsyncPlaintextTransport object at 0x7c8f581489d0> params=<ConnectionParameters host=localhost port=5672 virtual_host=/ ssl=False>>>>>, 'one_shot': False, 'only': <Channel number=1 OPENING conn=<SelectConnection OPEN transport=<pika.adapters.utils.io_services_utils._AsyncPlaintextTransport object at 0x7c8f581489d0> params=<ConnectionParameters host=localhost port=5672 virtual_host=/ ssl=False>>>, 'arguments': None}
2025-05-01 19:56:28,130 - pika.callback - DEBUG - Added: {'callback': <bound method _CallbackResult.set_value_once of <pika.adapters.blocking_connection._CallbackResult object at 0x7c8f57520bc0>>, 'one_shot': False, 'only': None, 'arguments': None}
2025-05-01 19:56:28,130 - pika.adapters.blocking_connection - INFO - Created channel=1
2025-05-01 19:56:28,131 - pika.adapters.utils.selector_ioloop_adapter - DEBUG - SelectorIOServicesAdapter.remove_writer(13)
2025-05-01 19:56:28,131 - pika.adapters.utils.selector_ioloop_adapter - DEBUG - remove_writer(13) updated handler Rd
2025-05-01 19:56:28,131 - pika.adapters.utils.io_services_utils - DEBUG - Turned off writability watcher: <socket.socket fd=13, family=10, type=1, proto=6, laddr=('::1', 46336, 0, 0), raddr=('::1', 5672, 0, 0)>
2025-05-01 19:56:28,133 - pika.callback - DEBUG - Processing 1:Channel.OpenOk
2025-05-01 19:56:28,133 - pika.callback - DEBUG - Processing use of oneshot callback
2025-05-01 19:56:28,133 - pika.callback - DEBUG - 0 registered uses left
2025-05-01 19:56:28,134 - pika.callback - DEBUG - Removing callback #0: {'callback': <bound method Channel._on_synchronous_complete of <Channel number=1 OPENING conn=<SelectConnection OPEN transport=<pika.adapters.utils.io_services_utils._AsyncPlaintextTransport object at 0x7c8f581489d0> params=<ConnectionParameters host=localhost port=5672 virtual_host=/ ssl=False>>>>, 'one_shot': True, 'only': None, 'arguments': None, 'calls': 0}
2025-05-01 19:56:28,134 - pika.callback - DEBUG - Processing use of oneshot callback
2025-05-01 19:56:28,134 - pika.callback - DEBUG - 0 registered uses left
2025-05-01 19:56:28,134 - pika.callback - DEBUG - Removing callback #0: {'callback': <bound method Channel._on_openok of <Channel number=1 OPENING conn=<SelectConnection OPEN transport=<pika.adapters.utils.io_services_utils._AsyncPlaintextTransport object at 0x7c8f581489d0> params=<ConnectionParameters host=localhost port=5672 virtual_host=/ ssl=False>>>>, 'one_shot': True, 'only': None, 'arguments': None, 'calls': 0}
2025-05-01 19:56:28,134 - pika.callback - DEBUG - Calling <bound method Channel._on_synchronous_complete of <Channel number=1 OPENING conn=<SelectConnection OPEN transport=<pika.adapters.utils.io_services_utils._AsyncPlaintextTransport object at 0x7c8f581489d0> params=<ConnectionParameters host=localhost port=5672 virtual_host=/ ssl=False>>>> for "1:Channel.OpenOk"
2025-05-01 19:56:28,134 - pika.channel - DEBUG - 0 blocked frames
2025-05-01 19:56:28,134 - pika.callback - DEBUG - Calling <bound method Channel._on_openok of <Channel number=1 OPENING conn=<SelectConnection OPEN transport=<pika.adapters.utils.io_services_utils._AsyncPlaintextTransport object at 0x7c8f581489d0> params=<ConnectionParameters host=localhost port=5672 virtual_host=/ ssl=False>>>> for "1:Channel.OpenOk"
2025-05-01 19:56:28,135 - pika.adapters.utils.io_services_utils - DEBUG - Recv would block on <socket.socket fd=13, family=10, type=1, proto=6, laddr=('::1', 46336, 0, 0), raddr=('::1', 5672, 0, 0)>
2025-05-01 19:56:28,135 - pika.adapters.utils.selector_ioloop_adapter - DEBUG - SelectorIOServicesAdapter.set_writer(13, <bound method _AsyncPlaintextTransport._on_socket_writable of <pika.adapters.utils.io_services_utils._AsyncPlaintextTransport object at 0x7c8f581489d0>>)
2025-05-01 19:56:28,135 - pika.adapters.utils.selector_ioloop_adapter - DEBUG - set_writer(13, _) updated handler RdWr
2025-05-01 19:56:28,135 - pika.adapters.utils.io_services_utils - DEBUG - Turned on writability watcher: <socket.socket fd=13, family=10, type=1, proto=6, laddr=('::1', 46336, 0, 0), raddr=('::1', 5672, 0, 0)>
2025-05-01 19:56:28,135 - pika.channel - DEBUG - Entering blocking state on frame <Queue.Declare(['arguments={}', 'auto_delete=False', 'durable=False', 'exclusive=False', 'nowait=False', 'passive=False', 'queue=sums', 'ticket=0'])>; acceptable_replies=[(<class 'pika.spec.Queue.DeclareOk'>, {'queue': 'sums'})]
2025-05-01 19:56:28,136 - pika.channel - DEBUG - Adding on_synchronous_complete callback
2025-05-01 19:56:28,136 - pika.callback - DEBUG - Added: {'callback': <bound method Channel._on_synchronous_complete of <Channel number=1 OPEN conn=<SelectConnection OPEN transport=<pika.adapters.utils.io_services_utils._AsyncPlaintextTransport object at 0x7c8f581489d0> params=<ConnectionParameters host=localhost port=5672 virtual_host=/ ssl=False>>>>, 'one_shot': True, 'only': None, 'arguments': {'queue': 'sums'}, 'calls': 1}
2025-05-01 19:56:28,136 - pika.channel - DEBUG - Adding passed-in RPC response callback
2025-05-01 19:56:28,136 - pika.callback - DEBUG - Added: {'callback': <bound method _CallbackResult.set_value_once of <pika.adapters.blocking_connection._CallbackResult object at 0x7c8f5815cf40>>, 'one_shot': True, 'only': None, 'arguments': {'queue': 'sums'}, 'calls': 1}
2025-05-01 19:56:28,136 - pika.adapters.utils.selector_ioloop_adapter - DEBUG - SelectorIOServicesAdapter.remove_writer(13)
2025-05-01 19:56:28,136 - pika.adapters.utils.selector_ioloop_adapter - DEBUG - remove_writer(13) updated handler Rd
2025-05-01 19:56:28,136 - pika.adapters.utils.io_services_utils - DEBUG - Turned off writability watcher: <socket.socket fd=13, family=10, type=1, proto=6, laddr=('::1', 46336, 0, 0), raddr=('::1', 5672, 0, 0)>
2025-05-01 19:56:28,137 - pika.callback - DEBUG - Processing 1:Queue.DeclareOk
2025-05-01 19:56:28,137 - pika.callback - DEBUG - Processing use of oneshot callback
2025-05-01 19:56:28,137 - pika.callback - DEBUG - 0 registered uses left
2025-05-01 19:56:28,137 - pika.callback - DEBUG - Comparing {'queue': 'sums'} to {'queue': 'sums'}
2025-05-01 19:56:28,137 - pika.callback - DEBUG - Removing callback #0: {'callback': <bound method Channel._on_synchronous_complete of <Channel number=1 OPEN conn=<SelectConnection OPEN transport=<pika.adapters.utils.io_services_utils._AsyncPlaintextTransport object at 0x7c8f581489d0> params=<ConnectionParameters host=localhost port=5672 virtual_host=/ ssl=False>>>>, 'one_shot': True, 'only': None, 'arguments': {'queue': 'sums'}, 'calls': 0}
2025-05-01 19:56:28,138 - pika.callback - DEBUG - Processing use of oneshot callback
2025-05-01 19:56:28,138 - pika.callback - DEBUG - 0 registered uses left
2025-05-01 19:56:28,138 - pika.callback - DEBUG - Comparing {'queue': 'sums'} to {'queue': 'sums'}
2025-05-01 19:56:28,138 - pika.callback - DEBUG - Removing callback #0: {'callback': <bound method _CallbackResult.set_value_once of <pika.adapters.blocking_connection._CallbackResult object at 0x7c8f5815cf40>>, 'one_shot': True, 'only': None, 'arguments': {'queue': 'sums'}, 'calls': 0}
2025-05-01 19:56:28,138 - pika.callback - DEBUG - Calling <bound method Channel._on_synchronous_complete of <Channel number=1 OPEN conn=<SelectConnection OPEN transport=<pika.adapters.utils.io_services_utils._AsyncPlaintextTransport object at 0x7c8f581489d0> params=<ConnectionParameters host=localhost port=5672 virtual_host=/ ssl=False>>>> for "1:Queue.DeclareOk"
2025-05-01 19:56:28,138 - pika.channel - DEBUG - 0 blocked frames
2025-05-01 19:56:28,138 - pika.callback - DEBUG - Calling <bound method _CallbackResult.set_value_once of <pika.adapters.blocking_connection._CallbackResult object at 0x7c8f5815cf40>> for "1:Queue.DeclareOk"
2025-05-01 19:56:28,138 - pika.adapters.utils.io_services_utils - DEBUG - Recv would block on <socket.socket fd=13, family=10, type=1, proto=6, laddr=('::1', 46336, 0, 0), raddr=('::1', 5672, 0, 0)>
2025-05-01 19:56:28,138 - root - INFO - Successfully connected to RabbitMQ and declared queue sums
2025-05-01 19:56:28,138 - pika.adapters.utils.selector_ioloop_adapter - DEBUG - SelectorIOServicesAdapter.set_writer(13, <bound method _AsyncPlaintextTransport._on_socket_writable of <pika.adapters.utils.io_services_utils._AsyncPlaintextTransport object at 0x7c8f581489d0>>)
2025-05-01 19:56:28,139 - pika.adapters.utils.selector_ioloop_adapter - DEBUG - set_writer(13, _) updated handler RdWr
2025-05-01 19:56:28,139 - pika.adapters.utils.io_services_utils - DEBUG - Turned on writability watcher: <socket.socket fd=13, family=10, type=1, proto=6, laddr=('::1', 46336, 0, 0), raddr=('::1', 5672, 0, 0)>
2025-05-01 19:56:28,139 - pika.adapters.utils.selector_ioloop_adapter - DEBUG - SelectorIOServicesAdapter.remove_writer(13)
2025-05-01 19:56:28,139 - pika.adapters.utils.selector_ioloop_adapter - DEBUG - remove_writer(13) updated handler Rd
2025-05-01 19:56:28,139 - pika.adapters.utils.io_services_utils - DEBUG - Turned off writability watcher: <socket.socket fd=13, family=10, type=1, proto=6, laddr=('::1', 46336, 0, 0), raddr=('::1', 5672, 0, 0)>
2025-05-01 19:56:28,139 - root - INFO - Message published to queue sums
2025-05-01 19:56:28,139 - internal.adapters.database_initalizer - DEBUG - Requesting cursor via context manager
2025-05-01 19:56:28,140 - internal.adapters.database_initalizer - INFO - Successfully retrieved connection from pool
2025-05-01 19:56:28,142 - root - INFO - Row 7080e1eb-9d69-4448-bfad-d4ecac0cfb97 has been marked as processed
2025-05-01 19:56:28,144 - internal.adapters.database_initalizer - DEBUG - Returning connection to pool
2025-05-01 19:56:28,144 - internal.adapters.database_initalizer - INFO - Connection returned to pool
2025-05-01 19:56:28,145 - root - INFO - Successfully processed and published message ID 7080e1eb-9d69-4448-bfad-d4ecac0cfb97
2025-05-01 19:56:33,146 - root - INFO - Fetching pending messages from outbox
2025-05-01 19:56:33,146 - internal.adapters.database_initalizer - DEBUG - Requesting cursor via context manager
2025-05-01 19:56:33,146 - internal.adapters.database_initalizer - INFO - Successfully retrieved connection from pool
2025-05-01 19:56:33,151 - internal.adapters.database_initalizer - DEBUG - Returning connection to pool
2025-05-01 19:56:33,151 - internal.adapters.database_initalizer - INFO - Connection returned to pool
2025-05-01 19:56:33,152 - root - INFO - There are no outbox messages to be processed
2025-05-01 19:56:38,152 - root - INFO - Fetching pending messages from outbox
2025-05-01 19:56:38,152 - internal.adapters.database_initalizer - DEBUG - Requesting cursor via context manager
2025-05-01 19:56:38,152 - internal.adapters.database_initalizer - INFO - Successfully retrieved connection from pool
2025-05-01 19:56:38,155 - internal.adapters.database_initalizer - DEBUG - Returning connection to pool
2025-05-01 19:56:38,155 - internal.adapters.database_initalizer - INFO - Connection returned to pool
2025-05-01 19:56:38,155 - root - INFO - There are no outbox messages to be processed
2025-05-01 19:56:43,155 - root - INFO - Fetching pending messages from outbox
2025-05-01 19:56:43,155 - internal.adapters.database_initalizer - DEBUG - Requesting cursor via context manager
2025-05-01 19:56:43,156 - internal.adapters.database_initalizer - INFO - Successfully retrieved connection from pool
2025-05-01 19:56:43,158 - internal.adapters.database_initalizer - DEBUG - Returning connection to pool
2025-05-01 19:56:43,158 - internal.adapters.database_initalizer - INFO - Connection returned to pool
2025-05-01 19:56:43,158 - root - INFO - There are no outbox messages to be processed
2025-05-01 19:56:48,158 - root - INFO - Fetching pending messages from outbox
2025-05-01 19:56:48,158 - internal.adapters.database_initalizer - DEBUG - Requesting cursor via context manager
2025-05-01 19:56:48,158 - internal.adapters.database_initalizer - INFO - Successfully retrieved connection from pool
2025-05-01 19:56:48,160 - internal.adapters.database_initalizer - DEBUG - Returning connection to pool
2025-05-01 19:56:48,160 - internal.adapters.database_initalizer - INFO - Connection returned to pool
2025-05-01 19:56:48,160 - root - INFO - There are no outbox messages to be processed
2025-05-01 19:56:53,160 - root - INFO - Fetching pending messages from outbox
2025-05-01 19:56:53,161 - internal.adapters.database_initalizer - DEBUG - Requesting cursor via context manager
2025-05-01 19:56:53,161 - internal.adapters.database_initalizer - INFO - Successfully retrieved connection from pool
2025-05-01 19:56:53,164 - internal.adapters.database_initalizer - DEBUG - Returning connection to pool
2025-05-01 19:56:53,165 - internal.adapters.database_initalizer - INFO - Connection returned to pool
2025-05-01 19:56:53,165 - root - INFO - There are no outbox messages to be processed
2025-05-01 19:56:58,165 - root - INFO - Fetching pending messages from outbox
2025-05-01 19:56:58,165 - internal.adapters.database_initalizer - DEBUG - Requesting cursor via context manager
2025-05-01 19:56:58,165 - internal.adapters.database_initalizer - INFO - Successfully retrieved connection from pool
2025-05-01 19:56:58,167 - internal.adapters.database_initalizer - DEBUG - Returning connection to pool
2025-05-01 19:56:58,167 - internal.adapters.database_initalizer - INFO - Connection returned to pool
2025-05-01 19:56:58,167 - root - INFO - There are no outbox messages to be processed
2025-05-01 19:57:03,167 - root - INFO - Fetching pending messages from outbox
2025-05-01 19:57:03,167 - internal.adapters.database_initalizer - DEBUG - Requesting cursor via context manager
2025-05-01 19:57:03,167 - internal.adapters.database_initalizer - INFO - Successfully retrieved connection from pool
2025-05-01 19:57:03,169 - internal.adapters.database_initalizer - DEBUG - Returning connection to pool
2025-05-01 19:57:03,169 - internal.adapters.database_initalizer - INFO - Connection returned to pool
2025-05-01 19:57:03,171 - root - INFO - There are no outbox messages to be processed
2025-05-01 19:57:08,171 - root - INFO - Fetching pending messages from outbox
2025-05-01 19:57:08,172 - internal.adapters.database_initalizer - DEBUG - Requesting cursor via context manager
2025-05-01 19:57:08,172 - internal.adapters.database_initalizer - INFO - Successfully retrieved connection from pool
2025-05-01 19:57:08,177 - internal.adapters.database_initalizer - DEBUG - Returning connection to pool
2025-05-01 19:57:08,178 - internal.adapters.database_initalizer - INFO - Connection returned to pool
2025-05-01 19:57:08,178 - root - INFO - There are no outbox messages to be processed
2025-05-01 19:57:13,178 - root - INFO - Fetching pending messages from outbox
2025-05-01 19:57:13,178 - internal.adapters.database_initalizer - DEBUG - Requesting cursor via context manager
2025-05-01 19:57:13,178 - internal.adapters.database_initalizer - INFO - Successfully retrieved connection from pool
2025-05-01 19:57:13,180 - internal.adapters.database_initalizer - DEBUG - Returning connection to pool
2025-05-01 19:57:13,180 - internal.adapters.database_initalizer - INFO - Connection returned to pool
2025-05-01 19:57:13,180 - root - INFO - There are no outbox messages to be processed
2025-05-01 19:57:18,180 - root - INFO - Fetching pending messages from outbox
2025-05-01 19:57:18,181 - internal.adapters.database_initalizer - DEBUG - Requesting cursor via context manager
2025-05-01 19:57:18,181 - internal.adapters.database_initalizer - INFO - Successfully retrieved connection from pool
2025-05-01 19:57:18,182 - internal.adapters.database_initalizer - DEBUG - Returning connection to pool
2025-05-01 19:57:18,182 - internal.adapters.database_initalizer - INFO - Connection returned to pool
2025-05-01 19:57:18,182 - root - INFO - There are no outbox messages to be processed
2025-05-01 19:57:23,182 - root - INFO - Fetching pending messages from outbox
2025-05-01 19:57:23,182 - internal.adapters.database_initalizer - DEBUG - Requesting cursor via context manager
2025-05-01 19:57:23,182 - internal.adapters.database_initalizer - INFO - Successfully retrieved connection from pool
2025-05-01 19:57:23,184 - internal.adapters.database_initalizer - DEBUG - Returning connection to pool
2025-05-01 19:57:23,184 - internal.adapters.database_initalizer - INFO - Connection returned to pool
2025-05-01 19:57:23,184 - root - INFO - There are no outbox messages to be processed
2025-05-01 19:57:28,184 - root - INFO - Fetching pending messages from outbox
2025-05-01 19:57:28,184 - internal.adapters.database_initalizer - DEBUG - Requesting cursor via context manager
2025-05-01 19:57:28,185 - internal.adapters.database_initalizer - INFO - Successfully retrieved connection from pool
2025-05-01 19:57:28,187 - internal.adapters.database_initalizer - DEBUG - Returning connection to pool
2025-05-01 19:57:28,187 - internal.adapters.database_initalizer - INFO - Connection returned to pool
2025-05-01 19:57:28,187 - root - INFO - There are no outbox messages to be processed
2025-05-01 19:57:33,187 - root - INFO - Fetching pending messages from outbox
2025-05-01 19:57:33,187 - internal.adapters.database_initalizer - DEBUG - Requesting cursor via context manager
2025-05-01 19:57:33,187 - internal.adapters.database_initalizer - INFO - Successfully retrieved connection from pool
2025-05-01 19:57:33,192 - internal.adapters.database_initalizer - DEBUG - Returning connection to pool
2025-05-01 19:57:33,192 - internal.adapters.database_initalizer - INFO - Connection returned to pool
2025-05-01 19:57:33,192 - root - INFO - There are no outbox messages to be processed
2025-05-01 19:57:38,193 - root - INFO - Fetching pending messages from outbox
2025-05-01 19:57:38,193 - internal.adapters.database_initalizer - DEBUG - Requesting cursor via context manager
2025-05-01 19:57:38,193 - internal.adapters.database_initalizer - INFO - Successfully retrieved connection from pool
2025-05-01 19:57:38,194 - internal.adapters.database_initalizer - DEBUG - Returning connection to pool
2025-05-01 19:57:38,194 - internal.adapters.database_initalizer - INFO - Connection returned to pool
2025-05-01 19:57:38,194 - root - INFO - There are no outbox messages to be processed
2025-05-01 19:57:43,195 - root - INFO - Fetching pending messages from outbox
2025-05-01 19:57:43,195 - internal.adapters.database_initalizer - DEBUG - Requesting cursor via context manager
2025-05-01 19:57:43,195 - internal.adapters.database_initalizer - INFO - Successfully retrieved connection from pool
2025-05-01 19:57:43,197 - internal.adapters.database_initalizer - DEBUG - Returning connection to pool
2025-05-01 19:57:43,197 - internal.adapters.database_initalizer - INFO - Connection returned to pool
2025-05-01 19:57:43,197 - root - INFO - There are no outbox messages to be processed
2025-05-01 19:57:48,197 - root - INFO - Fetching pending messages from outbox
2025-05-01 19:57:48,197 - internal.adapters.database_initalizer - DEBUG - Requesting cursor via context manager
2025-05-01 19:57:48,197 - internal.adapters.database_initalizer - INFO - Successfully retrieved connection from pool
2025-05-01 19:57:48,199 - internal.adapters.database_initalizer - DEBUG - Returning connection to pool
2025-05-01 19:57:48,199 - internal.adapters.database_initalizer - INFO - Connection returned to pool
2025-05-01 19:57:48,199 - root - INFO - There are no outbox messages to be processed
2025-05-01 19:57:53,199 - root - INFO - Fetching pending messages from outbox
2025-05-01 19:57:53,200 - internal.adapters.database_initalizer - DEBUG - Requesting cursor via context manager
2025-05-01 19:57:53,200 - internal.adapters.database_initalizer - INFO - Successfully retrieved connection from pool
2025-05-01 19:57:53,205 - internal.adapters.database_initalizer - DEBUG - Returning connection to pool
2025-05-01 19:57:53,205 - internal.adapters.database_initalizer - INFO - Connection returned to pool
2025-05-01 19:57:53,206 - root - INFO - There are no outbox messages to be processed
2025-05-01 19:57:58,207 - root - INFO - Fetching pending messages from outbox
2025-05-01 19:57:58,207 - internal.adapters.database_initalizer - DEBUG - Requesting cursor via context manager
2025-05-01 19:57:58,207 - internal.adapters.database_initalizer - INFO - Successfully retrieved connection from pool
2025-05-01 19:57:58,208 - internal.adapters.database_initalizer - DEBUG - Returning connection to pool
2025-05-01 19:57:58,208 - internal.adapters.database_initalizer - INFO - Connection returned to pool
2025-05-01 19:57:58,208 - root - INFO - There are no outbox messages to be processed
2025-05-01 19:58:03,209 - root - INFO - Fetching pending messages from outbox
2025-05-01 19:58:03,209 - internal.adapters.database_initalizer - DEBUG - Requesting cursor via context manager
2025-05-01 19:58:03,209 - internal.adapters.database_initalizer - INFO - Successfully retrieved connection from pool
2025-05-01 19:58:03,210 - internal.adapters.database_initalizer - DEBUG - Returning connection to pool
2025-05-01 19:58:03,211 - internal.adapters.database_initalizer - INFO - Connection returned to pool
2025-05-01 19:58:03,211 - root - INFO - There are no outbox messages to be processed
2025-05-01 19:58:08,211 - root - INFO - Fetching pending messages from outbox
2025-05-01 19:58:08,211 - internal.adapters.database_initalizer - DEBUG - Requesting cursor via context manager
2025-05-01 19:58:08,211 - internal.adapters.database_initalizer - INFO - Successfully retrieved connection from pool
2025-05-01 19:58:08,214 - internal.adapters.database_initalizer - DEBUG - Returning connection to pool
2025-05-01 19:58:08,214 - internal.adapters.database_initalizer - INFO - Connection returned to pool
2025-05-01 19:58:08,214 - root - INFO - There are no outbox messages to be processed
2025-05-01 19:58:13,214 - root - INFO - Fetching pending messages from outbox
2025-05-01 19:58:13,215 - internal.adapters.database_initalizer - DEBUG - Requesting cursor via context manager
2025-05-01 19:58:13,215 - internal.adapters.database_initalizer - INFO - Successfully retrieved connection from pool
2025-05-01 19:58:13,221 - internal.adapters.database_initalizer - DEBUG - Returning connection to pool
2025-05-01 19:58:13,222 - internal.adapters.database_initalizer - INFO - Connection returned to pool
2025-05-01 19:58:13,222 - root - INFO - There are no outbox messages to be processed
2025-05-01 19:58:18,222 - root - INFO - Fetching pending messages from outbox
2025-05-01 19:58:18,222 - internal.adapters.database_initalizer - DEBUG - Requesting cursor via context manager
2025-05-01 19:58:18,222 - internal.adapters.database_initalizer - INFO - Successfully retrieved connection from pool
2025-05-01 19:58:18,224 - internal.adapters.database_initalizer - DEBUG - Returning connection to pool
2025-05-01 19:58:18,224 - internal.adapters.database_initalizer - INFO - Connection returned to pool
2025-05-01 19:58:18,224 - root - INFO - There are no outbox messages to be processed
2025-05-01 19:58:19,720 - internal.adapters.database_initalizer - DEBUG - Requesting cursor via context manager
2025-05-01 19:58:19,720 - internal.adapters.database_initalizer - INFO - Successfully retrieved connection from pool
2025-05-01 19:58:19,721 - root - INFO - Row with ID 4909b465-9a27-4013-a99d-b04ab0352534 inserted into outbox table
2025-05-01 19:58:19,724 - internal.adapters.database_initalizer - DEBUG - Returning connection to pool
2025-05-01 19:58:19,724 - internal.adapters.database_initalizer - INFO - Connection returned to pool
2025-05-01 19:58:23,225 - root - INFO - Fetching pending messages from outbox
2025-05-01 19:58:23,225 - internal.adapters.database_initalizer - DEBUG - Requesting cursor via context manager
2025-05-01 19:58:23,225 - internal.adapters.database_initalizer - INFO - Successfully retrieved connection from pool
2025-05-01 19:58:23,230 - internal.adapters.database_initalizer - DEBUG - Returning connection to pool
2025-05-01 19:58:23,230 - internal.adapters.database_initalizer - INFO - Connection returned to pool
2025-05-01 19:58:23,230 - pika.adapters.utils.selector_ioloop_adapter - DEBUG - SelectorIOServicesAdapter.set_writer(13, <bound method _AsyncPlaintextTransport._on_socket_writable of <pika.adapters.utils.io_services_utils._AsyncPlaintextTransport object at 0x7c8f581489d0>>)
2025-05-01 19:58:23,231 - pika.adapters.utils.selector_ioloop_adapter - DEBUG - set_writer(13, _) updated handler RdWr
2025-05-01 19:58:23,231 - pika.adapters.utils.io_services_utils - DEBUG - Turned on writability watcher: <socket.socket fd=13, family=10, type=1, proto=6, laddr=('::1', 46336, 0, 0), raddr=('::1', 5672, 0, 0)>
2025-05-01 19:58:23,231 - pika.adapters.utils.selector_ioloop_adapter - DEBUG - SelectorIOServicesAdapter.remove_writer(13)
2025-05-01 19:58:23,231 - pika.adapters.utils.selector_ioloop_adapter - DEBUG - remove_writer(13) updated handler Rd
2025-05-01 19:58:23,231 - pika.adapters.utils.io_services_utils - DEBUG - Turned off writability watcher: <socket.socket fd=13, family=10, type=1, proto=6, laddr=('::1', 46336, 0, 0), raddr=('::1', 5672, 0, 0)>
2025-05-01 19:58:23,231 - pika.heartbeat - DEBUG - Received heartbeat frame
2025-05-01 19:58:23,231 - pika.heartbeat - DEBUG - Received heartbeat frame
2025-05-01 19:58:23,231 - pika.heartbeat - DEBUG - Received heartbeat frame
2025-05-01 19:58:23,231 - pika.adapters.utils.io_services_utils - DEBUG - Recv would block on <socket.socket fd=13, family=10, type=1, proto=6, laddr=('::1', 46336, 0, 0), raddr=('::1', 5672, 0, 0)>
2025-05-01 19:58:23,231 - pika.heartbeat - DEBUG - Sending heartbeat frame
2025-05-01 19:58:23,232 - pika.heartbeat - DEBUG - Sending heartbeat frame
2025-05-01 19:58:23,232 - pika.adapters.utils.selector_ioloop_adapter - DEBUG - SelectorIOServicesAdapter.set_writer(13, <bound method _AsyncPlaintextTransport._on_socket_writable of <pika.adapters.utils.io_services_utils._AsyncPlaintextTransport object at 0x7c8f581489d0>>)
2025-05-01 19:58:23,232 - pika.adapters.utils.selector_ioloop_adapter - DEBUG - set_writer(13, _) updated handler RdWr
2025-05-01 19:58:23,232 - pika.adapters.utils.io_services_utils - DEBUG - Turned on writability watcher: <socket.socket fd=13, family=10, type=1, proto=6, laddr=('::1', 46336, 0, 0), raddr=('::1', 5672, 0, 0)>
2025-05-01 19:58:23,232 - pika.adapters.select_connection - DEBUG - call_later: added timeout <pika.adapters.select_connection._Timeout object at 0x7c8f57510970> with deadline=69969.022995909 and callback=<bound method HeartbeatChecker._send_heartbeat of <pika.heartbeat.HeartbeatChecker object at 0x7c8f58148d60>>; now=69939.022995909; delay=30.0
2025-05-01 19:58:23,232 - pika.heartbeat - DEBUG - Received 3 heartbeat frames, sent 1, idle intervals 0
2025-05-01 19:58:23,232 - pika.adapters.select_connection - DEBUG - call_later: added timeout <pika.adapters.select_connection._Timeout object at 0x7c8f57510370> with deadline=70004.023139756 and callback=<bound method HeartbeatChecker._check_heartbeat of <pika.heartbeat.HeartbeatChecker object at 0x7c8f58148d60>>; now=69939.023139756; delay=65
2025-05-01 19:58:23,232 - pika.adapters.utils.selector_ioloop_adapter - DEBUG - SelectorIOServicesAdapter.remove_writer(13)
2025-05-01 19:58:23,232 - pika.adapters.utils.selector_ioloop_adapter - DEBUG - remove_writer(13) updated handler Rd
2025-05-01 19:58:23,232 - pika.adapters.utils.io_services_utils - DEBUG - Turned off writability watcher: <socket.socket fd=13, family=10, type=1, proto=6, laddr=('::1', 46336, 0, 0), raddr=('::1', 5672, 0, 0)>
2025-05-01 19:58:23,232 - root - INFO - Message published to queue sums
2025-05-01 19:58:23,233 - internal.adapters.database_initalizer - DEBUG - Requesting cursor via context manager
2025-05-01 19:58:23,233 - internal.adapters.database_initalizer - INFO - Successfully retrieved connection from pool
2025-05-01 19:58:23,237 - root - INFO - Row 4909b465-9a27-4013-a99d-b04ab0352534 has been marked as processed
2025-05-01 19:58:23,238 - internal.adapters.database_initalizer - DEBUG - Returning connection to pool
2025-05-01 19:58:23,238 - internal.adapters.database_initalizer - INFO - Connection returned to pool
2025-05-01 19:58:23,239 - root - INFO - Successfully processed and published message ID 4909b465-9a27-4013-a99d-b04ab0352534
2025-05-01 19:58:28,239 - root - INFO - Fetching pending messages from outbox
2025-05-01 19:58:28,239 - internal.adapters.database_initalizer - DEBUG - Requesting cursor via context manager
2025-05-01 19:58:28,239 - internal.adapters.database_initalizer - INFO - Successfully retrieved connection from pool
2025-05-01 19:58:28,244 - internal.adapters.database_initalizer - DEBUG - Returning connection to pool
2025-05-01 19:58:28,244 - internal.adapters.database_initalizer - INFO - Connection returned to pool
2025-05-01 19:58:28,245 - root - INFO - There are no outbox messages to be processed
2025-05-01 19:58:33,245 - root - INFO - Fetching pending messages from outbox
2025-05-01 19:58:33,245 - internal.adapters.database_initalizer - DEBUG - Requesting cursor via context manager
2025-05-01 19:58:33,245 - internal.adapters.database_initalizer - INFO - Successfully retrieved connection from pool
2025-05-01 19:58:33,248 - internal.adapters.database_initalizer - DEBUG - Returning connection to pool
2025-05-01 19:58:33,248 - internal.adapters.database_initalizer - INFO - Connection returned to pool
2025-05-01 19:58:33,248 - root - INFO - There are no outbox messages to be processed
2025-05-01 19:58:38,249 - root - INFO - Fetching pending messages from outbox
2025-05-01 19:58:38,249 - internal.adapters.database_initalizer - DEBUG - Requesting cursor via context manager
2025-05-01 19:58:38,249 - internal.adapters.database_initalizer - INFO - Successfully retrieved connection from pool
2025-05-01 19:58:38,254 - internal.adapters.database_initalizer - DEBUG - Returning connection to pool
2025-05-01 19:58:38,254 - internal.adapters.database_initalizer - INFO - Connection returned to pool
2025-05-01 19:58:38,254 - root - INFO - There are no outbox messages to be processed
2025-05-01 19:58:42,559 - internal.adapters.database_initalizer - DEBUG - Requesting cursor via context manager
2025-05-01 19:58:42,559 - internal.adapters.database_initalizer - INFO - Successfully retrieved connection from pool
2025-05-01 19:58:42,560 - root - INFO - Row with ID 361e90fd-df3a-4a48-8f04-e0fa84422207 inserted into outbox table
2025-05-01 19:58:42,562 - internal.adapters.database_initalizer - DEBUG - Returning connection to pool
2025-05-01 19:58:42,562 - internal.adapters.database_initalizer - INFO - Connection returned to pool
2025-05-01 19:58:43,255 - root - INFO - Fetching pending messages from outbox
2025-05-01 19:58:43,255 - internal.adapters.database_initalizer - DEBUG - Requesting cursor via context manager
2025-05-01 19:58:43,255 - internal.adapters.database_initalizer - INFO - Successfully retrieved connection from pool
2025-05-01 19:58:43,257 - internal.adapters.database_initalizer - DEBUG - Returning connection to pool
2025-05-01 19:58:43,257 - internal.adapters.database_initalizer - INFO - Connection returned to pool
2025-05-01 19:58:43,258 - pika.adapters.utils.selector_ioloop_adapter - DEBUG - SelectorIOServicesAdapter.set_writer(13, <bound method _AsyncPlaintextTransport._on_socket_writable of <pika.adapters.utils.io_services_utils._AsyncPlaintextTransport object at 0x7c8f581489d0>>)
2025-05-01 19:58:43,258 - pika.adapters.utils.selector_ioloop_adapter - DEBUG - set_writer(13, _) updated handler RdWr
2025-05-01 19:58:43,258 - pika.adapters.utils.io_services_utils - DEBUG - Turned on writability watcher: <socket.socket fd=13, family=10, type=1, proto=6, laddr=('::1', 46336, 0, 0), raddr=('::1', 5672, 0, 0)>
2025-05-01 19:58:43,258 - pika.adapters.utils.selector_ioloop_adapter - DEBUG - SelectorIOServicesAdapter.remove_writer(13)
2025-05-01 19:58:43,259 - pika.adapters.utils.selector_ioloop_adapter - DEBUG - remove_writer(13) updated handler Rd
2025-05-01 19:58:43,259 - pika.adapters.utils.io_services_utils - DEBUG - Turned off writability watcher: <socket.socket fd=13, family=10, type=1, proto=6, laddr=('::1', 46336, 0, 0), raddr=('::1', 5672, 0, 0)>
2025-05-01 19:58:43,259 - pika.heartbeat - DEBUG - Received heartbeat frame
2025-05-01 19:58:43,259 - pika.adapters.utils.io_services_utils - DEBUG - Recv would block on <socket.socket fd=13, family=10, type=1, proto=6, laddr=('::1', 46336, 0, 0), raddr=('::1', 5672, 0, 0)>
2025-05-01 19:58:43,259 - root - INFO - Message published to queue sums
2025-05-01 19:58:43,259 - internal.adapters.database_initalizer - DEBUG - Requesting cursor via context manager
2025-05-01 19:58:43,259 - internal.adapters.database_initalizer - INFO - Successfully retrieved connection from pool
2025-05-01 19:58:43,261 - root - INFO - Row 361e90fd-df3a-4a48-8f04-e0fa84422207 has been marked as processed
2025-05-01 19:58:43,262 - internal.adapters.database_initalizer - DEBUG - Returning connection to pool
2025-05-01 19:58:43,262 - internal.adapters.database_initalizer - INFO - Connection returned to pool
2025-05-01 19:58:43,262 - root - INFO - Successfully processed and published message ID 361e90fd-df3a-4a48-8f04-e0fa84422207
2025-05-01 19:58:48,263 - root - INFO - Fetching pending messages from outbox
2025-05-01 19:58:48,263 - internal.adapters.database_initalizer - DEBUG - Requesting cursor via context manager
2025-05-01 19:58:48,263 - internal.adapters.database_initalizer - INFO - Successfully retrieved connection from pool
2025-05-01 19:58:48,268 - internal.adapters.database_initalizer - DEBUG - Returning connection to pool
2025-05-01 19:58:48,268 - internal.adapters.database_initalizer - INFO - Connection returned to pool
2025-05-01 19:58:48,268 - root - INFO - There are no outbox messages to be processed
2025-05-01 19:58:51,931 - internal.adapters.database_initalizer - DEBUG - Requesting cursor via context manager
2025-05-01 19:58:51,931 - internal.adapters.database_initalizer - INFO - Successfully retrieved connection from pool
2025-05-01 19:58:51,932 - root - INFO - Row with ID ad9d2481-4815-4428-9f48-c7a288f5bd9e inserted into outbox table
2025-05-01 19:58:51,933 - internal.adapters.database_initalizer - DEBUG - Returning connection to pool
2025-05-01 19:58:51,934 - internal.adapters.database_initalizer - INFO - Connection returned to pool
2025-05-01 19:58:53,269 - root - INFO - Fetching pending messages from outbox
2025-05-01 19:58:53,269 - internal.adapters.database_initalizer - DEBUG - Requesting cursor via context manager
2025-05-01 19:58:53,269 - internal.adapters.database_initalizer - INFO - Successfully retrieved connection from pool
2025-05-01 19:58:53,273 - internal.adapters.database_initalizer - DEBUG - Returning connection to pool
2025-05-01 19:58:53,274 - internal.adapters.database_initalizer - INFO - Connection returned to pool
2025-05-01 19:58:53,274 - pika.adapters.utils.selector_ioloop_adapter - DEBUG - SelectorIOServicesAdapter.set_writer(13, <bound method _AsyncPlaintextTransport._on_socket_writable of <pika.adapters.utils.io_services_utils._AsyncPlaintextTransport object at 0x7c8f581489d0>>)
2025-05-01 19:58:53,275 - pika.adapters.utils.selector_ioloop_adapter - DEBUG - set_writer(13, _) updated handler RdWr
2025-05-01 19:58:53,276 - pika.adapters.utils.io_services_utils - DEBUG - Turned on writability watcher: <socket.socket fd=13, family=10, type=1, proto=6, laddr=('::1', 46336, 0, 0), raddr=('::1', 5672, 0, 0)>
2025-05-01 19:58:53,276 - pika.adapters.utils.selector_ioloop_adapter - DEBUG - SelectorIOServicesAdapter.remove_writer(13)
2025-05-01 19:58:53,277 - pika.adapters.utils.selector_ioloop_adapter - DEBUG - remove_writer(13) updated handler Rd
2025-05-01 19:58:53,277 - pika.adapters.utils.io_services_utils - DEBUG - Turned off writability watcher: <socket.socket fd=13, family=10, type=1, proto=6, laddr=('::1', 46336, 0, 0), raddr=('::1', 5672, 0, 0)>
2025-05-01 19:58:53,278 - pika.heartbeat - DEBUG - Sending heartbeat frame
2025-05-01 19:58:53,278 - pika.heartbeat - DEBUG - Sending heartbeat frame
2025-05-01 19:58:53,278 - pika.adapters.utils.selector_ioloop_adapter - DEBUG - SelectorIOServicesAdapter.set_writer(13, <bound method _AsyncPlaintextTransport._on_socket_writable of <pika.adapters.utils.io_services_utils._AsyncPlaintextTransport object at 0x7c8f581489d0>>)
2025-05-01 19:58:53,279 - pika.adapters.utils.selector_ioloop_adapter - DEBUG - set_writer(13, _) updated handler RdWr
2025-05-01 19:58:53,279 - pika.adapters.utils.io_services_utils - DEBUG - Turned on writability watcher: <socket.socket fd=13, family=10, type=1, proto=6, laddr=('::1', 46336, 0, 0), raddr=('::1', 5672, 0, 0)>
2025-05-01 19:58:53,280 - pika.adapters.select_connection - DEBUG - call_later: added timeout <pika.adapters.select_connection._Timeout object at 0x7c8f57510cd0> with deadline=69999.070627598 and callback=<bound method HeartbeatChecker._send_heartbeat of <pika.heartbeat.HeartbeatChecker object at 0x7c8f58148d60>>; now=69969.070627598; delay=30.0
2025-05-01 19:58:53,280 - pika.adapters.utils.selector_ioloop_adapter - DEBUG - SelectorIOServicesAdapter.remove_writer(13)
2025-05-01 19:58:53,281 - pika.adapters.utils.selector_ioloop_adapter - DEBUG - remove_writer(13) updated handler Rd
2025-05-01 19:58:53,281 - pika.adapters.utils.io_services_utils - DEBUG - Turned off writability watcher: <socket.socket fd=13, family=10, type=1, proto=6, laddr=('::1', 46336, 0, 0), raddr=('::1', 5672, 0, 0)>
2025-05-01 19:58:53,281 - root - INFO - Message published to queue sums
2025-05-01 19:58:53,282 - internal.adapters.database_initalizer - DEBUG - Requesting cursor via context manager
2025-05-01 19:58:53,282 - internal.adapters.database_initalizer - INFO - Successfully retrieved connection from pool
2025-05-01 19:58:53,285 - root - INFO - Row ad9d2481-4815-4428-9f48-c7a288f5bd9e has been marked as processed
2025-05-01 19:58:53,288 - internal.adapters.database_initalizer - DEBUG - Returning connection to pool
2025-05-01 19:58:53,289 - internal.adapters.database_initalizer - INFO - Connection returned to pool
2025-05-01 19:58:53,289 - root - INFO - Successfully processed and published message ID ad9d2481-4815-4428-9f48-c7a288f5bd9e
2025-05-01 19:58:58,290 - root - INFO - Fetching pending messages from outbox
2025-05-01 19:58:58,290 - internal.adapters.database_initalizer - DEBUG - Requesting cursor via context manager
2025-05-01 19:58:58,290 - internal.adapters.database_initalizer - INFO - Successfully retrieved connection from pool
2025-05-01 19:58:58,295 - internal.adapters.database_initalizer - DEBUG - Returning connection to pool
2025-05-01 19:58:58,295 - internal.adapters.database_initalizer - INFO - Connection returned to pool
2025-05-01 19:58:58,295 - root - INFO - There are no outbox messages to be processed
2025-05-01 19:59:02,995 - internal.adapters.database_initalizer - DEBUG - Requesting cursor via context manager
2025-05-01 19:59:02,995 - internal.adapters.database_initalizer - INFO - Successfully retrieved connection from pool
2025-05-01 19:59:02,996 - root - INFO - Row with ID b7ea1ed2-e53b-483d-8344-1f34c3ea0400 inserted into outbox table
2025-05-01 19:59:02,997 - internal.adapters.database_initalizer - DEBUG - Returning connection to pool
2025-05-01 19:59:02,998 - internal.adapters.database_initalizer - INFO - Connection returned to pool
2025-05-01 19:59:03,295 - root - INFO - Fetching pending messages from outbox
2025-05-01 19:59:03,296 - internal.adapters.database_initalizer - DEBUG - Requesting cursor via context manager
2025-05-01 19:59:03,296 - internal.adapters.database_initalizer - INFO - Successfully retrieved connection from pool
2025-05-01 19:59:03,300 - internal.adapters.database_initalizer - DEBUG - Returning connection to pool
2025-05-01 19:59:03,301 - internal.adapters.database_initalizer - INFO - Connection returned to pool
2025-05-01 19:59:03,302 - pika.adapters.utils.selector_ioloop_adapter - DEBUG - SelectorIOServicesAdapter.set_writer(13, <bound method _AsyncPlaintextTransport._on_socket_writable of <pika.adapters.utils.io_services_utils._AsyncPlaintextTransport object at 0x7c8f581489d0>>)
2025-05-01 19:59:03,302 - pika.adapters.utils.selector_ioloop_adapter - DEBUG - set_writer(13, _) updated handler RdWr
2025-05-01 19:59:03,303 - pika.adapters.utils.io_services_utils - DEBUG - Turned on writability watcher: <socket.socket fd=13, family=10, type=1, proto=6, laddr=('::1', 46336, 0, 0), raddr=('::1', 5672, 0, 0)>
2025-05-01 19:59:03,304 - pika.adapters.utils.selector_ioloop_adapter - DEBUG - SelectorIOServicesAdapter.remove_writer(13)
2025-05-01 19:59:03,304 - pika.adapters.utils.selector_ioloop_adapter - DEBUG - remove_writer(13) updated handler Rd
2025-05-01 19:59:03,304 - pika.adapters.utils.io_services_utils - DEBUG - Turned off writability watcher: <socket.socket fd=13, family=10, type=1, proto=6, laddr=('::1', 46336, 0, 0), raddr=('::1', 5672, 0, 0)>
2025-05-01 19:59:03,305 - pika.heartbeat - DEBUG - Received heartbeat frame
2025-05-01 19:59:03,305 - pika.adapters.utils.io_services_utils - DEBUG - Recv would block on <socket.socket fd=13, family=10, type=1, proto=6, laddr=('::1', 46336, 0, 0), raddr=('::1', 5672, 0, 0)>
2025-05-01 19:59:03,305 - root - INFO - Message published to queue sums
2025-05-01 19:59:03,306 - internal.adapters.database_initalizer - DEBUG - Requesting cursor via context manager
2025-05-01 19:59:03,306 - internal.adapters.database_initalizer - INFO - Successfully retrieved connection from pool
2025-05-01 19:59:03,310 - root - INFO - Row b7ea1ed2-e53b-483d-8344-1f34c3ea0400 has been marked as processed
2025-05-01 19:59:03,316 - internal.adapters.database_initalizer - DEBUG - Returning connection to pool
2025-05-01 19:59:03,316 - internal.adapters.database_initalizer - INFO - Connection returned to pool
2025-05-01 19:59:03,317 - root - INFO - Successfully processed and published message ID b7ea1ed2-e53b-483d-8344-1f34c3ea0400
2025-05-01 19:59:08,320 - root - INFO - Fetching pending messages from outbox
2025-05-01 19:59:08,320 - internal.adapters.database_initalizer - DEBUG - Requesting cursor via context manager
2025-05-01 19:59:08,320 - internal.adapters.database_initalizer - INFO - Successfully retrieved connection from pool
2025-05-01 19:59:08,324 - internal.adapters.database_initalizer - DEBUG - Returning connection to pool
2025-05-01 19:59:08,324 - internal.adapters.database_initalizer - INFO - Connection returned to pool
2025-05-01 19:59:08,325 - root - INFO - There are no outbox messages to be processed
2025-05-01 19:59:13,325 - root - INFO - Fetching pending messages from outbox
2025-05-01 19:59:13,325 - internal.adapters.database_initalizer - DEBUG - Requesting cursor via context manager
2025-05-01 19:59:13,326 - internal.adapters.database_initalizer - INFO - Successfully retrieved connection from pool
2025-05-01 19:59:13,329 - internal.adapters.database_initalizer - DEBUG - Returning connection to pool
2025-05-01 19:59:13,330 - internal.adapters.database_initalizer - INFO - Connection returned to pool
2025-05-01 19:59:13,330 - root - INFO - There are no outbox messages to be processed
2025-05-01 19:59:18,330 - root - INFO - Fetching pending messages from outbox
2025-05-01 19:59:18,330 - internal.adapters.database_initalizer - DEBUG - Requesting cursor via context manager
2025-05-01 19:59:18,331 - internal.adapters.database_initalizer - INFO - Successfully retrieved connection from pool
2025-05-01 19:59:18,333 - internal.adapters.database_initalizer - DEBUG - Returning connection to pool
2025-05-01 19:59:18,334 - internal.adapters.database_initalizer - INFO - Connection returned to pool
2025-05-01 19:59:18,334 - root - INFO - There are no outbox messages to be processed
2025-05-01 19:59:23,334 - root - INFO - Fetching pending messages from outbox
2025-05-01 19:59:23,334 - internal.adapters.database_initalizer - DEBUG - Requesting cursor via context manager
2025-05-01 19:59:23,334 - internal.adapters.database_initalizer - INFO - Successfully retrieved connection from pool
2025-05-01 19:59:23,336 - internal.adapters.database_initalizer - DEBUG - Returning connection to pool
2025-05-01 19:59:23,336 - internal.adapters.database_initalizer - INFO - Connection returned to pool
2025-05-01 19:59:23,336 - root - INFO - There are no outbox messages to be processed
2025-05-01 19:59:28,336 - root - INFO - Fetching pending messages from outbox
2025-05-01 19:59:28,337 - internal.adapters.database_initalizer - DEBUG - Requesting cursor via context manager
2025-05-01 19:59:28,337 - internal.adapters.database_initalizer - INFO - Successfully retrieved connection from pool
2025-05-01 19:59:28,341 - internal.adapters.database_initalizer - DEBUG - Returning connection to pool
2025-05-01 19:59:28,342 - internal.adapters.database_initalizer - INFO - Connection returned to pool
2025-05-01 19:59:28,342 - root - INFO - There are no outbox messages to be processed
2025-05-01 19:59:33,342 - root - INFO - Fetching pending messages from outbox
2025-05-01 19:59:33,343 - internal.adapters.database_initalizer - DEBUG - Requesting cursor via context manager
2025-05-01 19:59:33,343 - internal.adapters.database_initalizer - INFO - Successfully retrieved connection from pool
2025-05-01 19:59:33,347 - internal.adapters.database_initalizer - DEBUG - Returning connection to pool
2025-05-01 19:59:33,348 - internal.adapters.database_initalizer - INFO - Connection returned to pool
2025-05-01 19:59:33,348 - root - INFO - There are no outbox messages to be processed
2025-05-01 19:59:38,349 - root - INFO - Fetching pending messages from outbox
2025-05-01 19:59:38,349 - internal.adapters.database_initalizer - DEBUG - Requesting cursor via context manager
2025-05-01 19:59:38,349 - internal.adapters.database_initalizer - INFO - Successfully retrieved connection from pool
2025-05-01 19:59:38,354 - internal.adapters.database_initalizer - DEBUG - Returning connection to pool
2025-05-01 19:59:38,354 - internal.adapters.database_initalizer - INFO - Connection returned to pool
2025-05-01 19:59:38,354 - root - INFO - There are no outbox messages to be processed
2025-05-01 19:59:43,355 - root - INFO - Fetching pending messages from outbox
2025-05-01 19:59:43,355 - internal.adapters.database_initalizer - DEBUG - Requesting cursor via context manager
2025-05-01 19:59:43,355 - internal.adapters.database_initalizer - INFO - Successfully retrieved connection from pool
2025-05-01 19:59:43,359 - internal.adapters.database_initalizer - DEBUG - Returning connection to pool
2025-05-01 19:59:43,359 - internal.adapters.database_initalizer - INFO - Connection returned to pool
2025-05-01 19:59:43,360 - root - INFO - There are no outbox messages to be processed
2025-05-01 19:59:48,360 - root - INFO - Fetching pending messages from outbox
2025-05-01 19:59:48,360 - internal.adapters.database_initalizer - DEBUG - Requesting cursor via context manager
2025-05-01 19:59:48,360 - internal.adapters.database_initalizer - INFO - Successfully retrieved connection from pool
2025-05-01 19:59:48,363 - internal.adapters.database_initalizer - DEBUG - Returning connection to pool
2025-05-01 19:59:48,363 - internal.adapters.database_initalizer - INFO - Connection returned to pool
2025-05-01 19:59:48,363 - root - INFO - There are no outbox messages to be processed
2025-05-01 19:59:53,363 - root - INFO - Fetching pending messages from outbox
2025-05-01 19:59:53,363 - internal.adapters.database_initalizer - DEBUG - Requesting cursor via context manager
2025-05-01 19:59:53,363 - internal.adapters.database_initalizer - INFO - Successfully retrieved connection from pool
2025-05-01 19:59:53,365 - internal.adapters.database_initalizer - DEBUG - Returning connection to pool
2025-05-01 19:59:53,365 - internal.adapters.database_initalizer - INFO - Connection returned to pool
2025-05-01 19:59:53,365 - root - INFO - There are no outbox messages to be processed
2025-05-01 19:59:58,365 - root - INFO - Fetching pending messages from outbox
2025-05-01 19:59:58,365 - internal.adapters.database_initalizer - DEBUG - Requesting cursor via context manager
2025-05-01 19:59:58,366 - internal.adapters.database_initalizer - INFO - Successfully retrieved connection from pool
2025-05-01 19:59:58,367 - internal.adapters.database_initalizer - DEBUG - Returning connection to pool
2025-05-01 19:59:58,367 - internal.adapters.database_initalizer - INFO - Connection returned to pool
2025-05-01 19:59:58,367 - root - INFO - There are no outbox messages to be processed
2025-05-01 20:00:03,367 - root - INFO - Fetching pending messages from outbox
2025-05-01 20:00:03,368 - internal.adapters.database_initalizer - DEBUG - Requesting cursor via context manager
2025-05-01 20:00:03,368 - internal.adapters.database_initalizer - INFO - Successfully retrieved connection from pool
2025-05-01 20:00:03,369 - internal.adapters.database_initalizer - DEBUG - Returning connection to pool
2025-05-01 20:00:03,369 - internal.adapters.database_initalizer - INFO - Connection returned to pool
2025-05-01 20:00:03,369 - root - INFO - There are no outbox messages to be processed
2025-05-01 20:00:08,370 - root - INFO - Fetching pending messages from outbox
2025-05-01 20:00:08,370 - internal.adapters.database_initalizer - DEBUG - Requesting cursor via context manager
2025-05-01 20:00:08,370 - internal.adapters.database_initalizer - INFO - Successfully retrieved connection from pool
2025-05-01 20:00:08,373 - internal.adapters.database_initalizer - DEBUG - Returning connection to pool
2025-05-01 20:00:08,373 - internal.adapters.database_initalizer - INFO - Connection returned to pool
2025-05-01 20:00:08,373 - root - INFO - There are no outbox messages to be processed
2025-05-01 20:00:13,373 - root - INFO - Fetching pending messages from outbox
2025-05-01 20:00:13,374 - internal.adapters.database_initalizer - DEBUG - Requesting cursor via context manager
2025-05-01 20:00:13,374 - internal.adapters.database_initalizer - INFO - Successfully retrieved connection from pool
2025-05-01 20:00:13,378 - internal.adapters.database_initalizer - DEBUG - Returning connection to pool
2025-05-01 20:00:13,379 - internal.adapters.database_initalizer - INFO - Connection returned to pool
2025-05-01 20:00:13,379 - root - INFO - There are no outbox messages to be processed
2025-05-01 20:00:14,125 - internal.adapters.database_initalizer - DEBUG - Requesting cursor via context manager
2025-05-01 20:00:14,125 - internal.adapters.database_initalizer - INFO - Successfully retrieved connection from pool
2025-05-01 20:00:14,126 - root - INFO - Row with ID affeeff9-295f-4b72-ab6a-d183dd1ba7e8 inserted into outbox table
2025-05-01 20:00:14,128 - internal.adapters.database_initalizer - DEBUG - Returning connection to pool
2025-05-01 20:00:14,128 - internal.adapters.database_initalizer - INFO - Connection returned to pool
2025-05-01 20:00:18,379 - root - INFO - Fetching pending messages from outbox
2025-05-01 20:00:18,379 - internal.adapters.database_initalizer - DEBUG - Requesting cursor via context manager
2025-05-01 20:00:18,379 - internal.adapters.database_initalizer - INFO - Successfully retrieved connection from pool
2025-05-01 20:00:18,382 - internal.adapters.database_initalizer - DEBUG - Returning connection to pool
2025-05-01 20:00:18,382 - internal.adapters.database_initalizer - INFO - Connection returned to pool
2025-05-01 20:00:18,382 - pika.adapters.utils.selector_ioloop_adapter - DEBUG - SelectorIOServicesAdapter.set_writer(13, <bound method _AsyncPlaintextTransport._on_socket_writable of <pika.adapters.utils.io_services_utils._AsyncPlaintextTransport object at 0x7c8f581489d0>>)
2025-05-01 20:00:18,383 - pika.adapters.utils.selector_ioloop_adapter - DEBUG - set_writer(13, _) updated handler RdWr
2025-05-01 20:00:18,383 - pika.adapters.utils.io_services_utils - DEBUG - Turned on writability watcher: <socket.socket fd=13, family=10, type=1, proto=6, laddr=('::1', 46336, 0, 0), raddr=('::1', 5672, 0, 0)>
2025-05-01 20:00:18,383 - pika.adapters.utils.selector_ioloop_adapter - DEBUG - SelectorIOServicesAdapter.remove_writer(13)
2025-05-01 20:00:18,384 - pika.adapters.utils.selector_ioloop_adapter - DEBUG - remove_writer(13) updated handler Rd
2025-05-01 20:00:18,384 - pika.adapters.utils.io_services_utils - DEBUG - Turned off writability watcher: <socket.socket fd=13, family=10, type=1, proto=6, laddr=('::1', 46336, 0, 0), raddr=('::1', 5672, 0, 0)>
2025-05-01 20:00:18,384 - pika.heartbeat - DEBUG - Received heartbeat frame
2025-05-01 20:00:18,384 - pika.heartbeat - DEBUG - Received heartbeat frame
2025-05-01 20:00:18,384 - pika.adapters.utils.io_services_utils - DEBUG - Recv would block on <socket.socket fd=13, family=10, type=1, proto=6, laddr=('::1', 46336, 0, 0), raddr=('::1', 5672, 0, 0)>
2025-05-01 20:00:18,384 - pika.heartbeat - DEBUG - Sending heartbeat frame
2025-05-01 20:00:18,385 - pika.heartbeat - DEBUG - Sending heartbeat frame
2025-05-01 20:00:18,385 - pika.adapters.utils.selector_ioloop_adapter - DEBUG - SelectorIOServicesAdapter.set_writer(13, <bound method _AsyncPlaintextTransport._on_socket_writable of <pika.adapters.utils.io_services_utils._AsyncPlaintextTransport object at 0x7c8f581489d0>>)
2025-05-01 20:00:18,385 - pika.adapters.utils.selector_ioloop_adapter - DEBUG - set_writer(13, _) updated handler RdWr
2025-05-01 20:00:18,385 - pika.adapters.utils.io_services_utils - DEBUG - Turned on writability watcher: <socket.socket fd=13, family=10, type=1, proto=6, laddr=('::1', 46336, 0, 0), raddr=('::1', 5672, 0, 0)>
2025-05-01 20:00:18,385 - pika.adapters.select_connection - DEBUG - call_later: added timeout <pika.adapters.select_connection._Timeout object at 0x7c8f575112d0> with deadline=70084.176504385 and callback=<bound method HeartbeatChecker._send_heartbeat of <pika.heartbeat.HeartbeatChecker object at 0x7c8f58148d60>>; now=70054.176504385; delay=30.0
2025-05-01 20:00:18,386 - pika.heartbeat - DEBUG - Received 7 heartbeat frames, sent 3, idle intervals 0
2025-05-01 20:00:18,386 - pika.adapters.select_connection - DEBUG - call_later: added timeout <pika.adapters.select_connection._Timeout object at 0x7c8f57511240> with deadline=70119.176883223 and callback=<bound method HeartbeatChecker._check_heartbeat of <pika.heartbeat.HeartbeatChecker object at 0x7c8f58148d60>>; now=70054.176883223; delay=65
2025-05-01 20:00:18,386 - pika.adapters.utils.selector_ioloop_adapter - DEBUG - SelectorIOServicesAdapter.remove_writer(13)
2025-05-01 20:00:18,386 - pika.adapters.utils.selector_ioloop_adapter - DEBUG - remove_writer(13) updated handler Rd
2025-05-01 20:00:18,386 - pika.adapters.utils.io_services_utils - DEBUG - Turned off writability watcher: <socket.socket fd=13, family=10, type=1, proto=6, laddr=('::1', 46336, 0, 0), raddr=('::1', 5672, 0, 0)>
2025-05-01 20:00:18,387 - root - INFO - Message published to queue sums
2025-05-01 20:00:18,387 - internal.adapters.database_initalizer - DEBUG - Requesting cursor via context manager
2025-05-01 20:00:18,387 - internal.adapters.database_initalizer - INFO - Successfully retrieved connection from pool
2025-05-01 20:00:18,389 - root - INFO - Row affeeff9-295f-4b72-ab6a-d183dd1ba7e8 has been marked as processed
2025-05-01 20:00:18,393 - internal.adapters.database_initalizer - DEBUG - Returning connection to pool
2025-05-01 20:00:18,393 - internal.adapters.database_initalizer - INFO - Connection returned to pool
2025-05-01 20:00:18,393 - root - INFO - Successfully processed and published message ID affeeff9-295f-4b72-ab6a-d183dd1ba7e8
2025-05-01 20:00:23,394 - root - INFO - Fetching pending messages from outbox
2025-05-01 20:00:23,394 - internal.adapters.database_initalizer - DEBUG - Requesting cursor via context manager
2025-05-01 20:00:23,394 - internal.adapters.database_initalizer - INFO - Successfully retrieved connection from pool
2025-05-01 20:00:23,396 - internal.adapters.database_initalizer - DEBUG - Returning connection to pool
2025-05-01 20:00:23,396 - internal.adapters.database_initalizer - INFO - Connection returned to pool
2025-05-01 20:00:23,396 - root - INFO - There are no outbox messages to be processed
2025-05-01 20:00:28,396 - root - INFO - Fetching pending messages from outbox
2025-05-01 20:00:28,397 - internal.adapters.database_initalizer - DEBUG - Requesting cursor via context manager
2025-05-01 20:00:28,397 - internal.adapters.database_initalizer - INFO - Successfully retrieved connection from pool
2025-05-01 20:00:28,401 - internal.adapters.database_initalizer - DEBUG - Returning connection to pool
2025-05-01 20:00:28,402 - internal.adapters.database_initalizer - INFO - Connection returned to pool
2025-05-01 20:00:28,402 - root - INFO - There are no outbox messages to be processed
2025-05-01 20:00:33,402 - root - INFO - Fetching pending messages from outbox
2025-05-01 20:00:33,403 - internal.adapters.database_initalizer - DEBUG - Requesting cursor via context manager
2025-05-01 20:00:33,403 - internal.adapters.database_initalizer - INFO - Successfully retrieved connection from pool
2025-05-01 20:00:33,407 - internal.adapters.database_initalizer - DEBUG - Returning connection to pool
2025-05-01 20:00:33,408 - internal.adapters.database_initalizer - INFO - Connection returned to pool
2025-05-01 20:00:33,408 - root - INFO - There are no outbox messages to be processed
2025-05-01 20:00:38,409 - root - INFO - Fetching pending messages from outbox
2025-05-01 20:00:38,409 - internal.adapters.database_initalizer - DEBUG - Requesting cursor via context manager
2025-05-01 20:00:38,409 - internal.adapters.database_initalizer - INFO - Successfully retrieved connection from pool
2025-05-01 20:00:38,413 - internal.adapters.database_initalizer - DEBUG - Returning connection to pool
2025-05-01 20:00:38,413 - internal.adapters.database_initalizer - INFO - Connection returned to pool
2025-05-01 20:00:38,414 - root - INFO - There are no outbox messages to be processed
2025-05-01 20:00:43,414 - root - INFO - Fetching pending messages from outbox
2025-05-01 20:00:43,414 - internal.adapters.database_initalizer - DEBUG - Requesting cursor via context manager
2025-05-01 20:00:43,414 - internal.adapters.database_initalizer - INFO - Successfully retrieved connection from pool
2025-05-01 20:00:43,416 - internal.adapters.database_initalizer - DEBUG - Returning connection to pool
2025-05-01 20:00:43,416 - internal.adapters.database_initalizer - INFO - Connection returned to pool
2025-05-01 20:00:43,416 - root - INFO - There are no outbox messages to be processed
2025-05-01 20:00:45,683 - internal.adapters.database_initalizer - DEBUG - Requesting cursor via context manager
2025-05-01 20:00:45,683 - internal.adapters.database_initalizer - INFO - Successfully retrieved connection from pool
2025-05-01 20:00:45,684 - root - INFO - Row with ID 9fd32b5e-5b74-42f5-bf31-7fe6d6671630 inserted into outbox table
2025-05-01 20:00:45,685 - internal.adapters.database_initalizer - DEBUG - Returning connection to pool
2025-05-01 20:00:45,685 - internal.adapters.database_initalizer - INFO - Connection returned to pool
2025-05-01 20:00:48,416 - root - INFO - Fetching pending messages from outbox
2025-05-01 20:00:48,416 - internal.adapters.database_initalizer - DEBUG - Requesting cursor via context manager
2025-05-01 20:00:48,417 - internal.adapters.database_initalizer - INFO - Successfully retrieved connection from pool
2025-05-01 20:00:48,418 - internal.adapters.database_initalizer - DEBUG - Returning connection to pool
2025-05-01 20:00:48,418 - internal.adapters.database_initalizer - INFO - Connection returned to pool
2025-05-01 20:00:48,418 - pika.adapters.utils.selector_ioloop_adapter - DEBUG - SelectorIOServicesAdapter.set_writer(13, <bound method _AsyncPlaintextTransport._on_socket_writable of <pika.adapters.utils.io_services_utils._AsyncPlaintextTransport object at 0x7c8f581489d0>>)
2025-05-01 20:00:48,418 - pika.adapters.utils.selector_ioloop_adapter - DEBUG - set_writer(13, _) updated handler RdWr
2025-05-01 20:00:48,419 - pika.adapters.utils.io_services_utils - DEBUG - Turned on writability watcher: <socket.socket fd=13, family=10, type=1, proto=6, laddr=('::1', 46336, 0, 0), raddr=('::1', 5672, 0, 0)>
2025-05-01 20:00:48,419 - pika.adapters.utils.selector_ioloop_adapter - DEBUG - SelectorIOServicesAdapter.remove_writer(13)
2025-05-01 20:00:48,419 - pika.adapters.utils.selector_ioloop_adapter - DEBUG - remove_writer(13) updated handler Rd
2025-05-01 20:00:48,419 - pika.adapters.utils.io_services_utils - DEBUG - Turned off writability watcher: <socket.socket fd=13, family=10, type=1, proto=6, laddr=('::1', 46336, 0, 0), raddr=('::1', 5672, 0, 0)>
2025-05-01 20:00:48,419 - pika.heartbeat - DEBUG - Received heartbeat frame
2025-05-01 20:00:48,419 - pika.adapters.utils.io_services_utils - DEBUG - Recv would block on <socket.socket fd=13, family=10, type=1, proto=6, laddr=('::1', 46336, 0, 0), raddr=('::1', 5672, 0, 0)>
2025-05-01 20:00:48,419 - pika.heartbeat - DEBUG - Sending heartbeat frame
2025-05-01 20:00:48,419 - pika.heartbeat - DEBUG - Sending heartbeat frame
2025-05-01 20:00:48,419 - pika.adapters.utils.selector_ioloop_adapter - DEBUG - SelectorIOServicesAdapter.set_writer(13, <bound method _AsyncPlaintextTransport._on_socket_writable of <pika.adapters.utils.io_services_utils._AsyncPlaintextTransport object at 0x7c8f581489d0>>)
2025-05-01 20:00:48,419 - pika.adapters.utils.selector_ioloop_adapter - DEBUG - set_writer(13, _) updated handler RdWr
2025-05-01 20:00:48,419 - pika.adapters.utils.io_services_utils - DEBUG - Turned on writability watcher: <socket.socket fd=13, family=10, type=1, proto=6, laddr=('::1', 46336, 0, 0), raddr=('::1', 5672, 0, 0)>
2025-05-01 20:00:48,420 - pika.adapters.select_connection - DEBUG - call_later: added timeout <pika.adapters.select_connection._Timeout object at 0x7c8f57511480> with deadline=70114.210699283 and callback=<bound method HeartbeatChecker._send_heartbeat of <pika.heartbeat.HeartbeatChecker object at 0x7c8f58148d60>>; now=70084.210699283; delay=30.0
2025-05-01 20:00:48,420 - pika.adapters.utils.selector_ioloop_adapter - DEBUG - SelectorIOServicesAdapter.remove_writer(13)
2025-05-01 20:00:48,420 - pika.adapters.utils.selector_ioloop_adapter - DEBUG - remove_writer(13) updated handler Rd
2025-05-01 20:00:48,420 - pika.adapters.utils.io_services_utils - DEBUG - Turned off writability watcher: <socket.socket fd=13, family=10, type=1, proto=6, laddr=('::1', 46336, 0, 0), raddr=('::1', 5672, 0, 0)>
2025-05-01 20:00:48,420 - root - INFO - Message published to queue sums
2025-05-01 20:00:48,420 - internal.adapters.database_initalizer - DEBUG - Requesting cursor via context manager
2025-05-01 20:00:48,420 - internal.adapters.database_initalizer - INFO - Successfully retrieved connection from pool
2025-05-01 20:00:48,421 - root - INFO - Row 9fd32b5e-5b74-42f5-bf31-7fe6d6671630 has been marked as processed
2025-05-01 20:00:48,433 - internal.adapters.database_initalizer - DEBUG - Returning connection to pool
2025-05-01 20:00:48,433 - internal.adapters.database_initalizer - INFO - Connection returned to pool
2025-05-01 20:00:48,433 - root - INFO - Successfully processed and published message ID 9fd32b5e-5b74-42f5-bf31-7fe6d6671630
2025-05-01 20:00:53,434 - root - INFO - Fetching pending messages from outbox
2025-05-01 20:00:53,434 - internal.adapters.database_initalizer - DEBUG - Requesting cursor via context manager
2025-05-01 20:00:53,434 - internal.adapters.database_initalizer - INFO - Successfully retrieved connection from pool
2025-05-01 20:00:53,439 - internal.adapters.database_initalizer - DEBUG - Returning connection to pool
2025-05-01 20:00:53,439 - internal.adapters.database_initalizer - INFO - Connection returned to pool
2025-05-01 20:00:53,439 - root - INFO - There are no outbox messages to be processed
2025-05-01 20:00:58,439 - root - INFO - Fetching pending messages from outbox
2025-05-01 20:00:58,440 - internal.adapters.database_initalizer - DEBUG - Requesting cursor via context manager
2025-05-01 20:00:58,440 - internal.adapters.database_initalizer - INFO - Successfully retrieved connection from pool
2025-05-01 20:00:58,444 - internal.adapters.database_initalizer - DEBUG - Returning connection to pool
2025-05-01 20:00:58,445 - internal.adapters.database_initalizer - INFO - Connection returned to pool
2025-05-01 20:00:58,445 - root - INFO - There are no outbox messages to be processed
2025-05-01 20:01:03,445 - root - INFO - Fetching pending messages from outbox
2025-05-01 20:01:03,445 - internal.adapters.database_initalizer - DEBUG - Requesting cursor via context manager
2025-05-01 20:01:03,446 - internal.adapters.database_initalizer - INFO - Successfully retrieved connection from pool
2025-05-01 20:01:03,448 - internal.adapters.database_initalizer - DEBUG - Returning connection to pool
2025-05-01 20:01:03,449 - internal.adapters.database_initalizer - INFO - Connection returned to pool
2025-05-01 20:01:03,449 - root - INFO - There are no outbox messages to be processed
2025-05-01 20:01:08,449 - root - INFO - Fetching pending messages from outbox
2025-05-01 20:01:08,449 - internal.adapters.database_initalizer - DEBUG - Requesting cursor via context manager
2025-05-01 20:01:08,449 - internal.adapters.database_initalizer - INFO - Successfully retrieved connection from pool
2025-05-01 20:01:08,451 - internal.adapters.database_initalizer - DEBUG - Returning connection to pool
2025-05-01 20:01:08,451 - internal.adapters.database_initalizer - INFO - Connection returned to pool
2025-05-01 20:01:08,451 - root - INFO - There are no outbox messages to be processed
2025-05-01 20:01:13,451 - root - INFO - Fetching pending messages from outbox
2025-05-01 20:01:13,451 - internal.adapters.database_initalizer - DEBUG - Requesting cursor via context manager
2025-05-01 20:01:13,451 - internal.adapters.database_initalizer - INFO - Successfully retrieved connection from pool
2025-05-01 20:01:13,453 - internal.adapters.database_initalizer - DEBUG - Returning connection to pool
2025-05-01 20:01:13,453 - internal.adapters.database_initalizer - INFO - Connection returned to pool
2025-05-01 20:01:13,453 - root - INFO - There are no outbox messages to be processed
2025-05-01 20:01:18,453 - root - INFO - Fetching pending messages from outbox
2025-05-01 20:01:18,454 - internal.adapters.database_initalizer - DEBUG - Requesting cursor via context manager
2025-05-01 20:01:18,454 - internal.adapters.database_initalizer - INFO - Successfully retrieved connection from pool
2025-05-01 20:01:18,458 - internal.adapters.database_initalizer - DEBUG - Returning connection to pool
2025-05-01 20:01:18,458 - internal.adapters.database_initalizer - INFO - Connection returned to pool
2025-05-01 20:01:18,459 - root - INFO - There are no outbox messages to be processed
2025-05-01 20:01:23,459 - root - INFO - Fetching pending messages from outbox
2025-05-01 20:01:23,459 - internal.adapters.database_initalizer - DEBUG - Requesting cursor via context manager
2025-05-01 20:01:23,459 - internal.adapters.database_initalizer - INFO - Successfully retrieved connection from pool
2025-05-01 20:01:23,461 - internal.adapters.database_initalizer - DEBUG - Returning connection to pool
2025-05-01 20:01:23,461 - internal.adapters.database_initalizer - INFO - Connection returned to pool
2025-05-01 20:01:23,462 - root - INFO - There are no outbox messages to be processed
2025-05-01 20:01:28,462 - root - INFO - Fetching pending messages from outbox
2025-05-01 20:01:28,462 - internal.adapters.database_initalizer - DEBUG - Requesting cursor via context manager
2025-05-01 20:01:28,462 - internal.adapters.database_initalizer - INFO - Successfully retrieved connection from pool
2025-05-01 20:01:28,464 - internal.adapters.database_initalizer - DEBUG - Returning connection to pool
2025-05-01 20:01:28,464 - internal.adapters.database_initalizer - INFO - Connection returned to pool
2025-05-01 20:01:28,464 - root - INFO - There are no outbox messages to be processed
2025-05-01 20:01:33,464 - root - INFO - Fetching pending messages from outbox
2025-05-01 20:01:33,465 - internal.adapters.database_initalizer - DEBUG - Requesting cursor via context manager
2025-05-01 20:01:33,465 - internal.adapters.database_initalizer - INFO - Successfully retrieved connection from pool
2025-05-01 20:01:33,469 - internal.adapters.database_initalizer - DEBUG - Returning connection to pool
2025-05-01 20:01:33,469 - internal.adapters.database_initalizer - INFO - Connection returned to pool
2025-05-01 20:01:33,469 - root - INFO - There are no outbox messages to be processed
2025-05-01 20:01:38,470 - root - INFO - Fetching pending messages from outbox
2025-05-01 20:01:38,470 - internal.adapters.database_initalizer - DEBUG - Requesting cursor via context manager
2025-05-01 20:01:38,470 - internal.adapters.database_initalizer - INFO - Successfully retrieved connection from pool
2025-05-01 20:01:38,471 - internal.adapters.database_initalizer - DEBUG - Returning connection to pool
2025-05-01 20:01:38,471 - internal.adapters.database_initalizer - INFO - Connection returned to pool
2025-05-01 20:01:38,471 - root - INFO - There are no outbox messages to be processed
2025-05-01 20:01:43,472 - root - INFO - Fetching pending messages from outbox
2025-05-01 20:01:43,472 - internal.adapters.database_initalizer - DEBUG - Requesting cursor via context manager
2025-05-01 20:01:43,472 - internal.adapters.database_initalizer - INFO - Successfully retrieved connection from pool
2025-05-01 20:01:43,473 - internal.adapters.database_initalizer - DEBUG - Returning connection to pool
2025-05-01 20:01:43,473 - internal.adapters.database_initalizer - INFO - Connection returned to pool
2025-05-01 20:01:43,473 - root - INFO - There are no outbox messages to be processed
2025-05-01 20:01:48,474 - root - INFO - Fetching pending messages from outbox
2025-05-01 20:01:48,474 - internal.adapters.database_initalizer - DEBUG - Requesting cursor via context manager
2025-05-01 20:01:48,474 - internal.adapters.database_initalizer - INFO - Successfully retrieved connection from pool
2025-05-01 20:01:48,475 - internal.adapters.database_initalizer - DEBUG - Returning connection to pool
2025-05-01 20:01:48,475 - internal.adapters.database_initalizer - INFO - Connection returned to pool
2025-05-01 20:01:48,475 - root - INFO - There are no outbox messages to be processed
2025-05-01 20:01:53,476 - root - INFO - Fetching pending messages from outbox
2025-05-01 20:01:53,476 - internal.adapters.database_initalizer - DEBUG - Requesting cursor via context manager
2025-05-01 20:01:53,476 - internal.adapters.database_initalizer - INFO - Successfully retrieved connection from pool
2025-05-01 20:01:53,480 - internal.adapters.database_initalizer - DEBUG - Returning connection to pool
2025-05-01 20:01:53,481 - internal.adapters.database_initalizer - INFO - Connection returned to pool
2025-05-01 20:01:53,482 - root - INFO - There are no outbox messages to be processed
2025-05-01 20:01:58,483 - root - INFO - Fetching pending messages from outbox
2025-05-01 20:01:58,483 - internal.adapters.database_initalizer - DEBUG - Requesting cursor via context manager
2025-05-01 20:01:58,483 - internal.adapters.database_initalizer - INFO - Successfully retrieved connection from pool
2025-05-01 20:01:58,488 - internal.adapters.database_initalizer - DEBUG - Returning connection to pool
2025-05-01 20:01:58,488 - internal.adapters.database_initalizer - INFO - Connection returned to pool
2025-05-01 20:01:58,488 - root - INFO - There are no outbox messages to be processed
2025-05-01 20:02:03,489 - root - INFO - Fetching pending messages from outbox
2025-05-01 20:02:03,489 - internal.adapters.database_initalizer - DEBUG - Requesting cursor via context manager
2025-05-01 20:02:03,489 - internal.adapters.database_initalizer - INFO - Successfully retrieved connection from pool
2025-05-01 20:02:03,493 - internal.adapters.database_initalizer - DEBUG - Returning connection to pool
2025-05-01 20:02:03,494 - internal.adapters.database_initalizer - INFO - Connection returned to pool
2025-05-01 20:02:03,494 - root - INFO - There are no outbox messages to be processed
2025-05-01 20:02:08,494 - root - INFO - Fetching pending messages from outbox
2025-05-01 20:02:08,494 - internal.adapters.database_initalizer - DEBUG - Requesting cursor via context manager
2025-05-01 20:02:08,494 - internal.adapters.database_initalizer - INFO - Successfully retrieved connection from pool
2025-05-01 20:02:08,496 - internal.adapters.database_initalizer - DEBUG - Returning connection to pool
2025-05-01 20:02:08,496 - internal.adapters.database_initalizer - INFO - Connection returned to pool
2025-05-01 20:02:08,496 - root - INFO - There are no outbox messages to be processed
2025-05-01 20:02:13,496 - root - INFO - Fetching pending messages from outbox
2025-05-01 20:02:13,497 - internal.adapters.database_initalizer - DEBUG - Requesting cursor via context manager
2025-05-01 20:02:13,497 - internal.adapters.database_initalizer - INFO - Successfully retrieved connection from pool
2025-05-01 20:02:13,498 - internal.adapters.database_initalizer - DEBUG - Returning connection to pool
2025-05-01 20:02:13,498 - internal.adapters.database_initalizer - INFO - Connection returned to pool
2025-05-01 20:02:13,499 - root - INFO - There are no outbox messages to be processed
